pmid,title,abstract,authors,journal,publication_date,journal_issue_date,doi,pubmed_url,gene_evidence_level,gene_evidence_genes,mitochondrial_process_evidence_level,mitochondrial_process_evidence,senescence_evidence_level,senescence_evidence,model_evidence_level,model_evidence,omics_evidence_level,omics_evidence,biological_score,biological_score_normalized,biological_rank,semantic_similarity,semantic_rank,semantic_normalized,biological_normalized,hybrid_score,hybrid_rank,primary_gene_count,primary_gene_present,core_mito_process_count,direct_mito_senescence,preferred_model_present,multiomics_present,strong_biological_evidence,phd_priority_feature_score,research_priority,source_file,source_batch,pipeline_version,evidence_source,biological_score_source,semantic_model,priority_feature_source,title_feat,O2_multiomics_integration_level,O3_hub_gene_level,O4_core_mito_process_level,O5_mechanistic_connection_level,hybrid_component,mechanistic_component,hub_component,pathway_component,omics_component,model_component,final_phd_priority_score,final_phd_rank,final_priority_category
42212306,PRKN Ser131 phosphorylation promotes cigarette smoke-induced mitophagy impairment and epithelial cell senescence via MKK3/p38 MAPK activation: An in vitro and in vivo study.,"INTRODUCTION: Cigarette smoke (CS) exposure impairs mitochondrial function and promotes senescence in airway epithelial cells, contributing to the pathogenesis of chronic obstructive pulmonary disease (COPD). However, the molecular mechanisms linking mitophagy dysfunction to cellular senescence remain poorly understood. Parkin (PRKN) is a key regulator of mitophagy, but whether PRKN Ser131 phosphorylation contributes to CS-induced impairment of mitophagy and senescence remains unclear. Therefore, this study aimed to investigate the role of PRKN Ser131 phosphorylation in CS-induced impairment of mitophagy and epithelial cell senescence, and to explore the underlying mechanism. METHODS: This laboratory-based experimental study utilized human bronchial epithelial BEAS-2B cells exposed to cigarette smoke extract (CSE) and a mouse model of CS-induced emphysema. Molecular interventions included mutation of PRKN at Ser131, and knockdown of mitogen-activated protein kinase kinase 3 (MKK3) to modulate the downstream p38 mitogen-activated protein kinase (p38 MAPK) pathway. Mitophagy activity, mitochondrial reactive oxygen species (ROS), and senescence markers were evaluated. RESULTS: Exposure to cigarette smoke extract (CSE) increased MKK3 expression and activated the p38 MAPK pathway, leading to phosphorylation of PRKN at Ser131. This phosphorylation was accompanied by reduced mitophagy-related readouts and increased mitochondrial ROS. Both MKK3 knockdown and modulation of mitochondrial quality-control pathways were associated with improved mitophagy-related readouts and reduced senescence markers under CSE exposure. Moreover, cells expressing the PRKN S131A mutant exhibited significantly improved mitophagy flux, reduced ROS levels, and attenuated senescence compared to wild-type PRKN. In vivo, emphysematous lungs showed increased MKK3 and senescence markers alongside decreased PRKN and PTEN-induced kinase 1 (PINK1) expression. CONCLUSIONS: Our findings suggest that the MKK3/p38 MAPK-PRKN Ser131 axis contributes to CS-induced mitophagy impairment and epithelial senescence. Additional studies are needed to strengthen the evidence and evaluate the translational potential of targeting this pathway in COPD.","Yajie Hu, Jianyu Liu, Mengyu Zhang, Jiajia Qu, Wenqiang Hao, Xinmiao Zhu, Dawei Wu, Shuo Jiang, Yiqing Qu",Tobacco induced diseases,2026-05-27,2026,10.18332/tid/218816,https://pubmed.ncbi.nlm.nih.gov/42212306/,3,PINK1;PRKN,3,mitophagy;mitochondrial ros,3,cellular senescence,0,,0,,48.0,0.7272727272727273,1,0.6187264,25,0.7966118243502253,1.0,0.91864472974009,1,2,1,2,1,0,0,1,13,Very High,,batch003,,,,,,PRKN Ser131 phosphorylation promotes cigarette smoke-induced mitophagy impairment and epithelial cell senescence via MKK3/p38 MAPK activation: An in vitro and in vivo study.,0,2,2,3,0.91864472974009,1.0,1.0,1.0,0.0,0.0,82.15256554090315,1,Critical
42422171,Menaquinone-7 alleviates mitochondrial dysfunction and senescence in senile osteoporosis by targeting the PINK1-mediated mitophagy via PXR/ERK/CREB signaling pathway.,"Current therapeutic strategies for senile osteoporosis inadequately address its low-turnover pathology driven by mitochondrial dysfunction and cellular senescence. This study identifies menaquinone-7 (MK-7), a vitamin K2 isoform, as a novel therapeutic agent targeting mitochondrial homeostasis in senile osteoporosis. Through RNA sequencing analysis and intramedullary adeno-associated virus (AAV)-based gene manipulation in aged mice, cellular communication network factor 2 (Ccn2) was identified as a critical mediator of MK-7's bone-protective effects. Biochemical and proteomic assays revealed that MK-7 binds to the nuclear receptor pregnane X receptor (PXR), activating the extracellular signal-regulated kinases 1/2 (ERK1/2)/cyclic AMP-responsive element-binding protein (CREB) signaling cascade to upregulate Ccn2 in senescent bone marrow mesenchymal stem cells (BMSCs). This pathway enhanced PTEN-induced kinase 1 (PINK1)/Parkin-mediated mitophagy, reducing mitochondrial DNA damage, reactive oxygen species (mtROS), and senescence-associated secretory phenotype (SASP), while restoring metabolic function. MK-7 redirected BMSC differentiation from adipogenic to osteogenic lineages, effectively mitigating age-related bone loss in vivo. Mechanistically, MK-7 stabilized PXR via direct interaction at the F285 residue, as confirmed by drug affinity responsive target stability (DARTS), cellular thermal shift assay (CETSA), and molecular docking. PXR activation further promoted ERK1/2/CREB-dependent Ccn2 expression, which orchestrated mitochondrial quality control and cellular energy metabolism. Our findings establish MK-7 as a dual-function agent that concurrently alleviates senescence and metabolic imbalance in bone tissue, offering a safe and targeted strategy for senile osteoporosis. This study provides critical insights into the pharmacological modulation of mitochondrial pathways and highlights MK-7's translational potential in geriatric bone health.","Yu Xu, Wencan Zhang, Wenpeng Xu, Shangzhi Li, Dingxin Zhang, Xiangyu Lin, Jincheng Liu, Qingyang Fu, Peijie Hu, Haipeng Si",Journal of pharmaceutical analysis,2025-08-09,2026 Jun,10.1016/j.jpha.2025.101432,https://pubmed.ncbi.nlm.nih.gov/42422171/,1,PINK1;PRKN,2,mitophagy;mitochondrial quality control;mitochondrial homeostasis;mitochondrial dysfunction,3,cellular senescence,1,bmsc,1,proteomics,40.0,0.6060606060606061,4,0.58568424,51,0.7277363706701296,0.8333333333333334,0.7910945482680518,6,2,1,3,1,0,0,0,11,Very High,,batch003,,,,,,Menaquinone-7 alleviates mitochondrial dysfunction and senescence in senile osteoporosis by targeting the PINK1-mediated mitophagy via PXR/ERK/CREB signaling pathway.,2,1,2,3,0.7910945482680518,1.0,0.5,1.0,0.6666666666666666,0.0,76.85497585604847,2,Critical
42526698,Inhibition of ETS1/DRP1 axis attenuates intervertebral disc degeneration by suppressing excessive mitochondrial fission.,"Intervertebral disc degeneration (IVDD) is a predominant contributor to low back pain, characterized by nucleus pulposus cell (NPC) senescence, extracellular matrix (ECM) metabolic dysfunction, and chronic inflammation. Excessive mitochondrial fission contributes to IVDD, yet the underlying regulatory mechanisms remain unclear. Herein, we identified ETS proto-oncogene 1 (ETS1) as a critical regulator of mitochondrial fission in human NPCs. ETS1 was upregulated in severe human IVDD and correlated with disc degeneration severity and NPC senescence. Mechanistically, inflammatory cytokines induced ETS1 upregulation, which directly bound to the dynamin 1-like (DNM1L, encoding DRP1) promoter and activated its transcription. Increased DRP1 triggered excessive mitochondrial fission, leading to reactive oxygen species accumulation, NPC senescence, and ECM catabolism. Inhibition of ETS1 via AAV5-mediated RNA interference or targeting DRP1 with CRISPR/dCas9-KRAB system or Mdivi-1 alleviated mitochondrial dysfunction, cellular senescence, ECM degradation, and attenuated IVDD progression. Collectively, our findings revealed the ETS1/DRP1 axis as a novel pathogenic mechanism and a potential therapeutic target in IVDD.","Pengfei Li, Yichen Que, Shuhao Zhang, Ganggang Zhang, Rui Tang, Han Jia, Yasong Zhao, Hongjian Liu, Yuqiang Wang, Yilin Liu",Cellular signalling,2026-07-29,2026 Dec,10.1016/j.cellsig.2026.112769,https://pubmed.ncbi.nlm.nih.gov/42526698/,3,DNM1L,3,mitochondrial fission;mitochondrial dysfunction,3,cellular senescence,0,,0,,48.0,0.7272727272727273,3,0.6101524,17,0.7165443432077703,0.875,0.8116177372831082,2,1,1,1,1,0,0,1,13,Very High,pubmed_articles.csv,batch_001,canonical_literature_v1,phd_evidence_strength_v1,phd_biological_score_v1,sentence-transformers/all-MiniLM-L6-v2,pubmed_phd_priority_features_v1,,0,2,1,3,0.8116177372831082,1.0,1.0,0.5,0.0,0.0,73.4066208049088,3,High
42385795,A critical role for mitochondrial dynamics in cigarette smoke condensate-induced RPE senescence.,"Age-related macular degeneration (AMD) is the leading cause of blindness in the elderly. Its pathogenesis remains incompletely understood, partly due to the complex interplay of genetic risk, aging, and environmental stressors. Cigarette smoking (CS) is a major modifiable risk factor for AMD, yet the mechanism linking CS to disease progression remains unclear. We hypothesized that CS accelerates AMD pathogenesis by exacerbating cellular senescence in the retinal pigment epithelium (RPE), thereby driving age-related RPE dysfunction and degeneration. In this study, differentiated ARPE-19 cells or mice were exposed to low-dose cigarette smoke condensate (CSC) to model stress-induced RPE senescence. CSC induced senescence-associad RPE phenotypes characterized by increased senescence markers, mitochondrial dysfunction, and retinal functional impairment. RPE senescence phenotypes were also detected in mice exposed to 6 months of CS in the smoking chamber. CSC-induced RPE senescence was associated with a biphasic alteration in mitochondrial morphology, progressing from early mitochondrial fragmentation to late mitochondrial hyperfusion, as well as impaired mitophagy flux, reduced mitochondrial turnover, and decreased mitochondrial biogenesis. Mechanistically, CSC increased dynamin-related protein 1 (DRP1) phosphorylation and promoted cleavage of the mitochondrial phosphatase PGAM5, linking reduced DRP1-dependent fission to mitochondrial remodeling, elevated mitochondrial oxidative stress, and activation of mTOR signaling. Notably, overexpression of a DRP1 activity mutant (K38A) mimics the CSC-induced RPE senescence, while overexpression of the phosphodeficient DRP1-S637A mutant significantly attenuates both mTOR signaling and CSC-induced RPE senescence by restoring mitochondrial fission balance, improving mitochondrial quality-control responses, and reducing mitochondrial oxidative stress. Collectively, these findings identify impaired DRP1-dependent mitochondrial remodeling as a key mechanism linking CSC exposure to RPE senescence. While we confirmed the RPE senescence phenotype in mice after chronic CS exposure, the specific mechanisms observed in this study require further validation in a chronic CS model. These findings encourage future research into mitochondrial dynamics and RPE senescence in AMD, suggesting that modulating RPE mitochondrial dynamics holds therapeutic potential for delaying AMD progression.","Qi Zhou, Zunyi Zhang, Yinga Wu, Chunmin Dong, Chen-Chuan Wu, James T Handa, Jing Ma, Shusheng Wang",Free radical biology & medicine,2026-07-01,2026 Oct,10.1016/j.freeradbiomed.2026.06.060,https://pubmed.ncbi.nlm.nih.gov/42385795/,3,DNM1L,3,mitochondrial fission;mitochondrial dynamics;mitophagy;mitochondrial biogenesis;mitochondrial dysfunction,3,cellular senescence;senescence phenotype,1,rpe,0,,51.0,0.7727272727272727,2,0.5603476,41,0.6157277651185545,0.9375,0.8087911060474218,3,1,1,4,1,0,0,1,13,Very High,pubmed_articles.csv,batch_001,canonical_literature_v1,phd_evidence_strength_v1,phd_biological_score_v1,sentence-transformers/all-MiniLM-L6-v2,pubmed_phd_priority_features_v1,,0,1,2,3,0.8087911060474218,1.0,0.5,1.0,0.0,0.0,70.80768871165975,4,High
42216043,Inhibiting the Hif-1α-Drp1 axis alleviates mitochondrial dysfunction and reduces senescence-like changes in myocardial tissue after acute myocardial infarction.,"BACKGROUND: Cellular senescence is a significant pathological process in acute myocardial infarction (AMI), yet its upstream regulatory mechanisms remain unclear. This study reveals that the HIF-1α /Drp1 signaling axis serves as a critical link between hypoxia and senescence-like changes in myocardial tissue by disrupting mitochondrial homeostasis. METHODS: Using rat AMI model (in vivo) and hypoxia‑exposed H9c2 cardiomyocytes (in vitro), we assessed mitochondrial morphology, mtROS, and senescence markers. Genetic gain‑ and loss‑of‑function approaches were applied to modulate Drp1 and HIF‑1α. We further evaluated the effects of the mitochondrial fission inhibitor Mdivi‑1 and the SASP inhibitor Ruxolitinib on mitochondrial function, senescence, and apoptosis. RESULTS: AMI/hypoxia activated the ERK1/2-Akt pathway, promoting Drp1 Ser616 phosphorylation and mitochondrial translocation, leading to excessive fission, mtROS burst, and senescence-like changes in myocardial tissue (in vivo) / cardiomyocyte senescence (in H9c2 cells). HIF-1α transcriptionally regulated Drp1 expression. Mdivi-1 restored mitochondrial dynamics, reduced SASP-related inflammation, and improved cardiac function, indicating a myocardial protective effect. Ruxolitinib suppressed Drp1 Ser616 phosphorylation and alleviated senescence, apoptosis, and pyroptosis. CONCLUSION: HIF-1α-mediated upregulation of Drp1 and ERK-dependent phosphorylation of Drp1 collectively drive mitochondrial dysfunction and senescence-like changes in myocardial tissue in AMI. Targeting these pathways or the SASP pathway represents a promising therapeutic strategy.","Peng Yang, Yiheng Yang, Xiao Huang, Hongmin Zhu, Yuliang Zhan, Xinyong Cai, Zhenzhong Zheng, Qingshan Tian",Biology direct,2026-05-29,2026 May 29,10.1186/s13062-026-00847-8,https://pubmed.ncbi.nlm.nih.gov/42216043/,2,DNM1L,3,mitochondrial fission;mitochondrial dynamics;mitochondrial homeostasis;mitochondrial dysfunction,1,cellular senescence,1,myocardial,0,,35.0,0.5303030303030303,18,0.67524314,7,0.9144193801522672,0.7291666666666666,0.8032677520609068,5,1,1,3,0,0,0,0,6,Very High,,batch003,,,,,,Inhibiting the Hif-1α-Drp1 axis alleviates mitochondrial dysfunction and reduces senescence-like changes in myocardial tissue after acute myocardial infarction.,0,1,2,3,0.8032677520609068,1.0,0.5,1.0,0.0,0.0,70.61437132213173,5,High
42069238,Metformin attenuates lens epithelial cell senescence by suppressing cGAS-STING via SIRT1-PGC-1α-mediated mitochondrial fission.,"UVB-induced lens epithelial cell (LEC) senescence is among the important factors involved in the pathogenesis of age-related cataract (ARC). This study aimed to investigate the anti-aging effect of metformin (Met) and to elucidate the molecular mechanisms underlying this effect. RNA sequencing, nontargeted metabolomics analysis and network pharmacology were conducted. The expression of senescence indicators (P53 and P21Cip1) and senescence-associated β-galactosidase (SA-β-gal) activity were assessed. Mitochondrial function and dynamics were evaluated by measuring the mitochondrial membrane potential (MMP), transmission electron microscope (TEM), and Western blotting. Cytosolic mtDNA was visualized by fluorescence staining, and the activation of the SIRT1-PGC-1α pathway and the cGAS-STING pathway were analysed by Western blotting. Our findings indicated that cellular senescence was predominantly responsible for UVB-induced cataract. Met attenuated UVB-induced cataract by inhibiting the senescence phenotype. Mechanistically, Met activated the SIRT1-PGC-1α pathway to inhibit mitochondrial fragmentation. This attenuation of mitochondrial fragmentation reduced mtDNA release into the cytosol, thereby inhibiting the activation of the cGAS-STING-mediated LEC senescence. Our findings on the efficacy of Met pave the way for the development of new pharmacological strategies to prevent cataract development.","Jialin Luo, Chaoqun Wei, Liyao Sun, Huirui Liu, Yu Mi, Qi An, Chen Yang, Xiaohan Yu, Zijian Yu, Hongyan Ge",Experimental gerontology,2026-04-30,2026 Jun 15,10.1016/j.exger.2026.113157,https://pubmed.ncbi.nlm.nih.gov/42069238/,0,,2,mitochondrial fission;mitochondrial membrane potential,3,cellular senescence;senescence phenotype,0,,1,metabolomics,33.0,0.5,20,0.6483337,12,0.858327408916812,0.6875,0.7558309635667249,10,0,0,2,1,0,0,0,7,Very High,,batch003,,,,,,Metformin attenuates lens epithelial cell senescence by suppressing cGAS-STING via SIRT1-PGC-1α-mediated mitochondrial fission.,2,0,2,3,0.7558309635667249,1.0,0.0,1.0,0.6666666666666666,0.0,68.12075039150204,6,High
42503023,Unveiling the AcSirt2-FOXO-Mitophagy Axis: Insights Into Mitochondrial Quality Control and Delayed Aging in Apis cerana.,"Cellular senescence is closely associated with mitochondrial dysfunction. Sirtuin 2 (Sirt2), a member of the Sirtuin deacetylases family, plays a pivotal role in regulating energy metabolism and aging in mammals. However, its function in social insect aging remains unclear. Here, using the Eastern honey bee (Apis cerana) as a model, we demonstrate that the age-related downregulation of A. cerana Sirt2 (AcSirt2) in brain tissue is coupled with progressive mitochondrial damage, reactive oxygen species (ROS) accumulation, and a biphasic change in autophagy activity. Conversely, overexpression of AcSirt2 alleviates cellular senescence by promoting mitochondrial fusion/fission balance (via Mfn1, Mfn2, and Drp1), activating the PINK1/Parkin-mediated mitophagy pathway, improving mitochondrial integrity, reducing oxidative stress, and enhancing ATP production. In vivo, AcSirt2 knockdown shortens honey bee lifespan and impairs locomotor ability, whereas its activation reverses these aging phenotypes. Furthermore, we show that AcSirt2 interacts with the transcription factor FOXO and mediates its deacetylation. This study reveals for the first time that the AcSirt2-FOXO-mitophagy axis delays aging by maintaining mitochondrial homeostasis in a social insect, providing novel insights into the development of anti-aging strategies and the promotion of healthy beekeeping.","Qiang Ma, Zhengang Ma, Tingyue Huang, Qianmin Hai, Xiaoqun Dang, Jinshan Xu, Jialing Bao, Zachary Y Huang, Zeyang Zhou",Aging cell,,2026 Aug,10.1111/acel.70645,https://pubmed.ncbi.nlm.nih.gov/42503023/,3,DNM1L;MFN1;MFN2;PINK1;PRKN,3,mitochondrial fusion;mitophagy;mitochondrial quality control;mitochondrial homeostasis;mitochondrial dysfunction,1,cellular senescence,0,,0,,36.0,0.5454545454545454,8,0.594587,42,0.7462939236268676,0.75,0.7485175694507471,12,5,1,4,0,0,0,0,6,High,,batch003,,,,,,Unveiling the AcSirt2-FOXO-Mitophagy Axis: Insights Into Mitochondrial Quality Control and Delayed Aging in Apis cerana.,0,2,2,2,0.7485175694507471,0.6666666666666666,1.0,1.0,0.0,0.0,67.86478159744281,7,High
41990575,FTMT-mediated suppression of mitophagy links iron accumulation to osteoporosis.,"Primary osteoporosis is a major age-related disease with a significant global health burden. While iron accumulation is a known risk factor, the mechanisms linking it to bone loss remain unclear. Here, we report that impaired mitophagy in bone marrow mesenchymal stem cells (BMSCs) is a hallmark of osteoporosis and is critically exacerbated by iron accumulation. We found that iron accumulation in BMSCs inhibits mitophagy, leading to mitochondrial dysfunction, increased oxidative stress, and cellular senescence, ultimately impairing osteogenic differentiation. Importantly, targeted activation of mitophagy, either pharmacologically or genetically, restored mitochondrial health, reduced senescence, and rescued bone formation. Conversely, Pink1 deficiency in BMSCs was sufficient to induce osteoporosis. Mechanistically, we identified that the mitochondrial ferritin FTMT is upregulated under iron-loading conditions and binds to PINK1, suppressing its phosphorylation and thereby preventing mitophagy initiation. This pathway is clinically relevant, as BMSCs from osteoporotic patients with high ferritin levels showed elevated FTMT and reduced PINK1 phosphorylation. Therefore, we identify a novel pathway in which FTMT-mediated disruption of mitophagy drives iron-induced osteoporosis. Our findings highlight mitophagy activation as a therapeutic strategy to prevent and treat bone loss under iron accumulation.","Ruizhi Zhang, Yike Wang, Lei Li, Junjie Li, Guangchen Feng, Yutong Hu, Gongwen Liu, Xiongyi Wang, Jiajun Zhang, Peng Wei, Houfu Lai, Keyu Zhu, Xiao Wang, Xueqin Gao, Wen Wei, Yixuan Fang, Jianrong Wang, Na Yuan, Youjia Xu",Redox biology,2026-04-06,2026 Jun,10.1016/j.redox.2026.104157,https://pubmed.ncbi.nlm.nih.gov/41990575/,2,PINK1,3,mitophagy;mitochondrial dysfunction,3,cellular senescence,0,,0,,44.0,0.6666666666666666,2,0.5620693,67,0.6785116920738081,0.9166666666666666,0.8214046768295231,4,1,1,1,1,0,0,1,13,Very High,,batch003,,,,,,FTMT-mediated suppression of mitophagy links iron accumulation to osteoporosis.,0,1,1,3,0.8214046768295231,1.0,0.5,0.5,0.0,0.0,66.24916368903331,8,High
42249092,TIA-1 promotes FUNDC1-mediated mitophagy to protect against stress-induced cellular senescence.,"Mitochondrial dysfunction, characterized by reduced mitophagy, excessive mitochondrial elongation, and elevated reactive oxygen species production, is a hallmark of cellular senescence. However, the molecular mechanisms linking impairment of redox balance to mitophagy suppression during senescence remain poorly understood. In this study, we identified TIA-1, an RNA-binding protein, as a positive regulator of FUNDC1 expression, a key receptor for ubiquitin-independent mitophagy. Sodium butyrate and ultraviolet-B irradiation triggered oxidative stress-associated senescence in HaCaT cells, leading to reduced TIA-1 expression, decreased FUNDC1 levels, impaired mitophagy flux, excessive mitochondrial elongation, and upregulation of senescence markers. Conversely, ectopic expression of TIA-1 restored FUNDC1 levels, enhanced mitophagy, improved mitochondrial function, and reduced senescence marker expression. Ribonucleoprotein immunoprecipitation assays confirmed that TIA-1 directly interacts with FUNDC1 mRNA, and subsequent analyses indicated that TIA-1 enhances FUNDC1 expression primarily through translational control. Together, these findings establish TIA-1 as a pivotal regulator of mitochondrial homeostasis during cellular stress, acting through FUNDC1 to sustain mitophagy and limit senescence. Targeting TIA-1 may offer new strategies to mitigate mitochondrial dysfunction and restore redox balance in aging and age-related diseases.","Seongho Cha, Myeongwoo Jung, Hyosun Tak, Seungyeon Ryu, Sukyoung Han, Dongwoo Chae, Jiyoon Kim, Seung Min Jeong, Wook Kim, Eun Kyung Lee",Experimental & molecular medicine,2026-06-05,2026 Jun,10.1038/s12276-026-01752-w,https://pubmed.ncbi.nlm.nih.gov/42249092/,0,,2,mitophagy;mitochondrial homeostasis;mitochondrial dysfunction,3,cellular senescence,0,,0,,30.0,0.4545454545454545,32,0.7161961,2,0.9997846740538404,0.625,0.7749138696215362,8,0,0,2,1,0,0,0,7,Very High,,batch003,,,,,,TIA-1 promotes FUNDC1-mediated mitophagy to protect against stress-induced cellular senescence.,0,0,2,3,0.7749138696215362,1.0,0.0,1.0,0.0,0.0,62.12198543675377,9,High
42218500,ACOD1 deficiency promotes DDX1 methylation-mediated mitochondrial dysfunction and dermal papilla cell senescence in androgenetic alopecia.,"BACKGROUND: Androgenetic alopecia (AGA), the most prevalent form of hair loss, is driven by the dysfunction of dermal papilla cells (DPCs). Emerging evidence implicates DPC senescence in the pathogenesis of AGA; however, the underlying molecular mechanisms remain incompletely elucidated. METHODS: We employed a multi-faceted experimental approach, including analyses of human scalp tissues, primary DPCs, a dihydrotestosterone (DHT)-induced AGA mouse model, and immortalized DPCs stimulated with DHT. Cellular senescence was evaluated via expression of senescence markers (p16INK4a, p21, p53) and senescence-associated β-galactosidase staining. Cell proliferation, migration, and apoptosis were also assessed. Mitochondrial function was evaluated using transmission electron microscopy, MitoTracker, MitoSOX, JC-1, and Seahorse assays. RNA sequencing and bioinformatics analyses were performed to identify differentially expressed genes. The interaction between Aconitate Decarboxylase 1 (ACOD1) and DDX1 was verified via co-immunoprecipitation, mass spectrometry, and molecular docking. Metabolomic analysis was performed to profile intracellular metabolic alterations. Functional experiments included ACOD1 knockdown/overexpression and exogenous supplementation with 4-octyl itaconate (4-OI). Hair follicle morphology and hair loss in AGA mice were evaluated following 4-OI treatment. RESULTS: Senescence markers were significantly elevated in AGA DPCs, accompanied by increased senescence-associated β-galactosidase staining, reduced cell proliferation and migration, and enhanced apoptosis. DHT-induced mitochondrial dysfunction in DPCs was characterized by increased mitochondrial fragmentation, decreased mitochondrial cristae, superoxide accumulation, reduced membrane potential, and impaired oxidative phosphorylation. RNA sequencing identified ACOD1 as significantly downregulated in DHT-treated DPCs. ACOD1 knockdown induced mitochondrial dysfunction, cellular senescence, and functional impairment in DPCs, while ACOD1 overexpression ameliorated these DHT-induced phenotypes. Mechanistically, ACOD1 interacted with DDX1 to inhibit its methylation; ACOD1 knockdown enhanced DDX1 methylation, correlating with mitochondrial dysfunction and DPC senescence. Metabolomic analysis demonstrated that ACOD1 knockdown significantly reduced itaconate levels. Exogenous 4-OI supplementation reduced DDX1 methylation, ameliorated DHT-induced mitochondrial dysfunction and cellular senescence, promoted cell proliferation and migration, suppressed apoptosis, mitigated hair follicle miniaturization, and alleviated hair loss in AGA mice. CONCLUSIONS: Our findings reveal a novel mechanism underlying DPC senescence in AGA, wherein ACOD1 deficiency promotes DDX1 methylation, mitochondrial dysfunction, and subsequent DPC senescence. ACOD1 represents a promising therapeutic target for AGA, and 4-OI may have translational potential for the treatment of AGA.","Min Zhao, Qiaofang Wu, Yunbu Ding, Changpei Lu, Yimei Du, Xuewen Lin, Lingbo Bi, Chaofan Wang, Jie Ji, Weiling Sun, Weixin Fan",BMC medicine,2026-05-30,2026 May 30,10.1186/s12916-026-04967-w,https://pubmed.ncbi.nlm.nih.gov/42218500/,0,,3,mitochondrial dysfunction,3,cellular senescence,0,,2,proteomics;metabolomics,42.0,0.6363636363636364,3,0.6138939,30,0.7865386139454253,0.875,0.8396154455781701,2,0,0,0,1,0,1,1,10,Very High,,batch003,,,,,,ACOD1 deficiency promotes DDX1 methylation-mediated mitochondrial dysfunction and dermal papilla cell senescence in androgenetic alopecia.,2,0,0,3,0.8396154455781701,1.0,0.0,0.0,0.6666666666666666,0.0,61.05320726190262,10,High
42105790,FMO1 disrupts mitochondrial functional homeostasis through ROS-mediated mechanisms to drive chondrocyte senescence and hypertrophy.,"OBJECTIVE: The induced membrane technique is a clinical strategy for managing large bone defects, which relies on endochondral ossification. However, the metabolic mechanisms regulating this process remain largely uncharacterized. We utilized scRNA-seq to analyze chondro-osseous dynamics during membrane-induced osteogenesis, with a specific focus on the role of FMO1. METHODS: Following the scRNA-seq profiling of human induced membranes, FMO1 function was examined using in vivo and in vitro models of triiodothyronine (T3)-induced chondrocyte hypertrophy. Mechanistic investigations incorporated FMO1 genetic knockdown and overexpression, pharmacological inhibition (methimazole), targeted mitochondrial functional assays, and senolytic clearance (ABT-263). RESULTS: FMO1, an enzyme typically associated with xenobiotic metabolism, was upregulated during chondrocyte hypertrophy. Both T3 stimulation and direct FMO1 overexpression increased intracellular and mitochondrial reactive oxygen species. This localized oxidative stress altered mitochondrial homeostasis by shifting organelle dynamics toward fission, characterized by Drp1 upregulation and Mfn1/2 downregulation. This structural imbalance induced cellular senescence via the p16/p21 axis, resulting in abnormal matrix mineralization and increased expression of catabolic markers (COL10A1, MMP13). Genetic knockdown or pharmacological inhibition of FMO1, as well as the clearance of senescent cells, reduced these hypertrophic and senescent phenotypes. CONCLUSIONS: We describe an FMO1-ROS-mitochondria axis that links metabolic oxidative stress to chondrocyte senescence. While baseline FMO1 expression occurs during physiological bone repair, its sustained activation drives pathological calcification and cartilage degeneration. Targeting this axis presents a potential biological strategy for modulating the osteogenic microenvironment and managing cartilage disorders.","Ruohui Tang, Debin Guo, Shidan Li, Shaochuan Wang, Jin Yin, Jing Yang, Jingze Yang, Jun Fei, Zhaowen Zhou",Free radical biology & medicine,2026-05-07,2026 Aug 16,10.1016/j.freeradbiomed.2026.04.158,https://pubmed.ncbi.nlm.nih.gov/42105790/,1,DNM1L;MFN1,2,mitochondrial homeostasis,3,cellular senescence;senescent cells,1,chondrocyte,0,,37.0,0.5606060606060606,10,0.5141922,55,0.5222984272166057,0.6458333333333334,0.5964193708866423,19,2,1,1,1,0,0,0,11,High,pubmed_articles.csv,batch_001,canonical_literature_v1,phd_evidence_strength_v1,phd_biological_score_v1,sentence-transformers/all-MiniLM-L6-v2,pubmed_phd_priority_features_v1,,1,2,1,2,0.5964193708866423,0.6666666666666666,1.0,0.5,0.3333333333333333,0.0,60.87467798103249,11,High
42365779,Sirtuin 3 alleviates ovarian granulosa cell senescence through regulating mitochondrial quality control.,"Cellular senescence-triggered irreversible proliferative arrest leads to follicular atresia and suppressed dominant follicle selection. Mitochondrial sirtuin 3 (SIRT3) contributes substantially to mitochondrial function, yet the exact molecular mechanisms underlying its regulation of granulosa cell senescence remain largely elusive.‌ Here, single-cell transcriptomic profiling in goats revealed that the downregulation of SIRT3, together with cellular senescence and mitochondrial dysfunction, are the hallmark features of granulosa cells in aged ovarian follicles. Knockdown of SIRT3 led to cellular senescence, which was characterized by proliferative arrest, cell cycle dysregulation and DNA damage accumulation. Importantly, SIRT3 knockdown aggravated mitochondrial dysfunction, as evidenced by impaired mitophagy, elevated reactive oxygen species (ROS) and increased mitochondrial fragmentation. SIRT3 overexpression alleviated etoposide-induced senescence by restoring mitophagy and mitochondrial function. Transcriptomic profiling further confirmed the predominant involvement of SIRT3 in mitochondrial regulatory pathways. Collectively, our results reveal that SIRT3 alleviates granulosa cell senescence through the regulation of mitochondrial quality control, which is critical for sustaining physiological follicular development.","Jingmiao Shi, Ziling Zhao, Fuguo Wang, Yongju Zhao, Zhongquan Zhao, Dejun Xu",Theriogenology,2026-06-25,2026 Oct 15,10.1016/j.theriogenology.2026.118054,https://pubmed.ncbi.nlm.nih.gov/42365779/,3,SIRT3,3,mitophagy;mitochondrial quality control;mitochondrial dysfunction,3,cellular senescence,1,ovarian granulosa,1,transcriptomics,54.0,0.8181818181818182,1,0.5787159,31,0.6529095056599509,1.0,0.8611638022639803,1,0,0,2,1,0,0,1,9,Very High,pubmed_articles.csv,batch_001,canonical_literature_v1,phd_evidence_strength_v1,phd_biological_score_v1,sentence-transformers/all-MiniLM-L6-v2,pubmed_phd_priority_features_v1,,1,0,2,2,0.8611638022639803,0.6666666666666666,0.0,1.0,0.3333333333333333,0.0,60.140733079239304,12,High
42624448,Novel SIRT1 up-regulator F1462 attenuates endothelial cell senescence and vascular aging by promoting mitochondrial biogenesis via activating the SIRT1/PGC-1α/TFAM pathway.,"Vascular aging constitutes a critical driver of age-related cardiovascular diseases (CVDs). Sirtuin 1 (SIRT1) is well established to confer protection against aging and aging-associated pathologies. In the present study, we identified and elucidated the protective effects and mechanisms of F1462, a novel SIRT1 up-regulator, against vascular endothelial cell (EC) senescence and vascular aging. Using a doxorubicin (DOX)-induced EC senescence model, we demonstrated that F1462 dose-dependently suppressed the senescence markers p53 and p21 and lowered senescence-associated secretory phenotype (SASP)-related inflammatory factors. F1462 improved mitochondrial function by restoring mitochondrial membrane potential (MMP), diminishing the generation of total reactive oxygen species (ROS) and mitochondrial reactive oxygen species (mtROS) production, and evaluating ATP production. The beneficial effects of F1462 were further validated in an H2O2-induced EC senescence model. Mechanistically, F1462 facilitated mitochondrial biogenesis by activating the SIRT1/PGC-1α/TFAM signaling pathway. SIRT1 knockdown abrogated these protective effects against cellular senescence and mitochondrial dysfunction in the DOX-induced EC senescence model. Notably, in naturally aged mice, F1462 reduced plasma SASP inflammatory factors and vascular senescence-associated β-galactosidase (SA-β-Gal) activity, and mitigated aging-triggered vascular wall thickening. In conclusion, F1462 alleviates vascular EC senescence and vascular aging by boosting mitochondrial biogenesis through activation of the SIRT1/PGC-1α/TFAM axis, therefore representing a promosing candidate for the treatment of vascular aging and associated CVDs.","Shunwang Li, Xuan Zuo, Chao Liu, Jiangxue Han, Yuhao Zhang, Jing Zhang, Jingshuai Wu, Guijun Yang, Ren Sheng, Jingrui Wang, Xinwei Wei, Weilian Jiang, Chuanjia Ju, Yuyan Zhang, Lijuan Lei, Yanni Xu, Shuyi Si",European journal of pharmacology,2026-08-20,2026 Aug 20,10.1016/j.ejphar.2026.179273,https://pubmed.ncbi.nlm.nih.gov/42624448/,0,,3,mitochondrial biogenesis;mitochondrial dysfunction;mitochondrial membrane potential,3,cellular senescence,1,cardiovascular,0,,39.0,0.5909090909090909,7,0.6288719,13,0.7544369947903703,0.6875,0.7142747979161481,7,0,0,2,1,0,0,1,9,High,pubmed_articles.csv,batch_001,canonical_literature_v1,phd_evidence_strength_v1,phd_biological_score_v1,sentence-transformers/all-MiniLM-L6-v2,pubmed_phd_priority_features_v1,,0,0,2,3,0.7142747979161481,1.0,0.0,1.0,0.0,0.0,59.99961792706519,13,Moderate
42155175,A sono-piezoelectric scaffold prompts disc regeneration by activating Ca2+/CaMKII/Parkin-mediated mitophagy.,"Mitochondrial dysfunction in nucleus pulposus (NP) cells is a key driver of intervertebral disc degeneration (IDD), leading to metabolic imbalance and cellular senescence. To address this, we developed an injectable ""sono-electrical coupling"" hydrogel (GBC@PNA) based on a thermosensitive P(NIPAM-AAM) network loaded with gallic acid, barium titanate and carbon nanotubes. Upon ultrasound exposure, the scaffold generates a localized micro-electric field and controllably releases gallic acid. This combined stimulation significantly enhanced the viability of degenerated NP cells, promoted extracellular matrix synthesis, and reduced inflammation and senescence in vitro. Mechanistically, the sono-electrical effect activated intracellular calcium signaling, leading to CaMKII-dependent mitochondrial translocation and phosphorylation of Parkin, thereby restarting PINK1/Parkin-mediated mitophagy to clear damaged mitochondria and restore energy metabolism. This pathway was systematically validated through transcriptomics, protein interaction and functional inhibition studies. In a rat IDD model, the intervention effectively maintained disc height, improved histology and delayed degeneration, demonstrating good biosafety. This work pioneers a strategy that couples external physical energy with intracellular mitochondrial quality control, offering a novel ""sono-electro-chemical"" therapy for IDD and a new paradigm for ""energy-biology""-based tissue engineering.","Haiyang Gao, Wenbo Wu, Xianglong Chen, Pengzhi Shi, Anran Zhang, Wang Wu, Zimu Yu, Cao Yang, Zhangrong Cheng, Yukun Zhang",Biomaterials,2026-05-15,2026 Nov,10.1016/j.biomaterials.2026.124316,https://pubmed.ncbi.nlm.nih.gov/42155175/,1,PINK1;PRKN,2,mitophagy;mitochondrial quality control;mitochondrial dysfunction,1,cellular senescence,0,,1,transcriptomics,25.0,0.3787878787878788,58,0.44142497,84,0.3750005136494211,0.3958333333333333,0.3875002054597685,72,2,1,2,0,0,0,0,6,Moderate,pubmed_articles.csv,batch_001,canonical_literature_v1,phd_evidence_strength_v1,phd_biological_score_v1,sentence-transformers/all-MiniLM-L6-v2,pubmed_phd_priority_features_v1,,1,1,2,3,0.3875002054597685,1.0,0.5,1.0,0.3333333333333333,0.0,59.39584052442524,14,Moderate
42498093,Impaired mitochondrial quality control and stress signalling machinery modulate senescence induction by genotoxic challenge.,"Cellular senescence is a hallmark of ageing and age-related disease and is closely associated with mitochondrial dysfunction and the accumulation of DNA damage. However, the contribution of mitochondria-nucleus communication, mitochondrial quality control (mtQC) and stress signalling to senescence remains incompletely understood. Here, we investigated the interplay between mtQC pathways and cellular stress responses in DNA damage-induced senescence using mouse embryonic fibroblasts (MEFs). MEFs deficient in the mitochondrial protease HtrA2 (proteostasis), the transcription factor Chop (integrated stress response; ISR) or the mitophagy regulator Pink1 were exposed to three mechanistically distinct DNA-damaging agents: bleomycin, etoposide and doxorubicin. Senescence was characterised using multiple complementary markers, including the proportion of high senescence-associated β-galactosidase-positive cells, nuclear size, total and nuclear p21 abundance, and transcriptional analysis of p16, p21 and genes associated with cell-cycle regulation and stress signalling. Mitochondrial dysfunction through mtQC impairment enhanced sensitivity to senescence with HtrA2 and Pink1 loss promoting increased senescence under DNA damage. Although DNA damage response (DDR) was activated as seen by changes in p21 homeostasis, this did not always correlate with senescence levels, which indicates that DDR alone cannot account for all senescence characteristics. The ISR played a modulatory role in the senescence induction, with Chop loss of function reducing senescence induction following DNA damage despite DDR activation. The different DNA damaging drugs produced different senescence outcomes, thus highlighting the importance of the stressor context in addition to the cellular homeostasis mechanisms in the overall senescence profile. This approach allowed, for the first time, to identify senescence subtypes dependent of mtQC and ISR integrity in the context of genotoxic stress.","Mia Simons-Weston, Marta Dominguez-Prieto, Nicoleta Moisoi",Cellular signalling,2026-07-24,2026 Nov,10.1016/j.cellsig.2026.112763,https://pubmed.ncbi.nlm.nih.gov/42498093/,1,PINK1,2,mitophagy;mitochondrial quality control;mitochondrial dysfunction,2,cellular senescence;dna damage-induced senescence,0,,1,transcriptomics,31.0,0.4696969696969697,31,0.75018346,1,1.0,0.5208333333333334,0.7125,8,1,1,2,1,0,0,0,11,High,pubmed_articles.csv,batch_001,canonical_literature_v1,phd_evidence_strength_v1,phd_biological_score_v1,sentence-transformers/all-MiniLM-L6-v2,pubmed_phd_priority_features_v1,,0,1,2,2,0.7125,0.6666666666666666,0.5,1.0,0.0,0.0,59.10416666666667,15,Moderate
42329074,Oxidative stress-preconditioned exosomes target BMF to restore mitophagy for alleviating intervertebral disc degeneration.,"Exosomes derived from bone marrow mesenchymal stem cells (BMSCs) represent a promising cell-free strategy for intervertebral disc degeneration (IDD). Here, we obtained oxidative stress-preconditioned exosomes (O-Exos) from BMSCs exposed to low-concentration hydrogen peroxide. Compared with exosomes from untreated cells (N-Exos), O-Exos more effectively delayed nucleus pulposus (NP) cell senescence and attenuated IDD in vitro and in vivo. The superior effects of O-Exos were associated with restoration of mitophagy and improved mitochondrial homeostasis in TNF/TNF-α-treated NP cells. BMF (Bcl2 modifying factor) was identified as a functionally relevant downstream target suppressed by O-Exos, and Bmf deficiency promoted mitophagy and alleviated IDD. Further analyses showed that O-Exos relieved the inhibitory effect of BMF on BCL2L13-LC3B coupling, thereby restoring mitophagy. In addition, exosomal Mir29a-3p was required for BMF suppression and the superior activity of O-Exos. Together, these findings identify oxidative stress preconditioning as an effective strategy to enhance exosome potency against IDD.Abbreviations: ACAN: aggrecan; BCL2L13: BCL2 like 13; BMF: Bcl2 modifying factor; BMSCs: bone marrow mesenchymal stem cells; BNIP3: BCL2 interacting protein 3; CDKN1A: cyclin dependent kinase inhibitor 1A; CDKN2A: cyclin dependent kinase inhibitor 2A; COL2A1: collagen type II alpha 1 chain; DHI: disc height index; FUNDC1: FUN14 domain containing 1; H2O2: hydrogen peroxide; IDD: intervertebral disc degeneration; MAP1LC3B/LC3B: microtubule associated protein 1 light chain 3 beta; MMP3: matrix metallopeptidase 3; MRI: nuclear magnetic resonance imaging; N-Exos: exosomes derived from untreated BMSCs; NP: nucleus pulposus; O-Exos: exosomes derived from H2O2-preconditioned BMSCs; OCR: oxygen consumption rate; PINK1: PTEN induced kinase 1; PRKN: parkin RBR E3 ubiquitin protein ligase; ROS: reactive oxygen species; RT-qPCR: reverse transcription quantitative polymerase chain reaction; SA-GLB1/β-gal: senescence-associated galactosidase beta 1; TEM: transmission electron microscopy; TNF/TNF-alpha: tumor necrosis factor; TOMM20: translocase of outer mitochondrial membrane 20; TP53: tumor protein p53; WT: wild type.","Yun Teng, Tianyi Wu, Yanglin Wu, Jun Ge, Rui Chen, Xiao Sun, Leyu Zhao, Xianggu Zhong, Qi Yan, Qi Zhang, Huilin Yang, Junjie Niu, Jun Zou",Autophagy,2026-06-29,2026 Jun 29,10.1080/15548627.2026.2693774,https://pubmed.ncbi.nlm.nih.gov/42329074/,2,PINK1;PRKN,2,mitophagy;mitochondrial homeostasis,0,,0,,0,,20.0,0.303030303030303,97,0.5340164,87,0.6200362106118712,0.4166666666666667,0.4980144842447485,93,2,1,2,0,0,0,0,6,Moderate,,batch003,,,,,,Oxidative stress-preconditioned exosomes target BMF to restore mitophagy for alleviating intervertebral disc degeneration.,0,2,2,2,0.4980144842447485,0.6666666666666666,1.0,1.0,0.0,0.0,59.097173615232855,16,Moderate
42394134,M2 Macrophage-Derived ENPP2/LPA Signalling Attenuates UVB-Induced Fibroblast Photoaging via LPAR1/3.,"Chronic exposure to ultraviolet B (UVB) radiation induces excessive reactive oxygen species (ROS) production in dermal fibroblasts, leading to cellular senescence and skin photoaging. Ageing skin is characterised by disruption of the immune microenvironment, including impaired macrophage polarisation and reduced M2 macrophage activity. However, the contribution of M2 macrophages to fibroblast photoaging remains incompletely understood. Here, we investigated whether M2 macrophages attenuate UVB-induced fibroblast senescence through ectonucleotide pyrophosphatase/phosphodiesterase 2 (ENPP2)-dependent lysophosphatidic acid (LPA)signalling. UVB-induced L929 fibroblasts were treated with conditioned media derived from polarised RAW264.7 macrophages, with or without ENPP2 silencing. UVB exposure induced marked senescence, oxidative stress, and mitophagy impairment, whereas conditioned medium from M2 macrophages significantly alleviated these effects compared with M1-derived conditioned medium. Notably, ENPP2 depletion in M2 macrophages substantially reduced these protective effects. M2 macrophage-derived conditioned medium contained elevated LPA levels and restored UVB-suppressed LPAR1 and LPAR3 expression in fibroblasts. Pharmacological inhibition of LPAR1/3 attenuated the protective effects of M2 macrophages, while exogenous LPA supplementation restored these effects under ENPP2-deficient conditions. These changes were associated with enhanced PINK1/Parkin-related mitophagy signalling and reduced oxidative stress. Collectively, these findings identify M2 macrophage-derived ENPP2/LPA signalling as a critical paracrine mechanism that mitigates UVB-induced fibroblast photoaging.","Meiqi Lu, Xiaoyang Wang, Yujie Hu, Shanshan Jia, Yongjun Qi, Ya Jiao, Jie Zhao, Xiaochuan Wang, Jixun Zhang, Duyin Jiang",Experimental dermatology,,2026 Jul,10.1111/exd.70313,https://pubmed.ncbi.nlm.nih.gov/42394134/,1,PINK1;PRKN,2,mitophagy,3,cellular senescence,2,fibroblast,0,,40.0,0.6060606060606061,4,0.46062788,127,0.4670599036782215,0.8333333333333334,0.6868239614712887,31,2,1,1,1,1,0,0,14,High,,batch003,,,,,,M2 Macrophage-Derived ENPP2/LPA Signalling Attenuates UVB-Induced Fibroblast Photoaging via LPAR1/3.,0,1,1,2,0.6868239614712887,0.6666666666666666,0.5,0.5,0.0,1.0,58.20550531816178,17,Moderate
42679742,Mangiferin attenuates UV-B-induced premature senescence through suppression of mitochondrial ROS and restoration of mitochondrial dynamics in human dermal fibroblasts and BALB/c mice.,"Human skin is continuously exposed to harmful Ultraviolet Radiations from the Sun leading to various morphological (pigmentation, sun burn, loss of elasticity and wrinkling) and physiological (ROS generation, oxidative stress, inflammation, DNA damage and cell death) alterations. All these changes make skin more susceptible to skin aging out of which cellular senescence plays a major role in UV-B driven skin aging. Senescence is the phenomenon of cell cycle arrest associated with changes at morphological and cellular levels i.e. compromised nuclear integrity, dysfunctional mitochondria producing excessive ROS, release of certain proinflammatory cytokines (SASP) which establish paracrine senescence in the neighboring cells. SASP is associated with the release of extracellular matrix metalloproteinases which break down the collagen fibres driving skin towards premature aging. In this study, we have unravelled the role of Mangiferin, a xanthonoid, in preventing UV-B induced premature senescence in HDF cells and BALB/c mice. Xanthonoids are a group of polyphenolic compounds known to possess cytoprotective, anti-inflammatory and antioxidant activities. Many xanthonoids including Mangiferin (MGN) are known to alleviate mitochondrial ROS production. As mitochondrial ROS is a key driver of cellular senescence in UV-B irradiated HDF cells, we have studied the role of Mangiferin in preventing/ attenuating the premature senescence in UV-B exposed HDF cells by inhibiting mitochondrial ROS production. Mangiferin significantly inhibited premature senescence in skin by quenching mitochondrial ROS production. And topical application of Mangiferin on BALB/c mice showed reduced signs of Photodamage and senescence, implying that it has potential to be developed as therapeutic agent for UV-B driven premature senescence induced photoaging in skin dermal cells.","Gupta Ragni, Malik A Mushtaq, Bhat A Irshad, Khanday N Farhat, Peerzada Kaiser, Ahmed Zabeer, Sheikh Abdullah Tasduq",Bioorganic chemistry,2026-08-29,2026 Aug 29,10.1016/j.bioorg.2026.110454,https://pubmed.ncbi.nlm.nih.gov/42679742/,0,,3,mitochondrial dynamics;mitochondrial ros,3,cellular senescence,0,,0,,36.0,0.5454545454545454,11,0.5992626,22,0.6945008379216142,0.625,0.6528003351686458,12,0,0,2,1,0,0,1,9,High,pubmed_articles.csv,batch_001,canonical_literature_v1,phd_evidence_strength_v1,phd_biological_score_v1,sentence-transformers/all-MiniLM-L6-v2,pubmed_phd_priority_features_v1,,0,0,2,3,0.6528003351686458,1.0,0.0,1.0,0.0,0.0,57.848011730902606,18,Moderate
42432749,Redox-senescence function of PON1 in hepatocellular carcinoma and its non-invasive assessment using super-resolution radiomics: a multi-center study.,"BACKGROUND: Risk stratification in hepatocellular carcinoma (HCC) is limited by the lack of robust biomarkers reflecting tumor biology. The antioxidant enzyme Paraoxonase-1 (PON1) shows prognostic potential, yet its role in tumor tissues and the feasibility of non-invasive assessment remain unclear. METHODS: Senescence-related pathways and prognostic candidates were screened using transcriptomic data from TCGA-LIHC and GTEx. PON1 expression was validated in multicenter cohorts through qPCR, immunohistochemistry, and Western blotting. Functional assays in PON1 knockdown and overexpression models evaluated oxidative stress, glutathione balance, mitochondrial dysfunction, and senescence markers. We developed a radiomics model based on contrast-enhanced CT scans with super-resolution reconstruction to predict tumoral PON1 expression. This radiomics signature was then integrated with clinical variables to build a combined model, which was evaluated across training, validation, test, and external cohorts. RESULTS: PON1 was identified as a downregulated senescence-related prognostic gene. Low PON1 expression was associated with poorer overall and progression-free survival across independent clinical cohorts. PON1 depletion increased intracellular and mitochondrial ROS, lowered the GSH/GSSG ratio, impaired mitochondrial membrane potential, and induced senescence phenotypes, while its restoration mitigated these effects. SR-enhanced radiomics improved prediction of tumoral PON1 expression across all cohorts. Integration of radiomics signatures with clinical variables further improved discrimination, achieving the highest accuracy and net clinical benefit. CONCLUSION: PON1 downregulation contributes to oxidative stress-driven senescence and unfavorable clinical outcomes in HCC. SR-enhanced radiomics provides an accurate, non-invasive method for estimating tumoral PON1 expression, demonstrating potential value for radiogenomic profiling and preoperative risk stratification.","Chiyu Cai, Yuqi Hao, Yushu Xue, Dongxiao Li, Yike Wang, Xinyu Yue, Junjing Hou, Zipeng Wang, Bing Yao Li, Meng Xie, Hao Zhuang, Deyu Li, Xiangming Ding",Journal of translational medicine,2026-07-10,2026 Jul 10,10.1186/s12967-026-08519-x,https://pubmed.ncbi.nlm.nih.gov/42432749/,0,,3,mitochondrial dysfunction;mitochondrial membrane potential;mitochondrial ros,0,,0,,1,transcriptomics,21.0,0.3181818181818182,81,0.5861215,50,0.728647826848423,0.4375,0.5539591307393692,73,0,0,2,0,0,0,0,2,High,,batch003,,,,,,Redox-senescence function of PON1 in hepatocellular carcinoma and its non-invasive assessment using super-resolution radiomics: a multi-center study.,1,0,2,3,0.5539591307393692,1.0,0.0,1.0,0.3333333333333333,0.0,57.72190290921125,19,Moderate
42363074,Mitigating nucleus pulposus cell senescence in intervertebral disk degeneration: the role of nodakenin in SIRT6 and PINK1/Parkin-associated mitophagy signaling.,"Intervertebral disc degeneration (IVDD) is a common and challenging chronic condition in orthopedics, primarily characterized by the aging of nucleus pulposus cells (NPC). Current treatment strategies for IVDD, particularly those targeting NPC senescence, remain underdeveloped. Research has shown that NPC senescence is closely associated with mitochondrial damage, leading to the accumulation of cytoplasmic reactive oxygen species (ROS) and mitochondrial DNA (mtDNA). Mitochondrial autophagy, as a key mechanism of mitochondrial quality control, regulates ROS and mtDNA levels by eliminating dysfunctional and damaged mitochondria, thereby delaying cellular aging. Notably, mitophagy signaling associated with Sirtuin 6 (SIRT6) and PTEN-induced kinase 1 (PINK1)/Parkin has been implicated in this process. Traditional Chinese Medicine (TCM), with its holistic approach and unique theoretical system of syndrome differentiation and treatment, offers significant advantages in preventing and treating degenerative diseases such as IVDD. However, research into TCM formulations aimed at NPC senescence remains limited. In preliminary studies, we observed that Nodakenin, the primary active compound from the TCM formula Duhuo Jisheng decoction (DHJSD), exerts protective effects in a SIRT6-associated manner and appears to be associated with activation of PINK1/Parkin-related mitophagy signaling. In this study, we used single-cell analysis to construct human NPC senescence and rat IVDD models, assessing mitochondrial morphology, mitochondrial membrane potential, cell senescence, and autophagy-related gene expression. We further evaluated the effects of Nodakenin (Nod) on H2O2-induced NPC senescence and determined the optimal intervention concentration, followed by assessment of mitochondrial phenotypes and SIRT6- and PINK1/Parkin-associated markers. These findings provide new theoretical support for the clinical application of TCM in the treatment of IVDD.","Daqian Zhou, Liquan Wang, Yang Zhou, Jiale Lv, Chao Song, Yongliang Mei, Tao Liu, Taotao Wu, Fei Yu, Zongchao Liu",Cellular & molecular biology letters,2026-06-26,2026 Jun 26,10.1186/s11658-026-00968-y,https://pubmed.ncbi.nlm.nih.gov/42363074/,1,PINK1;PRKN,2,mitophagy;mitochondrial quality control;mitochondrial membrane potential,0,,0,,0,,16.0,0.2424242424242424,130,0.68439233,4,0.9334906095166732,0.3333333333333333,0.5733962438066692,65,2,1,3,0,0,0,0,6,High,,batch003,,,,,,Mitigating nucleus pulposus cell senescence in intervertebral disk degeneration: the role of nodakenin in SIRT6 and PINK1/Parkin-associated mitophagy signaling.,1,1,2,2,0.5733962438066692,0.6666666666666666,0.5,1.0,0.3333333333333333,0.0,57.56886853323342,20,Moderate
41740638,α-KG alleviates mitochondrial dysfunction and attenuates HPDLSCs senescence in periodontitis through LKB1-AMPK activation.,"Periodontitis is a chronic inflammatory disease characterized by persistent inflammation that induces senescence and functional impairment of human periodontal ligament stem cells (HPDLSCs), thereby hindering periodontal regeneration. Mitochondrial dysfunction is a key driver of inflammation-induced stem cell senescence. However, the signaling mechanisms remain unclear. In this study, we examined whether α-ketoglutarate (α-KG), a vital intermediate in the tricarboxylic acid cycle, could alleviate mitochondrial dysfunction and restore HPDLSCs function in inflammatory environments. In vitro experiments demonstrated that lipopolysaccharide (LPS) exposure led to a loss of mitochondrial membrane potential, excessive accumulation of mitochondrial reactive oxygen species, cellular senescence, and impaired osteogenic differentiation in HPDLSCs. Treatment with α-KG significantly restored mitochondrial homeostasis, decreased senescence-associated β-galactosidase activity and the expression of P16 and P53, and enhanced osteogenic differentiation. Mechanistically, α-KG markedly activated AMP-activated protein kinase (AMPK) signaling, while pharmacological inhibition of AMPK negated the protective effects of α-KG on mitochondrial function, senescence, and osteogenesis. Further analysis revealed that α-KG restored the expression of liver kinase B1 (LKB1), a key upstream activator of AMPK, establishing an α-KG/LKB1-AMPK signaling axis in the periodontitis inflammatory microenvironment. In a ligature-induced rat model of periodontitis, oral administration of α-KG mitigated alveolar bone loss, reduced the expression of senescence-associated markers, restored AMPK signaling in periodontal tissues, and promoted periodontal regeneration in vivo. Collectively, these findings reveal that AMPK-dependent mitochondrial restoration is a critical mechanism through which α-KG counteracts inflammation-induced HPDLSCs senescence and osteogenic dysfunction, suggesting that α-KG may serve as a promising therapeutic strategy for periodontal regeneration in inflammatory contexts.","Xin Zhang, Lingshuang Li, Hongrui Liu, Yaoguang Zhang, Yongwei Wu, Changyun Sun, Jie Guo, Minqi Li",Cellular signalling,2026-02-23,2026 Jul,10.1016/j.cellsig.2026.112442,https://pubmed.ncbi.nlm.nih.gov/41740638/,0,,2,mitochondrial homeostasis;mitochondrial dysfunction;mitochondrial membrane potential,3,cellular senescence,0,,0,,30.0,0.4545454545454545,32,0.54660434,77,0.646275417685435,0.625,0.6335101670741741,44,0,0,2,1,0,0,0,7,High,,batch003,,,,,,α-KG alleviates mitochondrial dysfunction and attenuates HPDLSCs senescence in periodontitis through LKB1-AMPK activation.,0,0,2,3,0.6335101670741741,1.0,0.0,1.0,0.0,0.0,57.1728558475961,21,Moderate
42172255,S-palmitoylation regulates the function of the mitochondria-associated endoplasmic reticulum membrane to alleviate the senescence of nucleus pulposus cells.,"Intervertebral disc degeneration (IVDD) is the primary cause of spinal degenerative diseases. Nucleus pulposus (NP) cell senescence is a significant pathological manifestation of IVDD. Here, we constructed a hypoxia-induced NP cell model to clarify the mechanisms by which S-palmitoylation is involved in NPC senescence. The IP3R S-palmitoylation of NP cells was significantly reduced under hypoxic conditions, contributing to abnormalities in mitochondria-associated membranes (MAMs). The study found that cellular expression of Bax, Bcl-2, Cleaved-Caspase8, Cleaved-Caspase3, MMP3, and MMP13 was promoted, while COL2 and AGG expression was inhibited. The up-regulated palmitoylation-modifying enzyme DHHC6 can promote IP3R S-palmitoylation modification and regulate GRP75, VDAC1, Drp1, and Mfn2 expression. It can inhibit apoptosis in NP cells, reduce intracellular calcium and ROS levels, elevate mitochondrial membrane potential, and reduce γ-H2AX expression levels. It also inhibited the protein expression levels of hypoxia-induced apoptosis molecules, matrix-degrading enzymes, and up-regulated extracellular matrix protein expression. These results suggested that hypoxia-induced IP3R depalmitoylation might play a role in structural and functional abnormalities in MAMs, which trigger senescence in NP cells.","Qi Liang, Jianfeng Zhang, Jingchuan Yan, Weidong Guo, Jian Zhao, Li Lin, Shuang Li, Daxiong Feng, Bo Liao",PloS one,2026-05-22,2026,10.1371/journal.pone.0348801,https://pubmed.ncbi.nlm.nih.gov/42172255/,2,DNM1L;MFN2,2,mitochondrial membrane potential,0,,0,,0,,20.0,0.303030303030303,97,0.6364792,16,0.8336170369056999,0.4166666666666667,0.58344681476228,64,2,1,1,0,0,0,0,6,High,,batch003,,,,,,S-palmitoylation regulates the function of the mitochondria-associated endoplasmic reticulum membrane to alleviate the senescence of nucleus pulposus cells.,0,2,1,2,0.58344681476228,0.6666666666666666,1.0,0.5,0.0,0.0,57.08730518334647,22,Moderate
42365869,miR-205-5p accelerates lung fibroblast senescence in IPF patients via mediation of mitochondrial dynamics.,"Idiopathic pulmonary fibrosis (IPF) is a progressive and fatal lung disease that occurs primarily in the elderly. Although senescence of lung fibroblasts (LFs) contributes to IPF development, the potential mechanisms underlying LF senescence are not fully understood. This study aimed to delineate the role and underlying mechanisms of miR-205-5p in regulating LF senescence in patients with IPF. The LFs from IPF patients (IPF-LFs) and age-matched controls (Control-LFs) were isolated and cultured. Senescence of LFs was determined by senescence-associated β-galactosidase (SA-β-gal) staining. Mitochondrial morphology of LFs was evaluated by MitoTracker staining and transmission electron microscope. The expression of miR-205-5p was examined by RT-PCR. Compared with Control-LFs, IPF-LFs exhibited increased cellular senescence with higher expression of SA-β-gal, p21 and p16 as well as decreased proliferative capacity. Importantly, IPF-LFs had decreased mitochondrial fission, evidenced by elongated mitochondria and downregulation of mitochondrial fission regulator 1-like protein (MTFR1L). The expression of miR-205-5p was much higher in IPF-LFs than Control-LFs. Notably, upregulation of miR-205-5p in Control-LFs led to increased cellular senescence, whereas downregulation rescued IPF-LF senescence. Mechanistically, miR-205-5p downregulated mitochondrial fission in LFs via MTFR1L, leading to mitochondrial dysfunction and cellular senescence. Taken together, our study illustrated that miR-205-5p serves as a critical regulator of cellular senescence of LFs isolated from IPF patients via mediation of mitochondrial dynamics.","Rui Wei, Ying Shen, Bingpeng Guo, Shuchang Wang, Qian Han",Mitochondrion,2026-06-28,2026 Nov,10.1016/j.mito.2026.102189,https://pubmed.ncbi.nlm.nih.gov/42365869/,1,MTFR1L,2,mitochondrial fission;mitochondrial dynamics;mitochondrial dysfunction,3,cellular senescence,2,fibroblast,0,,40.0,0.6060606060606061,6,0.6271968,14,0.7510462001288668,0.7083333333333334,0.7254184800515467,6,0,0,2,1,1,0,0,10,High,pubmed_articles.csv,batch_001,canonical_literature_v1,phd_evidence_strength_v1,phd_biological_score_v1,sentence-transformers/all-MiniLM-L6-v2,pubmed_phd_priority_features_v1,,0,0,2,2,0.7254184800515467,0.6666666666666666,0.0,1.0,0.0,1.0,57.0563134684708,23,Moderate
42034026,Astragaloside IV delays vascular aging by enhancing mitochondrial fatty acid β-oxidation via the MLXIPL-PPARα/PGC-1α axis.,"BACKGROUND: Mitochondrial dysfunction and the dysregulation of lipid metabolism are significant contributors to vascular aging, which in turn raises the risk of age-related cardiovascular diseases (CVDs). Buyang Huanwu decoction (BHD), a traditional formula widely used for treating CVDs, has not been thoroughly investigated in terms of its active components and the molecular mechanisms by which it may delay vascular aging. PURPOSE: This study aims to investigate the effects and mechanisms of BHD and its primary active component, Astragaloside IV (AS-IV), in mitigating vascular aging, focusing on mitochondrial function and lipid metabolism. METHODS: Experiments were conducted using naturally aged mice and a D-galactose-induced model of vascular smooth muscle cells (VSMCs) senescence. Vascular aging was evaluated through aortic histopathology, assessment of senescence markers and senescence-associated secretory phenotype (SASP) factors. Transcriptomics and lipidomics analyses were employed to uncover critical pathways and identify differential lipid profiles. Mitochondrial structure and function were examined using transmission electron microscopy (TEM), Mitochondrial DNA (mtDNA) copy number, and mitochondrial membrane potential (MMP). The molecular mechanisms were further validated through molecular biology and MLX Interacting Protein-Like (MLXIPL) knockdown and overexpression techniques. RESULTS: Both BHD and AS-IV improved age-related vascular morphological changes, mitigated elastic fiber disruption, diminished collagen deposition, and downregulated senescence markers along with SASP factors. Transcriptomic analysis identified MLXIPL as a key transcription factor, emphasizing the involvement of the peroxisome proliferator-activated receptor (PPAR) signaling pathway and mitochondrial fatty acid β-oxidation as critical processes. Lipidomic profiling indicated reduced serum acylcarnitine levels in aged mice, suggesting compromised fatty acid β-oxidation. Both BHD and AS-IV were found to suppress MLXIPL, activate PPARα, increase mtDNA copy number, enhance MMP, improve mitochondrial ultrastructure, and upregulate the expression of key genes and proteins associated with mitochondrial biogenesis and fatty acid β-oxidation. Co-immunoprecipitation assays confirmed that AS-IV facilitated PPARα-PGC-1α interaction. Functional validation established that MLXIPL knockdown produced a stronger effect than AS-IV, whereas MLXIPL overexpression negated the beneficial effects of AS-IV on mitochondrial function, lipid accumulation, and cellular senescence. CONCLUSION: BHD and its active component AS-IV delay vascular aging by inhibiting MLXIPL, thereby activating the PPARα/PGC-1α signaling pathway to promote mitochondrial fatty acid β-oxidation and reduce lipid accumulation. This elucidates a mechanistic basis for BHD's traditional use and highlights AS-IV as a key active principle with therapeutic potential.","Xiangyu Chen, Xiaodie Chen, Nan Xiao, Yutong Yang, Chenghui Li, Yanbin Pan, Huiqun Huang, Xiaodong Duan, Yongan Deng, Chengkai Chen, Shuting Zeng, Simin Yang, Yixuan Huang, Danping Huang, Yubin Yang, Zunpeng Shu, Li Zhang",Phytomedicine : international journal of phytotherapy and phytopharmacology,2026-04-15,2026 Jul,10.1016/j.phymed.2026.158183,https://pubmed.ncbi.nlm.nih.gov/42034026/,0,,2,mitochondrial biogenesis;mitochondrial dysfunction;mitochondrial membrane potential,3,cellular senescence,1,cardiovascular,1,transcriptomics,36.0,0.5454545454545454,8,0.60337305,36,0.7646081978694111,0.75,0.7558432791477645,9,0,0,2,1,0,0,0,7,Very High,,batch003,,,,,,Astragaloside IV delays vascular aging by enhancing mitochondrial fatty acid β-oxidation via the MLXIPL-PPARα/PGC-1α axis.,1,0,2,2,0.7558432791477645,0.6666666666666666,0.0,1.0,0.3333333333333333,0.0,56.45451477017175,24,Moderate
42625807,PDHA1 Hyperactivation Orchestrates Metabolic Reprogramming Promoting Endothelial Senescence.,"While recent studies have established links between metabolic reprogramming and inflammatory senescence, the specific metabolic drivers in vascular aging remain incompletely defined. Here, we systematically characterized senescent phenotypes and targeted metabolomic profiles in primary aging endothelial cells, identifying a pyruvate dehydrogenase E1 component subunit alpha (PDHA1)-dependent metabolic shift as a hallmark of cellular senescence. Using a D-galactose-induced senescence model, we demonstrated that endothelial-specific Pdha1 knockdown alleviated pulmonary vascular endothelial senescence and associated functional decline. Further investigation revealed that PDHA1 hyperactivation disrupts mitochondrial homeostasis, leading to excessive mitochondrial reactive oxygen species production, oxidative mitochondrial DNA damage, and subsequent cytosolic mitochondrial DNA release, thereby triggering cyclic GMP-AMP synthase-mediated senescence. Mechanistically, decreased lactylation of PDHA1 at lysine 336 potentiated its activity and promoted dephosphorylation at serine 293. This posttranslational cross talk enhanced PDHA1 activation and drove a prosenescent metabolic shift. Together, our results elucidate that a previously unrecognized PDHA1 hyperactivation promotes endothelial senescence.","Wen-Jing Zhong, Nan-Shi-Yu Yang, Chen-Yu Zhang, Yu-Biao Liu, Ling Jin, An-Jun Ou, Hui Chen, Juan Li, Yong Zhou, Bai-Mei He, Jia-Xi Duan","Research (Washington, D.C.)",2026-08-20,2026,10.34133/research.1398,https://pubmed.ncbi.nlm.nih.gov/42625807/,0,,2,mitochondrial homeostasis,3,cellular senescence,0,,1,metabolomics,33.0,0.5,19,0.6400496,11,0.7770632770946425,0.5625,0.648325310837857,13,0,0,1,1,0,0,0,7,High,pubmed_articles.csv,batch_001,canonical_literature_v1,phd_evidence_strength_v1,phd_biological_score_v1,sentence-transformers/all-MiniLM-L6-v2,pubmed_phd_priority_features_v1,,1,0,1,3,0.648325310837857,1.0,0.0,0.5,0.3333333333333333,0.0,56.02471921265833,25,Moderate
42511674,"Biomarkers and Early Mechanisms of Sarcopenia: Central Roles of Mitochondrial Dysfunction, Inflammaging, Cellular Senescence, and Neuromuscular Degeneration.","Sarcopenia is a progressive age-related skeletal muscle disorder characterized by the loss of muscle mass, strength, and physical performance, leading to frailty, disability, and increased mortality. Although its clinical consequences are well recognized, the underlying biological mechanisms remain incompletely understood, limiting the development of early diagnostic strategies and targeted therapies. Increasing evidence indicates that sarcopenia results from complex interactions among mitochondrial dysfunction, chronic low-grade inflammation (inflammaging), cellular senescence, neuromuscular junction degeneration, and anabolic resistance. The present review critically summarizes the current evidence on the principal circulating and molecular biomarkers associated with these interconnected mechanisms. Mitochondrial dysfunction appears to represent an early upstream event that promotes excessive reactive oxygen species production, defective mitophagy, inflammatory activation, and cellular senescence. Chronic inflammation, mediated primarily through IL-6 and TNF-α, further accelerates muscle catabolism and regenerative failure, whereas senescence-associated pathways impair satellite cell function and muscle repair. Neuromuscular degeneration and anabolic resistance further contribute to progressive muscle atrophy and functional decline. Among the candidate biomarkers, GDF-15, FGF-21, IL-6, TNF-α, CAF22, p16INK4a, p21/CDKN1A, IGF-1, and myostatin appear particularly promising for characterizing the biological heterogeneity of sarcopenia. However, no single biomarker currently demonstrates sufficient diagnostic accuracy for routine clinical use. Instead, integrated multi-biomarker approaches combining mitochondrial, inflammatory, senescence-associated, neuromuscular, and anabolic markers may improve early diagnosis, risk stratification, and personalized therapeutic strategies. Future prospective longitudinal studies are required to validate these biomarkers and facilitate their translation into clinical practice.","Hechmi Toumi, Ahmad Almhdie-Imjabbar, Nada Ibrahim, Eric Lespessailles",International journal of molecular sciences,2026-07-16,2026 Jul 16,10.3390/ijms27146332,https://pubmed.ncbi.nlm.nih.gov/42511674/,0,,2,mitophagy;mitochondrial dysfunction,3,cellular senescence,1,skeletal muscle,0,,33.0,0.5,20,0.6303097,18,0.8207568875849729,0.6875,0.7408027550339892,14,0,0,1,1,0,0,0,7,High,,batch003,,,,,,"Biomarkers and Early Mechanisms of Sarcopenia: Central Roles of Mitochondrial Dysfunction, Inflammaging, Cellular Senescence, and Neuromuscular Degeneration.",0,0,1,3,0.7408027550339892,1.0,0.0,0.5,0.0,0.0,55.92809642618962,26,Moderate
42562239,FOXO3 counteracts oxidative stress-induced nucleus pulposus cell senescence via BNIP3-mediated mitophagy in intervertebral disc degeneration.,"Oxidative stress and mitochondrial reactive oxygen species (ROS) accumulation are central drivers of nucleus pulposus (NP) cell senescence and intervertebral disc degeneration (IVDD), yet the transcriptional programs that maintain mitochondrial redox homeostasis in NP cells remain poorly defined. In this study, we investigated the role of forkhead box O3 (FOXO3) in regulating NP cell senescence and mitophagy during IVDD. We found that FOXO3 expression was significantly reduced in degenerated disc tissues and in senescent NP cells. In vitro, FOXO3 overexpression markedly alleviated H2O2-induced senescence, as shown by reduced SA-β-gal positivity, downregulation of p16 and senescence-associated catabolic factors, and partial restoration of extracellular matrix-related proteins. Transcriptomic profiling revealed that FOXO3 suppressed senescence-, NF-κB-, and matrix degradation-associated pathways while activating autophagy-related programs. Mechanistically, FOXO3 enhanced autophagic flux and promoted BNIP3-dependent mitophagy, accompanied by improved mitochondrial ultrastructure, preservation of mitochondrial membrane potential, and reduced mitochondrial reactive oxygen species accumulation. Importantly, BNIP3 knockdown partially abolished the anti-senescent effects of FOXO3, supporting BNIP3-mediated mitophagy as a key downstream mechanism. In vivo, adeno-associated virus-mediated FOXO3 overexpression attenuated puncture-induced disc degeneration, reduced p16 and MMP13 expression, and restored aggrecan and collagen II levels. Collectively, these findings identify FOXO3 as a critical regulator of mitochondrial quality control and NP cell senescence, and suggest that targeting the FOXO3-BNIP3-mitophagy axis may represent a promising therapeutic strategy for IVDD.","Wei Chen, Wenzhe Huang, Libo Chen, Yi Chen, Zhenxin Hu, Jiayuan Wu, Qi Zhang, Yiming Ren, Penglei Cui, Da He",Free radical biology & medicine,2026-08-06,2026 Nov,10.1016/j.freeradbiomed.2026.08.011,https://pubmed.ncbi.nlm.nih.gov/42562239/,0,,3,mitophagy;mitochondrial quality control;mitochondrial membrane potential,0,,0,,1,transcriptomics,21.0,0.3181818181818182,67,0.64033496,9,0.7776409125579622,0.3125,0.4985563650231849,46,0,0,3,0,0,0,0,2,Moderate,pubmed_articles.csv,batch_001,canonical_literature_v1,phd_evidence_strength_v1,phd_biological_score_v1,sentence-transformers/all-MiniLM-L6-v2,pubmed_phd_priority_features_v1,,1,0,2,3,0.4985563650231849,1.0,0.0,1.0,0.3333333333333333,0.0,55.7828061091448,27,Moderate
42606684,Long-chain chlorinated paraffins exposure induces premature ovarian failure by disrupting the balance of mitochondrial fission.,"Long-chain chlorinated paraffins (LCCPs) accumulate in reproductive organs due to their high persistence and bioaccumulation potential; however, the molecular mechanisms underlying their ovarian toxicity remain unclear. In this study, we used primary mouse granulosa cells, a human SVOG cell line, and an oral exposure model in female mice to systematically evaluate the ovarian damage effects of LCCPs and investigate the underlying signaling pathways. The results showed that concentrations of 0.02-2 µg/mL of LCCPs concentration-dependently reduced granulosa cell survival rates (by 12%-58%, P < 0.05), while significantly upregulating oxidative stress (MDA, ROS), inflammatory cytokines (IL-6, TNF-α), and aging markers (SA-β-gal activity). In vivo exposure led to morphological degeneration of ovarian tissue and a reduction in the number of primordial follicles, accompanied by decreased serum estradiol and elevated follicle-stimulating hormone (FSH) levels; these changes resemble the phenotype of clinical ovarian dysfunction. At the mechanistic level, LCCPs induce excessive mitochondrial fission by blocking the interaction between Drp1 and Parkin, leading to the leakage of mitochondrial DNA into the cytoplasm, which in turn activates the cGAS-STING pathway and ultimately drives granulosa cell senescence. These findings reveal a novel mechanism by which LCCPs mediate ovarian toxicity via the ""excessive mitochondrial fragmentation- mtDNA leakage- cGAS- STING- cellular senescence"" axis, providing direct experimental evidence for assessing the risks of persistent organic pollutants to female reproductive health.","Chenhui Xu, Haochu Deng, Xue Tian, Shuang Ma, Yuebing Kong, Ruoting Zhang, Shiyu Yao, Hainan Lan",Molecular and cellular biochemistry,2026-08-17,2026 Aug 17,10.1007/s11010-026-05696-7,https://pubmed.ncbi.nlm.nih.gov/42606684/,1,DNM1L;PRKN,2,mitochondrial fission,3,cellular senescence,0,,0,,34.0,0.5151515151515151,18,0.46268398,76,0.4180337281541358,0.5833333333333334,0.5172134912616544,43,2,1,1,1,0,0,0,11,High,pubmed_articles.csv,batch_001,canonical_literature_v1,phd_evidence_strength_v1,phd_biological_score_v1,sentence-transformers/all-MiniLM-L6-v2,pubmed_phd_priority_features_v1,,0,1,1,3,0.5172134912616544,1.0,0.5,0.5,0.0,0.0,55.602472194157905,28,Moderate
42467906,TPI1 Loss Triggers a Metabolite-Driven Mitochondrial Redox Vulnerability via the SARM1-cADPR-Ca2+ Axis.,"Cellular senescence is a stable cell cycle arrest program with important therapeutic implications in cancer, yet how metabolic perturbations are translated into redox-dependent senescence remains incompletely understood. Here, we identify triosephosphate isomerase 1 (TPI1) as a critical regulator of senescence in clear cell renal cell carcinoma (ccRCC) through a customized CRISPR-Cas9 metabolic screen. TPI1 depletion induces a robust senescence phenotype characterized by mitochondrial redox imbalance, DNA damage, and stable growth arrest. Mechanistically, loss of TPI1 leads to accumulation of dihydroxyacetone phosphate (DHAP), which engages a SARM1-dependent signaling pathway, resulting in increased cyclic ADP-ribose (cADPR) production and intracellular Ca2+ release. This cADPR-Ca2+ axis drives mitochondrial ROS (mtROS) generation, thereby promoting DNA damage and activation of the p53-p21 pathway to enforce senescence. Pharmacological or genetic attenuation of calcium signaling, or mitochondrial ROS partially rescues these phenotypes, indicating that calcium-dependent redox stress is required for senescence induction. Importantly, this metabolic-redox signaling cascade is conserved across multiple cancer types. Collectively, our findings define a previously unrecognized TPI1-SARM1-cADPR-Ca2+ axis that links glycolytic metabolite accumulation to mitochondrial redox stress and cellular senescence, highlighting a metabolite-driven redox vulnerability that may be therapeutically exploitable in cancer.","Chunyu Liu, Shun Wu, Chuang Wang, Zirui Zhou, Tianwei Cai, Wen Tao, Shidong Zuo, Chi Zhang, Yuhao Dong, Yi Feng, Qingbo Huang, Baojun Wang, Xin Ma, Haoli Ma, Xu Zhang, Yan Huang","Advanced science (Weinheim, Baden-Wurttemberg, Germany)",2026-07-17,2026 Jul 17,10.1002/advs.76614,https://pubmed.ncbi.nlm.nih.gov/42467906/,0,,2,mitochondrial ros,3,cellular senescence;senescence phenotype,0,,0,,30.0,0.4545454545454545,32,0.64869845,11,0.859087720038416,0.625,0.7186350880153665,22,0,0,1,1,0,0,0,7,High,,batch003,,,,,,TPI1 Loss Triggers a Metabolite-Driven Mitochondrial Redox Vulnerability via the SARM1-cADPR-Ca2+ Axis.,0,0,1,3,0.7186350880153665,1.0,0.0,0.5,0.0,0.0,55.15222808053784,29,Moderate
42589194,"Mitochondria-Targeted Natural-Derived Compounds in Cellular Senescence: Mechanisms, Therapeutic Potential, and Future Directions.","Cellular senescence is a root cause of aging and age-related disease. Senescent cells persist in tissues, secreting inflammatory factors that fuel inflammaging and immune decline. At the subcellular level, mitochondrial dysfunction has become recognized as a central driver of the senescent state: metabolism shifts toward glycolysis, mitophagy stalls while reactive oxygen species production escalates, mitochondrial dynamics tip toward hyperfusion or fragmentation, and damaged mitochondrial DNA leaks into the cytosol to activate the cyclic GMP-AMP synthase-stimulator of interferon genes pathway, amplifying the senescence-associated secretory phenotype. Conventional drugs have struggled to address these layered defects, steering interest toward natural bioactive compounds-polyphenols, flavonoids, saponins-that can simultaneously restore mitophagic flux, boost antioxidant defenses, rebalance fission-fusion, and intercept mitochondrial DNA-driven inflammation. However, the key issue is delivery: these molecules rarely reach mitochondria in meaningful concentrations in vivo due to their poor bioavailability, rapid metabolism, and off-target distribution. Platforms using triphenylphosphonium, mitochondria-penetrating peptides, or biomimetic shells have successfully funneled therapeutic payloads into mitochondria in several models of disease. We contend that the proposed systematic integration of these delivery systems with natural senotherapeutic compounds offers a promising direction for future research.","Jirapat Namkaew, Pornparn Kongpracha, Thiranut Jaroonwitchawan",Biology,2026-08-06,2026 Aug 06,10.3390/biology15151328,https://pubmed.ncbi.nlm.nih.gov/42589194/,0,,2,mitochondrial dynamics;mitophagy;mitochondrial dysfunction,2,cellular senescence;senescent cells,0,,0,,24.0,0.3636363636363636,59,0.6760745,5,0.8499861107172288,0.375,0.5649944442868915,28,0,0,2,1,0,0,0,7,High,pubmed_articles.csv,batch_001,canonical_literature_v1,phd_evidence_strength_v1,phd_biological_score_v1,sentence-transformers/all-MiniLM-L6-v2,pubmed_phd_priority_features_v1,,0,0,2,3,0.5649944442868915,1.0,0.0,1.0,0.0,0.0,54.77480555004121,30,Moderate
42257494,Senescent BMSC-Derived Thbs1 Drives Inflammaging and Impairs Bone Regeneration by Suppressing PINK1/Parkin-Mediated Mitophagy in Macrophages.,"The aging bone marrow microenvironment is characterized by chronic low-grade inflammation (""inflammaging""), which disrupts skeletal homeostasis and impairs bone regeneration. However, the stromal-immune crosstalk mechanisms sustaining this pathological state remain poorly defined. Here, transcriptomic analysis identified thrombospondin-1 (Thbs1) as a key upregulated component of the senescence-associated secretory phenotype (SASP) in aged bone mesenchymal stromal cells (BMSCs). We demonstrate that BMSC-derived Thbs1 drives pro-inflammatory M1 macrophage polarization by suppressing PINK1/Parkin-mediated mitophagy. Mechanistically, Thbs1 binds to the TGF-β type II receptor (Tgfbr2) on macrophages to activate Smad3 signaling, which transcriptionally represses the mitophagy regulator Pink1. This repression leads to mitochondrial superoxide accumulation and redox imbalance, thereby skewing macrophages toward an M1-like phenotype. These Thbs1-activated M1 macrophages, in turn, secrete IL-6, which activates the JAK/STAT3 pathway in BMSCs to inhibit osteogenic differentiation. Crucially, activated Stat3 directly binds the Thbs1 promoter, establishing a self-amplifying loop that perpetuates inflammaging and osteogenic decline. In vivo, AAV9-mediated Thbs1 knockdown in aged rat bone defects restored mitochondrial homeostasis, promoted an M2 macrophage transition, and significantly enhanced bone repair. Our study reveals a vicious cycle involving the Thbs1/TGF-β/Smad3/PINK1-IL-6/JAK/STAT3 axis that sustains inflammaging and osteogenic decline, highlighting Thbs1 as a promising therapeutic target for age-related bone regeneration.","Yifeng Xing, Jingjing Su, Yanjun Lin, Nengwen Huang, Sihui Zhang, Yuwei Zhou, Jie Lu, Weiping Chen, Kaixun He, Wenxiu Yuan, Yang Li, Geyuan Zheng, Pengyuan Hu, Dong Wu, Yanjing Ou, Jiang Chen",Aging cell,,2026 Jun,10.1111/acel.70575,https://pubmed.ncbi.nlm.nih.gov/42257494/,1,PINK1;PRKN,2,mitophagy;mitochondrial homeostasis,0,,1,bmsc,1,transcriptomics,22.0,0.3333333333333333,78,0.49566698,108,0.5400979226528356,0.4583333333333333,0.4910391690611342,97,2,1,2,0,0,0,0,6,Moderate,,batch003,,,,,,Senescent BMSC-Derived Thbs1 Drives Inflammaging and Impairs Bone Regeneration by Suppressing PINK1/Parkin-Mediated Mitophagy in Macrophages.,1,1,2,2,0.4910391690611342,0.6666666666666666,0.5,1.0,0.3333333333333333,0.0,54.68637091713969,31,Moderate
41381971,A multi-omics analysis of human fibroblasts overexpressing an Alu transposon reveals widespread disruptions in aging-associated pathways.,"During aging and cellular senescence, repetitive elements are frequently transcriptionally derepressed across species and cell types. Among these, the most abundant repeats by copy number in the human genome are Alu retrotransposons. Though Alu elements are often studied for their mutagenic potential, there is increasing appreciation for their contributions to other biological functions, including pro-inflammatory signaling and mitochondrial dysfunction. However, a comprehensive analysis of Alu-driven molecular changes remains to be conducted, and Alu's potential contributions to aging features remain incompletely characterized. Here, we show that overexpression of an AluJb transposon in human primary IMR-90 fibroblasts leads to large-scale alterations across the transcriptome, cellular proteome, and secretome. Functional genomics analyses reveal alterations in aging pathways, broadly, and mitochondrial metabolism, proteostasis, cell cycle, and extracellular matrix pathways, more specifically. Our results demonstrate that Alu transcriptional upregulation is sufficient to drive widespread disruptions to cellular homeostasis that mirror aging-associated alterations.","Juan I Bravo, Eyael Tewelde, Christina D King, Joanna Bons, Samah Shah, Jacob Rose, Judith Campisi, Birgit Schilling, Bérénice A Benayoun",GeroScience,2025-12-11,2026 Jun,10.1007/s11357-025-02033-6,https://pubmed.ncbi.nlm.nih.gov/41381971/,0,,2,mitochondrial dysfunction,1,cellular senescence,3,IMR-90,3,transcriptomics;proteomics,36.0,0.5454545454545454,8,0.4813683,118,0.5102927261394568,0.75,0.6541170904557827,39,0,0,0,0,1,1,0,6,High,,batch003,,,,,,A multi-omics analysis of human fibroblasts overexpressing an Alu transposon reveals widespread disruptions in aging-associated pathways.,3,0,0,2,0.6541170904557827,0.6666666666666666,0.0,0.0,1.0,1.0,54.56076483261906,32,Moderate
42278258,Metformin Alleviates Stress-Induced Premature Senescence of Vascular Endothelial Cells by Regulating Mitocytosis.,"Stress-induced premature senescence (SIPS) of endothelial cells can cause endothelial dysfunction. As a first-line antidiabetic agent, the specific role of metformin in SIPS has not yet been clarified. In this study, an in vitro SIPS model was induced by exposing human umbilical vein endothelial cells (HUVECs) to hydrogen peroxide (H2O2), and the effects of metformin on cell senescence, proliferation, migration, tube formation, and mitochondrial function were evaluated. Gene expressions altered by metformin were profiled via transcriptome sequencing. Specifically, the potential involvement of migrasome-mediated mitocytosis in metformin-driven effects was examined using confocal microscopy and siRNA-mediated silencing. The results showed that metformin significantly reduced SA-β-gal activity and restored the migration and tube-forming capacities of H2O2-induced senescent HUVECs. Moreover, metformin regulated mitochondrial dynamics, restored mitochondrial membrane potential, and attenuated intracellular oxidative stress. Notably, transcriptomic and functional analyses suggested that metformin enhanced migrasome formation and migrasome-mediated mitocytosis. Inhibition of migrasome formation by siTSPAN4 abolished the protective effect of metformin against SIPS. Collectively, these findings demonstrate that metformin alleviates early SIPS-associated changes in HUVECs and suggest that migrasome-mediated mitocytosis contributes to this protection by ameliorating mitochondrial dysfunction. This provides novel mechanistic insight into the vascular protective effects of metformin.","Hui Lu, Qing Mu, Boqun Wang, Yan Chen, Binghui Zeng, Lisha Gu, Wei Zhao",International journal of molecular sciences,2026-05-24,2026 May 24,10.3390/ijms27114724,https://pubmed.ncbi.nlm.nih.gov/42278258/,0,,2,mitochondrial dynamics;mitochondrial dysfunction;mitochondrial membrane potential,3,stress-induced premature senescence,0,,1,transcriptomics,33.0,0.5,20,0.57769084,56,0.7110743530706002,0.6875,0.69692974122824,29,0,0,2,1,0,0,0,7,High,,batch003,,,,,,Metformin Alleviates Stress-Induced Premature Senescence of Vascular Endothelial Cells by Regulating Mitocytosis.,1,0,2,2,0.69692974122824,0.6666666666666666,0.0,1.0,0.3333333333333333,0.0,54.3925409429884,33,Moderate
42656544,Mitochondrial regulation of cellular senescence heterogeneity.,"Cellular senescence is a stable cell-cycle arrest program accompanied by extensive metabolic remodeling and acquisition of a senescence-associated secretory phenotype (SASP). Emerging evidence indicates that senescence is not a uniform endpoint but a heterogeneous spectrum of cell states shaped by the nature of the initiating stimulus. Mitochondria have recently emerged as central regulators of this heterogeneity by integrating metabolic, redox, and inflammatory signaling. Senescent cells share common mitochondrial features-including increased mitochondrial mass, elevated reactive oxygen species (ROS), impaired mitophagy, and altered metabolic programs-yet distinct senescence subtypes exhibit unique mitochondrial adaptations. Replicative senescence is governed by a telomere-mitochondria feedback loop, whereas stress- and oncogene-induced senescence involve rapid mitochondrial stress responses and stimulus-specific metabolic rewiring. Therapy-induced senescence further introduces context-dependent mitochondrial dependencies that influence therapeutic resistance and senolytic vulnerability. In this review, we synthesize current understanding of mitochondrial regulation across senescence subtypes and highlight how mitochondrial dysfunction actively drives senescence heterogeneity. We further discuss emerging therapeutic strategies that exploit mitochondrial vulnerabilities to selectively modulate or eliminate senescent cells. Understanding mitochondrial control of senescence heterogeneity provides a conceptual framework for developing precision interventions in aging and cancer.","Minseo Ahn, Sung-Jin Yoon, Jae Ho Seo",Frontiers in cell and developmental biology,2026-08-12,2026,10.3389/fcell.2026.1866640,https://pubmed.ncbi.nlm.nih.gov/42656544/,0,,2,mitophagy;mitochondrial dysfunction,3,cellular senescence;replicative senescence;therapy-induced senescence;senescent cells,0,,0,,30.0,0.4545454545454545,33,0.74448967,2,0.988474435713855,0.5,0.6953897742855419,9,0,0,1,1,0,0,0,7,High,pubmed_articles.csv,batch_001,canonical_literature_v1,phd_evidence_strength_v1,phd_biological_score_v1,sentence-transformers/all-MiniLM-L6-v2,pubmed_phd_priority_features_v1,,0,0,1,3,0.6953897742855419,1.0,0.0,0.5,0.0,0.0,54.338642099993976,34,Moderate
41846081,Paeonol alleviates granulosa cell senescence in laying chickens via the PI3K/Akt/mTOR signaling pathway.,"BACKGROUND: Ovarian aging compromises reproductive health and reduces egg production, posing a persistent challenge to the poultry industry. Mitochondrial dysfunction in granulosa cells (GCs) accelerates reactive oxygen species (ROS) accumulation and induces apoptosis in both GCs and oocytes. The impact of Paeonol on mitochondrial function in avian GCs remains unclear. METHODS: In this study, we evaluated the antioxidant activity of Paeonol in a D-galactose (D-gal)-induced senescent GC model and further examined its effects in late-laying hens receiving dietary Paeonol supplementation. Cellular senescence, apoptosis, oxidative stress, mitochondrial status, and PI3K/Akt /mTOR signaling were assessed using molecular and cellular assays, complemented by transcriptomic analysis. RESULTS: In vitro, Paeonol treatment significantly mitigated the D-gal-induced imbalance between proliferation and apoptosis in GCs, reduced mitochondrial ROS, increased mitochondrial membrane potential, and improved mitochondrial morphology, consistent with attenuated oxidative stress and mitochondrial dysfunction. Importantly, inhibition of the PI3K/Akt/mTOR pathway with LY294002 partially attenuated Paeonol's cytoprotective effects, suggesting pathway involvement. In vivo, dietary supplementation with Paeonol promoted follicular development and improved egg-laying performance. Paeonol also improved antioxidant capacity and increased the transcription of multiple antioxidant enzyme genes in GCs. In addition, mitochondrial dynamics-related proteins involved in fusion and fission were upregulated, implying improved maintenance of mitochondrial structure and function. CONCLUSION: These findings indicate that Paeonol may mitigate D-gal-associated GC senescence and mitochondrial impairment, with PI3K/Akt /mTOR signaling potentially contributing to these effects. Paeonol warrants further evaluation as a dietary supplement for supporting reproductive function in late-laying hens.","Yingyu Xiao, Qiongyu Yuan, Xiangyu Cai, Zhaoyu Yang, Wanyue Gao, Jing Dong, Weidong Zeng, Caiqiao Zhang, Yuling Mi",Poultry science,2026-03-08,2026 Jun,10.1016/j.psj.2026.106750,https://pubmed.ncbi.nlm.nih.gov/41846081/,0,,2,mitochondrial dynamics;mitochondrial dysfunction;mitochondrial membrane potential;mitochondrial ros,3,cellular senescence,0,,1,transcriptomics,33.0,0.5,20,0.56740737,62,0.6896387489316559,0.6875,0.6883554995726624,30,0,0,3,1,0,0,0,7,High,,batch003,,,,,,Paeonol alleviates granulosa cell senescence in laying chickens via the PI3K/Akt/mTOR signaling pathway.,1,0,2,2,0.6883554995726624,0.6666666666666666,0.0,1.0,0.3333333333333333,0.0,54.09244248504318,35,Moderate
42278548,Modulation of NFκB Signaling by Natural Compounds in Sarcoma and Normal Muscle Models.,"Berberine, curcumin, biochanin A, cucurbitacin E, and caffeic acid phenethyl ester (CAPE) are plant-derived compounds with long histories of use in traditional medicine for inflammatory and proliferative conditions. Their known capacity to modulate NF-κB signaling makes them candidates for anticancer investigation, particularly in mesenchymal malignancies such as fibrosarcoma, which arise in muscle-rich environments shared with normal myogenic tissue. To evaluate the selective anticancer potential of these compounds in fibrosarcoma (WEHI-164) and normal muscle (L6) cells, with focus on mitochondrial function, mitophagy, cellular senescence, and NF-κB-related metabolic pathways, alongside preliminary in vivo toxicity assessment. IC50 values were determined using MTT and PrestoBlue® assays. Mitochondrial membrane potential was assessed using JC-1 and normalized to the matched untreated control for each cell line, and mitophagy by PINK1/PARKIN immunofluorescence colocalisation together with a mitophagy dye assay. Cellular senescence was measured using a β-galactosidase assay, and ATP levels by a luminescence-based method. Gene expression of NF-κB pathway components and PFKFB3 was analyzed by RT-qPCR. In vivo-like toxicity was assessed using the Galleria mellonella model, including PBS handling, DMSO vehicle, and 70% ethanol utility controls, with survival data analyzed by Kaplan-Meier curves and the log-rank test. The compounds differentially affected normal and cancer cells, indicating selectivity toward malignant phenotypes. Decreased ATP and mitochondrial depolarization suggest disruption of bioenergetic homeostasis, supported by modulation of mitophagy. Stronger effects in WEHI-164 cells indicate higher susceptibility to mitochondrial dysfunction. Increased cellular senescence suggests inhibition of tumor proliferation. These findings indicate that natural NF-κB modulators may exert anticancer effects by targeting mitochondrial and metabolic homeostasis. Differential sensitivity between normal and tumor cells highlights therapeutic potential. In the G. mellonella model, berberine and curcumin did not differ significantly from the PBS or DMSO controls, whereas CAPE, CurE, and particularly biochanin A produced significantly greater larval mortality. The G. mellonella assay should be regarded only as a preliminary acute toxicity screen, and further in vivo studies in mammalian models are required to clarify mechanisms and clinical relevance.","Justyna Radzka, Agnieszka Gizak, Dagmara Baczyńska, Adam Junka, Bartłomiej Dudek, Malwina Brożyna, Anna Szewczyk, Julita Kulbacka",International journal of molecular sciences,2026-06-02,2026 Jun 02,10.3390/ijms27115025,https://pubmed.ncbi.nlm.nih.gov/42278548/,1,PINK1;PRKN,2,mitophagy;mitochondrial dysfunction;mitochondrial membrane potential,1,cellular senescence,0,,0,,22.0,0.3333333333333333,78,0.46009532,128,0.4659497973288826,0.4583333333333333,0.461379918931553,112,2,1,2,0,0,0,0,6,Moderate,,batch003,,,,,,Modulation of NFκB Signaling by Natural Compounds in Sarcoma and Normal Muscle Models.,1,1,2,2,0.461379918931553,0.6666666666666666,0.5,1.0,0.3333333333333333,0.0,53.64829716260435,36,Moderate
42176909,"4-N-furfurylcytosine, a novel cytosine-derived modulator of mitochondrial and redox homeostasis to counteract aging: Insights from cellular and mouse models.","Mitochondrial dysfunction and redox imbalance are key features of aging that drive cellular senescence, metabolic decline, and tissue degeneration. 4-N-furfurylcytosine (FC), a cytosine derivative with redox-modulating properties, has been proposed to counteract age-associated oxidative damage; however, its effects in mammalian aging remain unexplored. The anti-aging potential of FC was investigated using a translational approach integrating in vitro and in vivo models. Human fibroblasts (MRC-5) and keratinocytes (HaCaT) subjected to physiological and stress-induced senescence were used to assess mitochondrial function, redox balance, and proteostasis, while aged C57BL/6J mice, long-term supplemented with FC were evaluated for systemic metabolic, molecular, and behavioral outcomes. FC enhanced cell survival and mitigated key hallmarks of senescence, including β-galactosidase activity and p16 expression. Moreover, FC reduced intracellular reactive oxygen species and oxidative damage, as evidenced by decreased levels of 8-oxodG, protein carbonyls, and lipid peroxidation. FC improved mitochondrial membrane polarization and increased ATP levels while reducing oxygen consumption, indicating an altered bioenergetic state. Proteomic profiling revealed enrichment of pathways related to mitochondrial maintenance, antioxidant defense, and proteostasis, consistent with enhanced metabolic adaptability. In aged mice, FC supplementation preserved lean body mass, improved coordination and endurance, stabilized lipid and glucose metabolism, maintained telomere integrity, increased mtDNA:nDNA ratio, and reduced systemic oxidative stress markers, indicating delayed molecular aging and preserved mitochondrial function without overt adverse effects detected in the measured readouts. 4-N-furfurylcytosine modulates redox- and mitochondria-associated aging phenotypes in cellular and mouse models, with effects consistent with remodeling of mitochondrial homeostasis and improved resilience to oxidative stress. These findings support FC as a promising candidate for further investigation as a modulator of aging-related processes.","Agnieszka Fedoruk-Wyszomirska, Paweł Pawelczak, Marta Orlicka-Płocka, Dorota Gurda-Woźna, Małgorzata Giel-Pietraszuk, Łukasz Przybył, Grzegorz Framski, Karol Pasternak, Agata Chmurzynska, Eliza Wyszko",Free radical biology & medicine,2026-05-22,2026 Sep,10.1016/j.freeradbiomed.2026.05.312,https://pubmed.ncbi.nlm.nih.gov/42176909/,0,,2,mitochondrial homeostasis;mitochondrial dysfunction,2,cellular senescence,0,,1,proteomics,27.0,0.4090909090909091,45,0.6307319,12,0.7582020703502749,0.4375,0.56578082814011,27,0,0,1,1,0,0,0,7,High,pubmed_articles.csv,batch_001,canonical_literature_v1,phd_evidence_strength_v1,phd_biological_score_v1,sentence-transformers/all-MiniLM-L6-v2,pubmed_phd_priority_features_v1,,1,0,1,3,0.56578082814011,1.0,0.0,0.5,0.3333333333333333,0.0,53.13566231823719,37,Moderate
42628756,Dapagliflozin attenuates cellular senescence and mitochondrial dysfunction in diabetic kidney disease: potential involvement of AMPK/Sirt3 signaling.,"Cellular senescence contributes to the pathology of diabetic kidney disease (DKD). Besides, mitochondrial dysfunction and cellular senescence are closely associated pathological processes that may influence one another during kidney injury progression. Dapagliflozin has demonstrated its renal protective benefits independent of the glucose-lowering effects, yet whether it acts via modulating cellular senescence is poorly understood. The design of our study is to explore the potential renal protective mechanism of dapagliflozin, focusing on cellular senescence and mitochondrial function. The streptozotocin-induced diabetic mice and high glucose-treated human renal tubular epithelial (HK-2) cells were used to achieve the purpose. We also employed Compound C and Sirt3 knockdown by small interfering RNA transfection to examine dapagliflozin's effect on AMPK/Sirt3 signalling pathway in HK-2 cell experiments. Dapagliflozin reduced the expression of renal senescence markers in both in vivo and in vitro experiments. Concurrently, dapagliflozin improved mitochondrial function, with evidence in mitochondrial membrane potential restoration, mitochondrial dynamics, and mitochondrial reactive oxygen species reduction, and lowered the levels of senescence-associated secretory phenotypes. Mechanistically, AMPK phosphorylation and Sirt3 expression level were attenuated by AMPK inhibitor compound C, which consequently attenuated dapagliflozin-mediated protective effects. Knockdown of Sirt3 in HK-2 cells substantially reduced dapagliflozin's improvements on mitochondrial function and its protective effects against cellular senescence, thereby reversing its alleviation of kidney function. Dapagliflozin treatment attenuated renal cellular senescence and improved mitochondrial function in DKD. Our findings support the involvement of AMPK/Sirt3 signaling in these renoprotective effects, as evidenced by the attenuation of dapagliflozin-mediated protection following AMPK inhibition and knockdown of Sirt3.","Xin Tong, Bin Wang, Fenfei Gao, Ailing Zhong, Wenjun Fan, Yanmei Zhang, Weiyi Huang",Biochemical pharmacology,2026-08-22,2026 Nov,10.1016/j.bcp.2026.118382,https://pubmed.ncbi.nlm.nih.gov/42628756/,3,SIRT3,2,mitochondrial dynamics;mitochondrial dysfunction;mitochondrial membrane potential,3,cellular senescence,1,kidney,0,,45.0,0.6818181818181818,4,0.58492553,29,0.6654792509013763,0.8125,0.7536917003605506,4,0,0,2,1,0,0,0,7,Very High,pubmed_articles.csv,batch_001,canonical_literature_v1,phd_evidence_strength_v1,phd_biological_score_v1,sentence-transformers/all-MiniLM-L6-v2,pubmed_phd_priority_features_v1,,0,0,2,2,0.7536917003605506,0.6666666666666666,0.0,1.0,0.0,0.0,53.04587617928593,38,Moderate
42086890,Loss of sirtuin 3 disrupts cellular senescence signaling pathways.,"Cellular senescence is a multifaceted stress response marked by stable proliferative arrest and the secretion of diverse biologically active factors, collectively known as the senescence-associated secretory phenotype (SASP). The senescent phenotype is remarkably variable and subject to various regulatory influences. We previously demonstrated that mitochondrial dysfunction induced by diverse stimuli, including the loss of sirtuin 3 (SIRT3), leads to the hyperactivation of AMPK and p53, culminating in senescence while concurrently suppressing much of the proinflammatory SASP. Here, we extend our findings by revealing that the absence of SIRT3 can suppress segments of the SASP even in the absence of p53. Intriguingly, SIRT3 deficiency renders cells resistant to stimulation by exogenous cytokines, such as interleukin-1. Fibroblasts derived from Sirt3 knockout mice exhibit a diminished SASP, including reduced levels of Pdgfa, and these mice display impaired wound healing and a more expansive granulation area. Furthermore, aged Sirt3 knockout mice show disrupted patterns of senescence relative to wild type controls, including increases in senescence markers in adipose tissue, but surprisingly also decreases in liver and heart. Collectively, these data underscore a role for SIRT3 in orchestrating cellular senescence phenotypes, shedding light on its regulatory influence beyond the p53-dependent pathway.","Niharika Kura, Bronwyn A Mogck, Samantha T Jezak, Michael C Velarde, Christopher D Wiley",GeroScience,2026-05-06,2026 Jun,10.1007/s11357-026-02284-x,https://pubmed.ncbi.nlm.nih.gov/42086890/,2,SIRT3,2,mitochondrial dysfunction,3,cellular senescence,0,,0,,38.0,0.5757575757575758,6,0.6138029,31,0.7863489270035038,0.7916666666666666,0.7895395708014015,7,0,0,0,1,0,0,0,5,Very High,,batch003,,,,,,Loss of sirtuin 3 disrupts cellular senescence signaling pathways.,0,0,0,3,0.7895395708014015,1.0,0.0,0.0,0.0,0.0,52.63388497804905,39,Moderate
42281372,ROS-Responsive H2S Release Attenuates Renal Aging by Preserving Mitochondrial Function and Mitigating Oxidative Stress.,"Cellular senescence is a durable state of cell-cycle arrest, and the progressive accumulation of senescent cells compromises tissue repair and promotes age-related functional decline. ROS drive oxidative stress when excessively produced or inadequately cleared, thereby inducing mitochondrial dysfunction that accelerates senescence. In this work, ROS-responsive branched reductive compound HS-N has been designed and synthesized, which serves as a dual-functional donor: effectively scavenges ROS and simultaneously releases H2S, thereby converting a toxic stimulus into a beneficial signal. Consistent with the effects against oxidative injury, HS-N attenuated stress-induced senescence and restored fibroblast cells' migratory capacity in scratch wound-healing assays by preserving mitochondrial membrane potential and integrity. In naturally aged mice, repeated intraperitoneal administration of HS-N was well tolerated and significantly lowered serum urea, accompanied by reduced renal NOX4 expression and a decrease in serum IL-1β. Histopathological analysis further indicated attenuation of age-associated glomerular hypertrophy without overt lesions in major organs. These results suggest that HS-N alleviates senescence by stabilizing mitochondrial function and modulating redox-linked inflammatory signaling. This work provides a promising framework and insight into how supramolecular and ROS-responsive regulation leverage a ""turn poison into medicine"" strategy through ROS-triggered H2S release.","Lili Luo, Huijie Ma, Linxiang Zhou, Yi Zhu, Min Ma, Yuxuan Ding, Lixin Ma, Xuli Feng, Libing Liu",ACS applied materials & interfaces,2026-06-12,2026 Jun 24,10.1021/acsami.6c07242,https://pubmed.ncbi.nlm.nih.gov/42281372/,0,,2,mitochondrial dysfunction;mitochondrial membrane potential,3,cellular senescence;senescent cells,2,fibroblast,0,,36.0,0.5454545454545454,8,0.5730193,58,0.7013366592610939,0.75,0.7305346637044375,17,0,0,1,1,1,0,0,10,High,,batch003,,,,,,ROS-Responsive H2S Release Attenuates Renal Aging by Preserving Mitochondrial Function and Mitigating Oxidative Stress.,0,0,1,2,0.7305346637044375,0.6666666666666666,0.0,0.5,0.0,1.0,52.23537989632197,40,Moderate
42312904,Therapeutic Potential of miR-196a in Protecting Corneal Endothelial Cells From Senescence Through Mitochondrial and TGF-β Signaling Modulation.,"PURPOSE: Corneal endothelial cells (CECs) play a vital role in maintaining corneal transparency and function, with their hexagonal morphology being a hallmark of proper cellular packing and barrier integrity. This study investigates the functional role of miR-196a in regulating key cellular processes, including viability, cell cycle progression, stemness, mitochondrial function, and senescence. METHODS: Human CECs were cultured and transfected with miR-196a mimics or inhibitors. Cell viability, proliferation, and cell cycle progression were assessed using the CCK-8 assay and flow cytometry. Gene expression was analyzed through real-time polymerase chain reaction and Western blotting. Mitochondrial function was evaluated using JC-1 staining and by measuring mitophagy markers. Senescence was induced using transforming growth factor β (TGF-β) and detected by senescence-associated β-galactosidase staining. Cytoskeletal changes were visualized through immunofluorescence staining. Signaling pathway activation was assessed using Western blotting and immunofluorescence. RESULTS: miR-196a overexpression enhanced cell viability, promoted cell cycle progression, and upregulated stemness markers, while its inhibition had opposite effects. It increased mitochondrial membrane potential and suppressed mitophagy markers. miR-196a modulated autophagy, cytoskeletal dynamics, and inflammation-related pathways by regulating ROCK1, ROCK2, and PAD4. It activated prosurvival pathways (YAP, MAPK) and reduced p53 levels. Importantly, miR-196a mitigated TGF-β-induced senescence by improving mitochondrial function, suppressing autophagy, and modulating TGF-β signaling components. CONCLUSIONS: These results showed the protective role of miR-196a in maintaining cellular function and suggest its therapeutic potential for addressing aging-related diseases, fibrotic disorders, and mitochondrial dysfunction. This study underscores miR-196a as a promising target for therapies aimed at counteracting cellular senescence and promoting regenerative capacities. TRANSLATIONAL RELEVANCE: miR-196a may serve as a novel therapeutic target for preserving corneal endothelial function and preventing age-related degeneration.","Hye-Jin Son, Gyeong Min Lee, Yunkyoung Ryu, Kyung Bo Noh, Jin Sun Hwang, Sun-Hee Oh, Young Joo Shin",Translational vision science & technology,,2026 Jun 01,10.1167/tvst.15.6.23,https://pubmed.ncbi.nlm.nih.gov/42312904/,0,,2,mitophagy;mitochondrial dysfunction;mitochondrial membrane potential,3,cellular senescence,0,,0,,30.0,0.4545454545454545,32,0.5394516,82,0.631365732224322,0.625,0.6275462928897289,47,0,0,2,1,0,0,0,7,High,,batch003,,,,,,Therapeutic Potential of miR-196a in Protecting Corneal Endothelial Cells From Senescence Through Mitochondrial and TGF-β Signaling Modulation.,1,0,2,2,0.6275462928897289,0.6666666666666666,0.0,1.0,0.3333333333333333,0.0,51.964120251140514,41,Moderate
42295095,"Mitochondrial Dynamics in Cellular Senescence: Mechanisms, Context Dependence, and Therapeutic Potential.","Mitochondria function as the primary energy centers of cells, and the dynamic equilibrium between their fission and fusion is essential for preserving cellular functional integrity and metabolic homeostasis. As research in cell biology has advanced, an imbalance in mitochondrial dynamics is tightly and bidirectionally linked to cellular aging. It not only contributes to aging-related functional decline but is also exacerbated by the senescent state itself, creating a vicious cycle that impacts key biological processes. Recent studies have demonstrated that the disruption of mitochondrial fission and fusion during aging, through mechanisms such as impaired cellular energy metabolism, increased oxidative stress, compromised mitophagy, and the induction of senescence-associated secretory phenotypes, collectively accelerates the functional decline of cells and organs. Nonetheless, many questions remain regarding the specific regulatory network of mitochondrial dynamics and its variations across different stages of aging. The aim of this review is to systematically elucidate the fundamental role of imbalances in mitochondrial dynamics in the context of cellular aging, along with its underlying molecular mechanisms. This review summarizes various intervention strategies targeting this process, including targeted therapies, small molecule regulators, stem cell therapy, lifestyle modifications, and innovative mitochondrial transplantation technology, whereas these approaches are still in experimental or early-stage development, and their translational potential requires further validation. The ultimate objective is to offer novel theoretical insights and potential therapeutic approaches for mitigating aging and associated diseases.","Dan Wu, Shihao Jiang, Chenyang Li, Xianqi Wang, Yuexiang Ma, Peiwen Wang, Yanan Xu, Heliang Fu, Qianmei Wang, Kuo Shen, Rui Zheng, Junjie Li",Aging and disease,2026-06-05,2026 Jun 05,10.14336/AD.2026.0323,https://pubmed.ncbi.nlm.nih.gov/42295095/,0,,2,mitochondrial fission;mitochondrial dynamics;mitophagy,2,cellular senescence,0,,0,,24.0,0.3636363636363636,59,0.7162994,1,1.0,0.5,0.7,27,0,0,3,1,0,0,0,7,High,,batch003,,,,,,"Mitochondrial Dynamics in Cellular Senescence: Mechanisms, Context Dependence, and Therapeutic Potential.",0,0,2,2,0.7,0.6666666666666666,0.0,1.0,0.0,0.0,51.16666666666666,42,Moderate
42176571,Prostaglandin D2 reinforces mitochondrial quality control to enhance ovarian and embryonic competence.,"Prostaglandin D2 (PGD2) is a bioactive lipid mediator implicated in ovarian physiology; however, its role in mitochondrial regulation and aging-associated reproductive dysfunction remains insufficiently defined. Here, we investigated whether PGD2 restores ovarian competence through coordinated mitochondrial and endocrine remodeling using human granulosa (KGN) cells, primary ovarian cells from aged mice, and preimplantation embryos. PGD2 significantly enhanced cellular viability and attenuated senescence-associated β-galactosidase activity. Structural and functional analyses demonstrated restoration of mitochondrial network integrity, increased mitochondrial membrane potential (ΔΨm), elevated basal respiration, spare respiratory capacity, and ATP production, together with reduced proton leak, indicating improved oxidative phosphorylation efficiency. Mechanistically, PGD2 activated a mitochondrial stress-adaptive axis characterized by upregulation of SIRT1 and PINK1 and suppression of PARP1, suggesting enhanced mitochondrial quality control and preservation of metabolic flexibility. Concomitantly, PGD2 promoted steroidogenic activation, evidenced by increased StAR and CYP11A1 expression and significantly elevated estradiol and progesterone secretion. Adaptive remodeling of gonadotropin receptor signaling was observed, with increased LHR/LHCGR and reduced FSHR and AMH expression, reflecting a shift toward an LH-responsive maturation-aligned phenotype. Importantly, these ovarian cellular improvements translated to the embryonic stage. PGD2 enhanced mitochondrial membrane potential, accelerated cleavage kinetics, and improved progression to the morula and blastocyst stages. Blastocysts exhibited transcriptional patterns consistent with maternal metabolic reprogramming, including increased StAR, CYP11a1, Sirt1, and LHCGR expression. Collectively, these findings demonstrate that PGD2 restores ovarian resilience through hierarchical mitochondrial reinforcement, endocrine activation, and adaptive receptor remodeling, thereby enhancing embryonic developmental competence. PGD2 may represent a potential therapeutic modulator for improving reproductive outcomes under aging-associated ovarian dysfunction.","Yu Ha Shim, Jin Young An, Ji Soo Ryu, Hyun Seung Lee, Seung A Oh, Eun Hye Moon, Jae Ho Lee",Biomedicine & pharmacotherapy = Biomedecine & pharmacotherapie,2026-05-23,2026 Jul,10.1016/j.biopha.2026.119524,https://pubmed.ncbi.nlm.nih.gov/42176571/,1,PINK1,2,mitochondrial quality control;mitochondrial membrane potential,0,,0,,0,,16.0,0.2424242424242424,130,0.57653403,57,0.708663015144397,0.3333333333333333,0.4834652060577588,103,1,1,2,0,0,0,0,6,Moderate,,batch003,,,,,,Prostaglandin D2 reinforces mitochondrial quality control to enhance ovarian and embryonic competence.,0,1,2,2,0.4834652060577588,0.6666666666666666,0.5,1.0,0.0,0.0,51.08794887868823,43,Moderate
42359697,"Mitochondria‑endoplasmic reticulum contact site nexus: Molecular integration, disease pathogenesis and therapeutic opportunities (Review).","Mitochondria‑endoplasmic reticulum contact sites (MERCs) are dynamic, nanoscale membrane domains that serve as crucial signaling hubs for inter‑organellar communication. These specialized interfaces are maintained by a complex network composed of tethering, promoter, and disruptor proteins and coordinate a wide range of cellular processes, such as calcium and zinc ion homeostasis, lipid biosynthesis and transfer, redox signaling, mitochondrial dynamics (fission, fusion and mitophagy), autophagy, apoptosis, inflammation and cellular senescence. Accordingly, the structural and functional integrity of MERCs is vital for cellular adaptation and survival. Nevertheless, MERC plasticity is often impaired in various human pathologies. Alterations in MERC composition, abundance, or function are regarded as pathogenic mechanisms in neurodegenerative diseases, metabolic disorders, cardiovascular conditions, cancer and orthopedic diseases. Common manifestations of MERC dysfunction include disrupted ion signaling, bioenergetic failure, excessive oxidative stress, and impaired organelle quality control. Therefore, targeted modulation of MERCs represents a promising therapeutic avenue. However, translating this potential into clinical practice faces considerable challenges. This is because MERC function is dynamic, context‑dependent and dualistic; both excessive and deficient coupling can drive pathology. Future progress hinges on deciphering the precise regulatory codes that govern MERC assembly, developing tools for real‑time, high‑resolution in vivo analysis, and designing innovative, cell‑type‑specific interventions that normalize rather than simply inhibit or enhance MERC function. A multidisciplinary approach integrating spatial proteomics, super‑resolution imaging, and advanced disease modeling is warranted for unlocking the full diagnostic and therapeutic potential of these organelle contact sites.","Yi Liu, Xianda Che, Wei Wei, Chong Teng, Huimin Li",International journal of molecular medicine,2026-06-26,2026 Aug,10.3892/ijmm.2026.5898,https://pubmed.ncbi.nlm.nih.gov/42359697/,0,,2,mitochondrial dynamics;mitophagy,1,cellular senescence,1,cardiovascular,1,proteomics,24.0,0.3636363636363636,59,0.5991075,37,0.7557167788022215,0.5,0.6022867115208886,53,0,0,2,0,0,0,0,2,High,,batch003,,,,,,"Mitochondria‑endoplasmic reticulum contact site nexus: Molecular integration, disease pathogenesis and therapeutic opportunities (Review).",1,0,2,2,0.6022867115208886,0.6666666666666666,0.0,1.0,0.3333333333333333,0.0,51.080034903231095,44,Moderate
42542263,Asiaticoside attenuates endothelial cells senescence in diabetic retinopathy via CCND1-mediated mitophagy through the PI3K/AKT/mTOR pathway.,"ETHNOPHARMACOLOGICAL RELEVANCE: Diabetic retinopathy (DR), a predominant microvascular complication of diabetes mellitus, is pathologically characterized by endothelial dysfunction and blood-retinal barrier (BRB) disruption. Asiaticoside (AC), a bioactive phytochemical constituent derived from traditional Chinese medicinal herbs, has shown promising therapeutic potential against a spectrum of diabetic complications. Nevertheless, the explicit molecular targets and the detailed pharmacological mechanisms underlying the protective effects of this herbal ingredient against DR have not yet been fully elucidated. AIM OF THE STUDY: This study aimed to investigate the therapeutic effects and underlying mechanisms of AC in attenuating the progression of DR by targeting Cyclin D1 (CCND1) to negatively regulate the PI3K-AKT-mTOR pathway and activating mitophagy, thereby providing a promising therapeutic strategy for DR treatment. MATERIALS AND METHODS: C57BL/6J mice were utilized to establish diabetic mouse model via intraperitoneal injection of streptozotocin (STZ) then treated with AC. Human microvascular endothelial cells (HMECs) were exposed to high glucose (HG; 35 mM) to construct high-glucose model and treated with AC, mitophagy inhibitor 3-MA, mitophagy agonist CCCP and PI3K agonist 740-YP. Genetic knockdown via siRNA was performed to validate CCND1 effect on cellular senescence and mitophagy. The senescence level of retina, mice visual contrast sensitivity and retinal vascular leakage were evaluated by western blotting, immunofluorescence, OptoDrum eyes tracker system and evans blue staining respectively. Cell viability, cellular senescence, cell migratory capacity, apoptosis, mitophagy, mitochondrial morphology, mitochondrial function, and ultrastructural changes were assessed by CCK8 assays, wound-healing assay, western blotting, immunofluorescence, and transmission electron microscopy (TEM) respectively. RESULTS: AC treatment significantly lowered the visual contrast threshold by approximately 18% and reduced retinal vascular leakage in diabetic mice. In vitro, AC ameliorated high glucose-induced endothelial cell senescence, attenuated cellular and mitochondrial dysfunction as well as reactive oxygen species (ROS) production, and induced mitophagy. Bioinformatics analysis identified CCND1 as one of the key senescence-related genes upregulated in DR, AC intervention significantly inhibited its overexpression. Furthermore, knockdown of CCND1 recapitulated the protective effects of AC, enhancing mitophagy and suppressing senescence phenotypes. Mechanistically, AC treatment or CCND1 knockdown inhibited high glucose-induced activation of the PI3K-AKT-mTOR signaling pathway, while the PI3K agonist 740 YP completely reversed these beneficial effects of AC. CONCLUSION: We firstly revealed that AC attenuates DR progression by alleviating cellular senescence in HMECs by modulating CCND1. Notably, the present study is the first to explore the pathological role of CCND1 in DR beyond its classical cell-cycle regulatory function, which provides a novel and promising therapeutic target and intervention strategy for DR treatment.","Zhouyang Chen, Yuxin Luo, Xueying Lou, Songwei Chen, Yan Qian, Xiaowei Yang, Ying Yu",Journal of ethnopharmacology,2026-08-01,2026 Aug 01,10.1016/j.jep.2026.122256,https://pubmed.ncbi.nlm.nih.gov/42542263/,0,,3,mitophagy;mitochondrial dysfunction,3,cellular senescence,0,,0,,36.0,0.5454545454545454,8,0.408905,141,0.3592450142871788,0.75,0.5936980057148715,58,0,0,1,1,0,0,1,9,High,,batch003,,,,,,Asiaticoside attenuates endothelial cells senescence in diabetic retinopathy via CCND1-mediated mitophagy through the PI3K/AKT/mTOR pathway.,0,0,1,3,0.5936980057148715,1.0,0.0,0.5,0.0,0.0,50.77943020002051,45,Moderate
42518074,Cellular Senescence in Diabetic Cardiomyopathy: Mechanistic Insights and Therapeutic Perspectives.,"Diabetic cardiomyopathyis a distinct cardiac disorder marked by diabetes-associated myocardial structural and functional abnormalities, developing independently of other overt cardiovascular diseases. Mounting evidence suggests that cellularsenescence serves as a central mechanism, linking metabolic stress to mitochondrial dysfunction, chronic inflammation, and adverse cardiac remodeling. In the diabetic heart, senescence manifests as sustained cell-cycle arrest, impaired mitochondrial function, and a proinflammatory senescence-associated secretory phenotype (SASP). These features collectively drive detrimental structural and functional remodeling. Mechanistically, this process involves defective mitochondrial quality control, influenced by regulators such as Sirtuin 3 (SIRT3) and ATP synthase O subunit (ATP5O). Furthermore, aberrant activation of signaling pathways, including p53, FOXO1-Angiopoietin-like 4 (ANGPTL4), and various miRNA-dependent mechanisms, drives senescence in both cardiomyocytes and cardiac progenitor cells under diabetic conditions. Epigenetic remodeling and RNA methylation further shape this process by influencing transcriptional regulation and proteostasis. Concurrently, immunoinflammatory crosstalk, particularly macrophage polarization and persistent SASP-mediated inflammation, exacerbates myocardial fibrosis and dysfunction. It is notable that type 1 and type 2 diabetes present distinct patterns of senescence burden, mitochondrial impairment, and cardiac phenotypes.Promising therapeutic strategies targeting senescence-associated pathways, including senolytics, metabolic modulators, mitochondrial protectants, and epigenetic regulators, have demonstrated potential in preclinical and emerging clinical studies. This review integrates current insights into the complex interplay among metabolic stress, mitochondrial injury, and cellular senescence in Diabetic cardiomyopathy. It also highlights promising directions for mechanism-based interventions aimed at combating diabetic cardiac remodeling.","Ting Ye, Donglin Yang, Xinrui Chang, Dongdong Wu, Yuman Lei, Chengcheng Mu, Yizhe Zhao, Shouzhu Xu",Cardiovascular drugs and therapy,2026-07-28,2026 Jul 28,10.1007/s10557-026-07923-1,https://pubmed.ncbi.nlm.nih.gov/42518074/,1,SIRT3,2,mitochondrial quality control;mitochondrial dysfunction,3,cellular senescence,1,myocardial;cardiovascular,0,,37.0,0.5606060606060606,7,0.6775818,6,0.9192942511807805,0.7708333333333334,0.8302177004723121,3,0,0,1,1,0,0,0,7,Very High,,batch003,,,,,,Cellular Senescence in Diabetic Cardiomyopathy: Mechanistic Insights and Therapeutic Perspectives.,0,0,1,2,0.8302177004723121,0.6666666666666666,0.0,0.5,0.0,0.0,50.7242861831976,46,Moderate
42627996,"Mitochondrial dysfunction, metabolic quiescence and premature senescence in CMT4B3 fibroblasts.","Charcot-Marie-Tooth disease type 4B3 (CMT4B3) is an ultra-rare autosomal recessive neuropathy caused by mutations in the MTMR5/SBF1 gene. In this study, we characterized dermal fibroblasts derived from a patient carrying compound-heterozygous MTMR5/SBF1 variants (R763H/G1064E) and identified alterations affecting mitochondrial metabolism and cellular stress pathways. Patient fibroblasts exhibited fragmented mitochondrial networks with a shift toward fission, together with reduced ATP production, while mitochondrial mass, respiratory chain assembly, and markers of mitochondrial biogenesis were preserved. In line with our previous evidence of enhanced mitophagy, these findings support the presence of altered mitochondrial quality control. The reduction in cellular energy production was not accompanied by increased glycolytic activity, indicating a metabolically quiescent phenotype. Transcriptomic profiling revealed dysregulation of the PI3K/AKT signalling pathway. AKT phosphorylation at Ser473 was increased in the absence of complete canonical AKT activation. These signalling changes were associated with increased expression of p53 and p21 and with features consistent with premature cellular senescence. Overall, our findings identify metabolic quiescence and premature senescence as previously unrecognized aspects of CMT4B3 cellular pathology and suggest that altered coordination between mitochondrial metabolism and intracellular signalling may contribute to disease pathogenesis.","Paola Zanfardino, Alessandro Amati, Sharon Cox, Gennaro Agrimi, Stefano Doccini, Patricio Fernández-Silva, Apollonia Tullo, Jessica Rosati, Filippo M Santorelli, Vittoria Petruzzella",Human molecular genetics,,2026 Aug 10,10.1093/hmg/ddag080,https://pubmed.ncbi.nlm.nih.gov/42627996/,0,,2,mitophagy;mitochondrial quality control;mitochondrial biogenesis;mitochondrial dysfunction,2,cellular senescence,0,,1,transcriptomics,27.0,0.4090909090909091,45,0.6590214,7,0.815466642958836,0.4375,0.5886866571835344,21,0,0,3,1,0,0,0,7,High,pubmed_articles.csv,batch_001,canonical_literature_v1,phd_evidence_strength_v1,phd_biological_score_v1,sentence-transformers/all-MiniLM-L6-v2,pubmed_phd_priority_features_v1,,1,0,2,2,0.5886866571835344,0.6666666666666666,0.0,1.0,0.3333333333333333,0.0,50.6040330014237,47,Moderate
42160006,SIRT6-Mediated Deacetylation of ATF3 Promotes Silica-Induced Lung Fibrosis by Enhancing its Nuclear Import via Binding to Importin α.,"Silicosis is the most common occupational lung disease caused by respirable crystalline silica inhalation, with limited therapeutic options. Cellular senescence plays a critical role in the pathogenesis of lung diseases, while the role of senescent macrophages in silicosis remains unclear. Single-cell RNA sequencing (scRNA-seq) of healthy and silicosis human and mouse lung tissues revealed that activating transcription factor 3 (ATF3)-mediated macrophage senescence is closely linked to silicosis progression. Mechanistically, Sirtuin 6 (SIRT6)-mediated ATF3 deacetylation enhanced its nuclear transport and subsequently activated mitochondria-localized glutamic acid-rich protein (MGARP) transcription, thereby causing mitochondrial dysfunction and macrophage senescence. Senescent macrophages promoted fibroblast activation via the secreted phosphoprotein 1 (SPP1)-cluster of differentiation 44 (CD44) signaling pathway. Furthermore, the nuclear transport protein importin α and the molecular chaperone protein heat shock protein 70 (HSP70) competitively bound to ATF3, preventing its lysosomal degradation while promoting its nuclear import during macrophage senescence. Moreover, the small-molecule inhibitor Itraconazole, which targets the binding site of ATF3 and importin α, could reduce ATF3 nuclear entry, macrophage senescence, and pulmonary fibrosis (PF). Collectively, our study provided insights into the mechanism by which deacetylated ATF3 facilitates silicosis progression via increased nuclear transport and macrophage senescence, and indicated potential therapeutic targets for PF.","Demin Cheng, Wenxia Bu, Fengxu Wang, Yueyuan Jin, Rongzhu Liu, Rui Zhao, Xuehai Wang, Mengna Jiang, Jinping Shen, Xinhang Cheng, Zuming Chen, Li Zhu, Jinlong Li, Zhenzhong Ge, Shichen Miao, Haotian Xu, Xiaoyu Zhou, Dongming Wang, Xinyuan Zhao","Advanced science (Weinheim, Baden-Wurttemberg, Germany)",2026-05-20,2026 Aug,10.1002/advs.75782,https://pubmed.ncbi.nlm.nih.gov/42160006/,0,,2,mitochondrial dysfunction,3,cellular senescence,2,fibroblast,0,,36.0,0.5454545454545454,8,0.5652076,65,0.6850533902038409,0.75,0.7240213560815363,21,0,0,0,1,1,0,0,8,High,,batch003,,,,,,SIRT6-Mediated Deacetylation of ATF3 Promotes Silica-Induced Lung Fibrosis by Enhancing its Nuclear Import via Binding to Importin α.,1,0,0,2,0.7240213560815363,0.6666666666666666,0.0,0.0,0.3333333333333333,1.0,50.34074746285378,48,Moderate
42405973,Emodin alleviates radiation-induced pulmonary fibrosis by targeting cellular senescence via the mtDNA-cGAS-STING axis.,"Radiation-induced pulmonary fibrosis (RIPF) is a severe complication of thoracic radiotherapy with limited effective treatment options. Cellular senescence has emerged as a critical driver of age-related tissue fibrosis; however, its role in RIPF and potential as a therapeutic target are underexplored. In this study, we investigated whether emodin, a natural compound with known anti-aging properties, alleviates RIPF by suppressing radiation-induced cellular senescence. In a mouse model exposed to 16 Gy thoracic irradiation, emodin treatment significantly attenuated pulmonary fibrosis, reduced collagen deposition, and downregulated fibrotic markers. Notably, emodin markedly suppressed radiation-induced senescence in pulmonary epithelial cells, accompanied by reduced secretion of senescence-associated secretory phenotype (SASP) factors. Mechanistically, emodin preserved mitochondrial integrity, curbed mitochondrial reactive oxygen species (mtROS) accumulation, and prevented mitochondrial DNA (mtDNA) leakage into the cytoplasm, thereby inhibiting the cGAS-STING-NF-κB signaling pathway, a key pro-inflammatory axis in senescent cells. Importantly, knockdown of cGAS or treatment with the mitochondrial uncoupler CCCP attenuated the anti-senescent effects of emodin, underscoring the centrality of mitochondrial dysfunction and the mtDNA-cGAS-STING axis in senescence-driven fibrosis. Collectively, these findings identify emodin as a novel senescence-targeting agent that mitigates RIPF by alleviating mitochondrial dysfunction and disrupting the mtDNA-cGAS-STING pathway, highlighting its therapeutic potential in age-related fibrotic diseases.","Wei Duan, Yanling Sha, Xi Tang, Riu Liu, Bin Su, Meijing Huang, Xin Xun, Yunfei Ye",Biogerontology,2026-07-06,2026 Jul 06,10.1007/s10522-026-10472-7,https://pubmed.ncbi.nlm.nih.gov/42405973/,0,,3,mitochondrial dysfunction,3,cellular senescence;senescent cells,0,,0,,36.0,0.5454545454545454,8,0.5571367,71,0.6682298260328944,0.75,0.7172919304131578,23,0,0,0,1,0,0,1,7,High,,batch003,,,,,,Emodin alleviates radiation-induced pulmonary fibrosis by targeting cellular senescence via the mtDNA-cGAS-STING axis.,0,0,0,3,0.7172919304131578,1.0,0.0,0.0,0.0,0.0,50.10521756446052,49,Moderate
42695018,Mitophagy and Cellular Homeostasis in Kidney Diseases: Mechanisms and Potential Therapeutics.,"Mitochondrial homeostasis has attracted increasing interest and is now recognized as playing a significant role in both kidney development and the progression of kidney disease. Among these, the latest approach, mitophagy, has been shown to be activated dynamically and reversibly under various physiological conditions, including reactive oxygen stress, nutrient deficiency, and cellular senescence, to maintain mitochondrial homeostasis and function. Moreover, findings indicate that mitophagy can also maintain mitochondrial quality through interactions and mutual regulation with mitochondrial dynamics. Crucially, a growing number of kidney diseases, such as acute kidney injury, diabetic kidney disease, and other chronic kidney diseases, are linked to abnormal levels of mitophagy. In this review, we comprehensively examined the vital role of mitophagy in kidney diseases, discussed the potential of mitophagy-targeted therapies, and described the detailed alterations in specific mitophagy-related proteins associated with kidney diseases.","Hao Lu, Shenyu Yan, Baoyi Shao, Jianbo Guo, Yifan Wang, Rui Hou, Shen Chen, Meicen Wu, Biao Wei, Fei Li, Xiaoming Meng, Haiyong Chen",International journal of biological sciences,2026-08-12,2026,10.7150/ijbs.138435,https://pubmed.ncbi.nlm.nih.gov/42695018/,0,,2,mitochondrial dynamics;mitophagy;mitochondrial homeostasis,1,cellular senescence,1,kidney,0,,21.0,0.3181818181818182,67,0.5524928,45,0.5998278105443937,0.3125,0.4274311242177575,65,0,0,3,0,0,0,0,2,Moderate,pubmed_articles.csv,batch_001,canonical_literature_v1,phd_evidence_strength_v1,phd_biological_score_v1,sentence-transformers/all-MiniLM-L6-v2,pubmed_phd_priority_features_v1,,0,0,2,3,0.4274311242177575,1.0,0.0,1.0,0.0,0.0,49.960089347621505,50,Moderate
42556484,The role and mechanisms of the cGAS-STING signaling pathway in age-related pathophysiological processes: challenges and therapeutic strategies.,"Agingis characterized by chronic low-grade inflammation (""inflammaging""), a key driver of functional decline and age-related diseases. The cGAS-STING pathway, which senses cytosolic DNA, has emerged as a central mediator of this sterile inflammation. Here, we systematically review the mechanisms of cGAS-STING activation in aging-including mitochondrial DNA leakage, nuclear envelope disruption, and retrotransposon activation-and its role in driving cellular senescence and the senescence-associated secretory phenotype (SASP). We examine the pathway's pathological contributions across multiple systems, including the nervous, cardiovascular, musculoskeletal, metabolic, reproductive, and sensory systems. We also discuss therapeutic strategies targeting cGAS-STING, encompassing small-molecule inhibitors, natural products, nanomedicine, and gene therapy. Furthermore, we integrate AlphaFold3-based structural modeling and CB-DOCK2 molecular docking analyses to characterize the binding modes and affinities of key inhibitors (e.g., H-151, RU.521, VBIT-4, Mdivi-1) to cGAS, STING, VDAC1, and DRP1, providing a structural rationale for their therapeutic potential. Finally, we address current challenges, including tissue-specific effects and pathway complexity, and highlight future directions for translating these insights into clinical interventions for aging and age-associated disorders.","Yutong Wei, Sutong Cai, Yanan Ji, Jie Wang, Tongxin Shang, Bin Dai, Hualin Sun",Biochemical pharmacology,2026-08-05,2026 Nov,10.1016/j.bcp.2026.118317,https://pubmed.ncbi.nlm.nih.gov/42556484/,1,DNM1L,0,,2,cellular senescence,1,cardiovascular,0,,19.0,0.2878787878787879,74,0.6667981,6,0.8312085048441643,0.2708333333333333,0.4949834019376657,47,1,1,0,0,0,0,0,4,Moderate,pubmed_articles.csv,batch_001,canonical_literature_v1,phd_evidence_strength_v1,phd_biological_score_v1,sentence-transformers/all-MiniLM-L6-v2,pubmed_phd_priority_features_v1,,0,1,0,3,0.4949834019376657,1.0,0.5,0.0,0.0,0.0,49.8244190678183,51,Moderate
42641190,Remodeling lipid and mitochondrial homeostasis: a novel mechanism by which polydatin attenuates renal tubular senescence in chronic kidney disease.,"Tubular cell senescence is a well-recognized key driver of chronic kidney disease (CKD) pathogenesis, which imposes a substantial global health burden. Polydatin (PD) is a natural polyphenol derived from Polygonum cuspidatum, its novel potential to modulate tubular cell senescence in CKD-specifically through remodeling lipid dysfunction and restoring mitochondrial homeostasis-remains unelucidated. Our study focused on unraveling the core molecular mechanisms underlying PD driven therapeutic effects in CKD, with SIRT3 as a key target validated by tubule-specific depletion strategies in vivo. PD treatment significantly ameliorates renal dysfunction, attenuates tubular injury, and mitigates interstitial fibrosis in CKD, with consistent renoprotective effects confirmed in vitro. Transcriptomic analyses identified lipid metabolism remodeling and mitochondrial homeostasis restoration as core pathways regulated by PD, with the SIRT3/SOD2 axis emerging as a central regulatory hub. Mechanistically, PD restores SIRT3 expression, which in turn enhances SOD2 deacetylation, boosts antioxidant capacity, reverses lipid dysfunction, and ultimately reduces mitochondrial reactive oxygen species (ROS) accumulation and mitochondrial damage. Notably, PD effectively suppresses the DNA damage response via reducing γH2AX foci formation, thereby alleviating tubular cell senescence (evidenced by decreased p21 expression and SA-β-gal activity in vivo and in vitro). Critically, tubule-specific SIRT3 knockout or siRNA-mediated knockdown abrogated protective effects modulated by PD, underscoring SIRT3 as an essential mediator of its therapeutic actions. Collectively, our study unveils that PD rewires lipid metabolism, restores mitochondrial homeostasis, and activates the SIRT3/SOD2 axis to mitigate DNA damage and suppress tubular senescence, thereby halting CKD progression. These findings position PD as a promising therapeutic candidate for senescence-associated kidney diseases.","Tingting Wang, Hui Wang, Wenfeng Guo, Lingzhi Xu, Lan Feng, Chunni Feng, Han Zhang, Hongbao Liu",International immunopharmacology,2026-08-25,2026 Aug 25,10.1016/j.intimp.2026.117311,https://pubmed.ncbi.nlm.nih.gov/42641190/,2,SIRT3,2,mitochondrial homeostasis,0,,1,kidney,1,transcriptomics,26.0,0.3939393939393939,57,0.5287243,49,0.5517148006274074,0.4166666666666667,0.470685920250963,54,0,0,1,0,0,0,0,2,Moderate,pubmed_articles.csv,batch_001,canonical_literature_v1,phd_evidence_strength_v1,phd_biological_score_v1,sentence-transformers/all-MiniLM-L6-v2,pubmed_phd_priority_features_v1,,1,0,1,3,0.470685920250963,1.0,0.0,0.5,0.3333333333333333,0.0,49.80734054211703,52,Moderate
42613625,"SLC25A12 mitigates mitochondrial dysfunction in myoblast senescence, and alleviates cuproptosis-related changes under copper stress.","BACKGROUND: Sarcopenia is an age-related muscle wasting condition that currently lacks specific diagnostic biomarkers and effective treatments. This study aimed to identify mitochondria-related biomarkers for sarcopenia via integrated multi-omics. METHODS: Human transcriptomic datasets and machine learning algorithms were integrated to screen core mitochondria-related biomarkers for sarcopenia. In vivo validation was performed utilizing 24-month-old naturally aging mice exhibiting sarcopenia features. In vitro, SLC25A12 was either overexpressed or silenced in C2C12 myoblasts subjected to D-galactose-induced senescence or copper stress. Pathophysiological changes and molecular mechanisms were subsequently evaluated via immunofluorescence, mitochondrial functional assays, and Western blotting. Additionally, single-cell RNA sequencing combined with a Geneformer model was employed in MuSCs for in silico perturbation analysis. RESULTS: Transcriptomic and machine learning analyses identified SLC25A12 as a core mitochondria-related gene, exhibiting consistent downregulation in both human sarcopenia cohorts and 24-month-old aging mice. In vitro, SLC25A12 overexpression in C2C12 myoblasts significantly ameliorated senescence induced by D-galactose and preserved mitochondrial function, highlighted by increased EdU incorporation and restored membrane potential. Furthermore, under copper stress, elevated SLC25A12 levels effectively alleviated cuproptosis-related alterations, including restricting mitochondrial copper overload, suppressing DLAT oligomerization, and partially restoring impaired EdU incorporation. Conversely, SLC25A12 knockdown consistently aggravated these phenotypes in both models. Notably, in silico Geneformer-based perturbation of SLC25A12 in MuSCs predicted its regulatory roles in cellular senescence, mitochondrial function, and copper homeostasis. In vitro experiments further demonstrated that SLC25A12 overexpression partially restored suppressed PI3K/AKT signaling under senescent stress conditions. CONCLUSION: SLC25A12 expression ameliorates myoblast senescence and mitochondrial dysfunction, while also attenuating cuproptosis-related changes under copper stress. SLC25A12 knockdown exacerbates these phenotypes. Taken together, SLC25A12 represents a potential regulator and therapeutic target for skeletal muscle aging.","Shengwei Wang, Weigen Wu, Hua Yin, Qiushuo Chen, Ling Zhang, Wen He",Biology direct,2026-08-03,2026 Aug 03,10.1186/s13062-026-00918-w,https://pubmed.ncbi.nlm.nih.gov/42613625/,0,,2,mitochondrial dysfunction,3,cellular senescence,1,skeletal muscle,1,transcriptomics,36.0,0.5454545454545454,11,0.71354735,3,0.9258399342091508,0.625,0.7453359736836602,5,0,0,0,1,0,0,0,5,High,pubmed_articles.csv,batch_001,canonical_literature_v1,phd_evidence_strength_v1,phd_biological_score_v1,sentence-transformers/all-MiniLM-L6-v2,pubmed_phd_priority_features_v1,,2,0,0,2,0.7453359736836602,0.6666666666666666,0.0,0.0,0.6666666666666666,0.0,49.42009241226144,53,Moderate
42521003,Sodium Danshensu alleviates oxidative stress-induced endothelial apoptosis and senescence by modulating the SIRT1/p53 pathway.,"ETHNOPHARMACOLOGICAL RELEVANCE: Salvia miltiorrhiza Bunge (Danshen) is a renowned traditional Chinese medicine widely used to promote blood circulation, remove blood stasis, and treat cardiovascular disorders. Sodium danshensu (SDSS), the stabilized sodium salt of Danshen's major water-soluble bioactive constituent, has been well-documented to possess antioxidant, anti-inflammatory, and cardiovascular protective properties, underpinning its considerable clinical potential. Nevertheless, whether SDSS protects against oxidative stress-induced cellular injury and the associated vascular damage remains insufficiently defined. AIM OF THE STUDY: This study aimed to investigate whether SDSS alleviates oxidative stress-induced endothelial dysfunction and vascular injury and to clarify the involvement of the SIRT1/p53 signaling pathway. MATERIALS AND METHODS: An oxidative stress-related vascular injury model was established in C57BL/6J mice by intraperitoneal injection of tert-butyl hydroperoxide (t-BHP), and an in vitro model of oxidative stress-induced cellular injury was induced by hydrogen peroxide (H2O2) in human umbilical vein endothelial cells (HUVECs). Aortic structural changes and senescence marker expression were assessed by Masson's trichrome staining and Western blotting, respectively. Cellular senescence, proliferation, and migration were evaluated using SA-β-Gal staining, EdU incorporation, and wound healing assay, respectively. Oxidative stress was assessed by measuring intracellular reactive oxygen species (ROS) levels, superoxide dismutase (SOD) activity, and the glutathione (GSH/GSSG) ratio. Mitochondrial function was assessed by measuring mitochondrial membrane potential (MMP), ATP content, mitochondrial morphology (Mito-Tracker staining), and mitophagy (LC3/TOMM20 co-localization). Apoptosis was measured by flow cytometry. The interaction between SDSS and SIRT1 was investigated using molecular docking, molecular dynamics (MD) simulations, cellular thermal shift assay (CETSA), and drug affinity responsive target stability (DARTS) assay. The involvement of the SIRT1/p53 pathway was further examined using SIRT1 siRNA knockdown, the SIRT1 inhibitor EX527, and the SIRT1 agonist SRT1720. RESULTS: In t-BHP-induced mice, SDSS attenuated aortic collagen deposition and p53/p21 expression. In H2O2-exposed HUVECs, SDSS alleviated cellular senescence-like changes, restored proliferation and migration, reduced ROS accumulation, preserved MMP and ATP levels, maintained mitochondrial morphology, enhanced LC3B/TOMM20 co-localization, and attenuated apoptosis, as evidenced by reduced early apoptotic rate, decreased BAX, and increased Bcl-2 expression. Molecular docking combined with MD simulations provided computational support for a potential stable interaction between SDSS and SIRT1. CETSA and DARTS assays further supported an interaction between SDSS and SIRT1 and indicated that SDSS may stabilize SIRT1 protein. SDSS increased SIRT1 expression and promoted p53 deacetylation. The protective effects of SDSS were comparable to those of the SIRT1 agonist SRT1720, whereas SIRT1 siRNA or EX527 treatment markedly weakened the protective effects of SDSS in vitro and in vivo, supporting a role for the SIRT1/p53 axis in mediating the protective response. CONCLUSION: SDSS alleviates oxidative stress-induced vascular injury and endothelial dysfunction, and that these protective effects are associated with activation of the SIRT1/p53 pathway. These results offer preliminary correlative evidence supporting the traditional use of Danshen in cardiovascular protection, and suggest that SDSS warrants further investigation as a candidate for oxidative stress-associated vascular dysfunction.","Shennan Shi, Yanqing Wu, Xilin Qiao, Yalan Lu, Bingyan Mao, Xinzhi Chen, Nipi Chen, Yan Guo, Bo Jin",Journal of ethnopharmacology,2026-07-28,2026 Jul 28,10.1016/j.jep.2026.122250,https://pubmed.ncbi.nlm.nih.gov/42521003/,0,,2,mitophagy;mitochondrial membrane potential,3,cellular senescence,1,cardiovascular,0,,33.0,0.5,20,0.5167767,98,0.5841005405827707,0.6875,0.6461402162331082,41,0,0,2,1,0,0,0,7,High,,batch003,,,,,,Sodium Danshensu alleviates oxidative stress-induced endothelial apoptosis and senescence by modulating the SIRT1/p53 pathway.,0,0,2,2,0.6461402162331082,0.6666666666666666,0.0,1.0,0.0,0.0,49.281574234825456,54,Moderate
42439909,Cellular senescence and aging: molecular mechanisms and convergent pathways.,"The frequent conceptual overlap between aging and cellular senescence has generated ambiguities in experimental approaches, biomarker usage, and therapeutic strategy development within aging research. Cellular senescence and aging are biologically distinct but interconnected processes, frequently misunderstood or used interchangeably within biomedical research and theoretical discussions. Thus, aging refers to the progressive decline in physiological integrity and function at the organismal level, while cellular senescence is a stable cell-cycle arrest triggered by various forms of stress, including DNA damage, telomere shortening, epigenetic dysregulation, and mitochondrial dysfunction. This review dissects the molecular underpinnings of both phenomena, highlighting their key differences, mechanistic overlaps, and roles in health and disease, with particular emphasis on how the accumulation of senescent cells actively contributes to age-related functional decline. In particular, we discuss emerging biomarkers and therapeutic strategies, such as senolytics and partial reprogramming. Furthermore, a deeper understanding of these processes may contribute to the identification of innovative interventions for age-related disorders, such as therapies targeting specific components of the senescence-associated secretory phenotype or selectively modulating senescent cell burden.","Francesca Cristiana Piritore, Michele Braggio, Arianna Minoia, Silvia Bolognin, Mattia Cominacini, Elisabetta Trabetti, Cristina Bombieri, Maria Grazia Romanelli, Luca Dalle Carbonare, Maria Teresa Valenti",Cellular and molecular life sciences : CMLS,2026-07-13,2026 Jul 13,10.1007/s00018-026-06317-8,https://pubmed.ncbi.nlm.nih.gov/42439909/,0,,2,mitochondrial dysfunction,2,cellular senescence;senescent cells,0,,0,,24.0,0.3636363636363636,59,0.696061,3,0.957813624116606,0.5,0.6831254496466425,33,0,0,0,1,0,0,0,5,High,,batch003,,,,,,Cellular senescence and aging: molecular mechanisms and convergent pathways.,0,0,0,3,0.6831254496466425,1.0,0.0,0.0,0.0,0.0,48.909390737632485,55,Moderate
42242294,High Uric Acid Promotes Stem Leydig Cell Senescence by CCDC90B Mediates Mitochondrial Quality Control Imbalance.,"Hyperuricemia is a common metabolic disease and an important risk factor for low testosterone levels in men. The functional homeostasis of stem Leydig cells (SLCs) is crucial for maintaining testosterone levels. However, the potential molecular mechanism of how high uric acid (UA) levels affect SLC function remains to be elucidated. Here, we reveal that at the single-cell RNA sequencing level, SLCs exhibit senescence under high UA conditions. Mechanistically, UA binds to CCDC90B, leading to its significant accumulation within cells. This exacerbates the influx of calcium ions into mitochondria, resulting in mitochondrial quality control (MQC) imbalance. In addition, at the level of organoids and transgenic mice, we observe SLC senescence is alleviated and considerable testosterone recovery after AAV8-CCDC90B treatment. In summary, these results indicate that SLC senescence under high UA is regulated in a MQC-dependent manner, with CCDC90B being a key regulatory target. Meanwhile, AAV-mediated gene therapy may offer a promising therapeutic approach for patients with low testosterone levels.","Jiayu Huang, Ao Wang, Xiangyu Li, Peng Huang, Kaixuan Zeng, Lu Sun, Moxuan Li, Yixiang Chen, Jiancheng Wang",Cell proliferation,2026-06-04,2026 Jun 04,10.1111/cpr.70237,https://pubmed.ncbi.nlm.nih.gov/42242294/,0,,2,mitochondrial quality control,0,,0,,0,,12.0,0.1818181818181818,136,0.5904032,47,0.7375729101366242,0.25,0.4450291640546496,117,0,0,1,0,0,0,0,2,Moderate,,batch003,,,,,,High Uric Acid Promotes Stem Leydig Cell Senescence by CCDC90B Mediates Mitochondrial Quality Control Imbalance.,1,0,1,3,0.4450291640546496,1.0,0.0,0.5,0.3333333333333333,0.0,48.909354075246064,56,Moderate
42178923,NMN/NAD+ enhances SIRT2-modulated microtubule dynamics to improve mitochondrial and mitophagy functions in senescent cells.,"The effect of NAD+ in enhancing mitochondrial function and energy metabolism in human cells is closely linked to NAD+-dependent sirtuins (i.e. SIRT1 and SIRT3). SIRT2 primarily functions in the cytoplasm, where it can serve as a key deacetylase for tubulin and modulates stability of microtubules. Microtubule plays a pivotal role in regulating mitochondrial dynamics, including mitochondrial movement, fission/fusion, repair, and mitophagy-dependent clearance. However, the potential role of NAD+ in modulating SIRT2-related microtubule stability, and the potential involvement of the NAD+-SIRT2-microtubule axis in regulating mitochondrial and mitophagy functions remains unexplored. In this study, we demonstrate that senescent muscle cells exhibit microtubule hyper-stabilization and reduced dynamics, concomitant with SIRT2 inactivation and tubulin hyperacetylation. These alterations impair microtubule-dependent mitochondrial repair and mitophagy function, resulting in mtDNA leakage, CGAS-STING1 activation and subsequently accelerated senescence. Notably, treatment with nicotinamide mononucleotide (NMN) effectively reactivates SIRT2, restores microtubule dynamics, and enhances mitochondrial quality control by promoting repair and mitophagy. Consequently, NMN mitigates CGAS-STING1-driven senescence. Our findings reveal a novel mechanism by which NMN preserves mitochondrial health in senescent cells via a SIRT2-microtubule axis, highlighting its protective role beyond canonical NAD+-sirtuin pathways, and suggesting microtubule dynamics as a promising therapeutic target for improving cellular defects associated with mitochondrial and mitophagy dysfunctions.Abbreviations: D-gal: D-galactose; EdU: 5-ethynyl-20-deoxyuridine; HDAC6: histone deacetylase 6; LAMP1: lysosome associated membrane protein 1; MSCs: mesenchymal stem/stromal cells; mtDNA: mitochondrial DNA; NAD+: nicotinamide adenine dinucleotide; NMN: nicotinamide mononucleotide; PBS: phosphate-buffered saline; SA-GLB1/β-gal: senescence-associated galactosidase beta 1; SIRT2: sirtuin 2.","Jie Cui, Shifeng Ren, Bingjie Wang, Nan Zhang, Shanshan Zhu, Yajun Zhang, Xiangqing Qi, Weixue Meng, Liwei Shao, Shan Gao, Lijie Xing, Zengjun Li, Xiaodong Mu",Autophagy,2026-05-24,2026 May 24,10.1080/15548627.2026.2677181,https://pubmed.ncbi.nlm.nih.gov/42178923/,1,SIRT3,2,mitochondrial dynamics;mitophagy;mitochondrial quality control,3,senescent cells,0,,0,,34.0,0.5151515151515151,19,0.48815763,117,0.5244448936712973,0.7083333333333334,0.634777957468519,43,0,0,3,1,0,0,0,7,High,,batch003,,,,,,NMN/NAD+ enhances SIRT2-modulated microtubule dynamics to improve mitochondrial and mitophagy functions in senescent cells.,0,0,2,2,0.634777957468519,0.6666666666666666,0.0,1.0,0.0,0.0,48.883895178064826,57,Moderate
42482175,Grx2 deficiency accelerates BMSC senescence and senile osteoporosis via CD36 S-glutathionylation.,"RATIONALE: Senile osteoporosis (SOP) is driven largely by bone marrow mesenchymal stem cell (BMSC) senescence and mitochondrial dysfunction. S-glutathionylation is an important redox modification regulating mitochondrial homeostasis, yet its role in skeletal aging remains unclear. The objective of this study is to systematically investigate the role of Grx2 deficiency-mediated CD36 S-glutathionylation in BMSC senescence and SOP development. METHODS: Grx2, p53, and p21 expression in human and mouse BMSCs were analyzed by immunohistochemistry (IHC), western blotting (WB), and polymerase chain reaction (PCR). Aging-related and ovariectomy-induced osteoporosis models were established in Grx2-/- mice for bone metabolism and senescence assessments. BMSC senescence, osteogenesis, and adipogenesis were evaluated by SA-β-Gal and WB, ALP/ARS staining, and ORO staining. Transcriptomic and S-glutathionylated proteomic analyses were performed to identify underlying mechanisms. Fatty acid uptake was quantified using two-color flow cytometry. DAG and MDA levels were measured to assess lipid overload and oxidative injury. Mitochondrial structure and function were evaluated by TEM, Mitotracker, qPCR, NAD+/NADH, ATP, ROS, JC-1, and Seahorse assays. The PI3K/AKT pathway was assessed by WB. Co-IP confirmed CD36 S-glutathionylation, and molecular docking predicted C272 as the key modification site. CD36-C272S mutation and Grx2 overexpression were applied to validate functional mechanisms in vitro and in vivo. RESULTS: Grx2 deficiency, in both male and ovariectomized female mice, accelerates bone loss, inhibits osteoblast formation without altering osteoclast function, and exacerbates BMSC senescence. Through integrated transcriptomic and S-glutathionylated proteomic analysis, we identified the fatty acid transporter CD36 as a critical downstream target of Grx2. Notably, Grx2 deficiency markedly increases the S-glutathionylation of CD36, which not only enhances its fatty acid uptake capacity, leading to the accumulation of toxic lipid metabolites and oxidative damage, but also impairs mitochondrial energy metabolism by inhibiting the PI3K/AKT signaling pathway. Overexpression of Grx2 or the C272S mutation in CD36, which disrupts its S-glutathionylation, can break this harmful cycle and inhibit BMSC senescence. CONCLUSIONS: Grx2 deficiency-mediated CD36 S-glutathionylation drives BMSC senescence and SOP, providing new insight into the redox regulatory mechanisms underlying skeletal aging.","Muzhe Li, Taxi Wumiti, Jie Sun, Tianchi Zhang, Lining Wang, Qinfeng Zhou, Tianwei Xia, Jirong Shen, Yafeng Zhang, Yong Ma, Yang Guo",Cellular & molecular biology letters,2026-07-21,2026 Jul 21,10.1186/s11658-026-00999-5,https://pubmed.ncbi.nlm.nih.gov/42482175/,0,,2,mitochondrial homeostasis;mitochondrial dysfunction,0,,1,bmsc,2,transcriptomics;proteomics,21.0,0.3181818181818182,81,0.62377644,22,0.8071384907698125,0.4375,0.585355396307925,62,0,0,1,0,0,1,0,5,High,,batch003,,,,,,Grx2 deficiency accelerates BMSC senescence and senile osteoporosis via CD36 S-glutathionylation.,2,0,1,2,0.585355396307925,0.6666666666666666,0.0,0.5,0.6666666666666666,0.0,48.8207722041107,58,Moderate
42510561,Mitochondrial Quality Control in Age-Related Diseases: From Molecular Architecture to Precision Therapeutics.,"BACKGROUND: Mitochondria are the primary organelles that regulate cellular bioenergetic metabolism and maintain homeostasis, providing essential structural support for optimal cell survival. Nonetheless, advancing age leads to cumulative damage to mitochondrial structure and functional integrity, which is a defining characteristic of biological aging and is closely linked to the emergence and progression of numerous age-related diseases, including neurodegenerative disorders, cardiovascular diseases, and metabolic disorders. SCOPE OF REVIEW: This article offers a thorough summary and review of mitochondrial quality control (MQC), emphasizing numerous critical processes, including mitochondrial biosynthesis, dynamic remodeling (fusion and fission), and mitophagy. We thoroughly elucidate the molecular pathways that regulate MQC and demonstrate how age-related dysregulation precipitates cellular senescence, highlighting the transition from physiological maintenance to pathological malfunction, which ultimately culminates in cellular aging. CONCLUSIONS AND IMPLICATIONS: This study systematically elaborates the pathophysiological mechanisms in the field, comprehensively evaluates the clinical translational potential of targeting the MQC pathway, highlights the key objectives of ""restoring mitochondrial plasticity and removing dysfunctional mitochondria"", and explores novel intervention strategies. The restoration of normal mitochondrial function in cells throughout aging is a very promising path for precision medicine therapeutics with great translational potential, according to recent state-of-the-art research. The development of novel therapeutic approaches to improve functional healthy mitochondria can effectively delay aging and reduce the rising global burden of age-related diseases.","Jingmin Che, Ye Sun, Fang Wang, Qing Feng, Cuixiang Xu, Xuhui Li","Antioxidants (Basel, Switzerland)",2026-06-30,2026 Jun 30,10.3390/antiox15070830,https://pubmed.ncbi.nlm.nih.gov/42510561/,0,,2,mitophagy;mitochondrial quality control,1,cellular senescence,1,cardiovascular,0,,21.0,0.3181818181818182,81,0.67943025,5,0.9231472932444642,0.4375,0.6317589172977858,45,0,0,2,0,0,0,0,2,High,,batch003,,,,,,Mitochondrial Quality Control in Age-Related Diseases: From Molecular Architecture to Precision Therapeutics.,0,0,2,2,0.6317589172977858,0.6666666666666666,0.0,1.0,0.0,0.0,48.77822877208916,59,Moderate
42233590,Progranulin deficiency induces premature vascular senescence and dysfunction.,"Cellular senescence-an age-associated state characterized by irreversible cell cycle arrest and proinflammatory signaling-contributes to vascular dysfunction and cardiovascular disease. However, the molecular mechanisms linking senescence to vascular impairment remain incompletely defined. Progranulin (PGRN) is a multifunctional protein involved in inflammation, lysosomal function, and cellular homeostasis, but its role in vascular aging is not well understood. We assessed PGRN expression in human and mouse arteries and in senescent vascular smooth muscle cells (VSMCs). Vascular function was examined in PGRN-deficient (PGRN-/-) mice. Cellular senescence was pharmacologically targeted using the senolytic agents navitoclax (ABT-263) and fisetin, and vascular phenotypes were evaluated in adult (6-mo-old) and aged (18-mo-old) mice. PGRN expression increased with age in human and mouse arteries and strongly correlated with p21 expression. In adult mice, PGRN deficiency induced endothelial dysfunction, enhanced vasoconstriction, and promoted vascular inflammation and remodeling. Transcriptomic profiling of PGRN-/- VSMCs revealed a senescence-associated signature characterized by impaired oxidative phosphorylation, epigenetic dysregulation, and enrichment of collagen-related pathways. Senolytic treatment improved endothelial-dependent relaxation but increased vascular contractility in PGRN-/- mice. In aged mice, PGRN deficiency exacerbated vascular dysfunction, remodeling, and renal injury without further increases in senescence markers, consistent with premature rather than progressive vascular senescence. PGRN deficiency promotes premature vascular dysfunction through coordinated mitochondrial, epigenetic, inflammatory, and structural mechanisms. These findings identify PGRN as a key modulator of vascular homeostasis and suggest that impaired PGRN signaling may predispose to early-onset vascular and cardiorenal dysfunction.NEW & NOTEWORTHY This study identifies progranulin (PGRN) as a key regulator of premature vascular dysfunction. Using human and mouse arteries and integrated multi-omics analyses, we show that PGRN deficiency induces early vascular senescence, mitochondrial dysfunction, epigenetic remodeling, and fibrosis. Senolytic treatment uncovers divergent roles of endothelial versus smooth muscle cell senescence in vascular function, highlighting PGRN as an important modulator of vascular homeostasis during aging.","Renata de Azevedo Melo Luvizotto, André F Nascimento, Gustavo F Pimenta, Rafael M de Costa, Tyler Beling, Shubhnita Singh, Juliano V Alves, Wanessa M C Awata, Angela Russ, Adeyeye Isaac Haastrup, Rolando A Cuevas, Parya Behzadi, Cynthia St Hilaire, Justin T Roberts, Ariane Bruder, Thiago Bruder-Nascimento",American journal of physiology. Heart and circulatory physiology,2026-06-03,2026 Jul 01,10.1152/ajpheart.00012.2026,https://pubmed.ncbi.nlm.nih.gov/42233590/,0,,2,mitochondrial dysfunction,3,cellular senescence,1,cardiovascular,1,transcriptomics,36.0,0.5454545454545454,8,0.5667517,63,0.6882720232480315,0.75,0.7253088092992126,20,0,0,0,1,0,0,0,5,High,,batch003,,,,,,Progranulin deficiency induces premature vascular senescence and dysfunction.,2,0,0,2,0.7253088092992126,0.6666666666666666,0.0,0.0,0.6666666666666666,0.0,48.719141658805775,60,Moderate
42296779,"Artemisinin and quercetin attenuate hydrogen peroxide-induced oxi-inflammatory-mitochondrial dysfunction-SASP axis mediated lung epithelial cell premature senescence via targeting Stat-1/Atm-p53/p16/p21/Bcl2, NOD-1/MAPKs/NF-κB/ signalling cascades.","The senescence of lung epithelial cells impairs self-repair and exacerbates lung damage in idiopathic pulmonary fibrosis. The potential of natural phytochemicals to reverse premature senescence warrants investigation. Information regarding the independent multifaceted effect of quercetin and artemisinin on epithelial senescence has not been delineated yet. The present investigation aimed to comprehend their attributes on H2O2-induced hallmark of premature senescence via controlling the vicious circle of oxidative-inflammatory stress, impaired cell proliferation, apoptosis, DNA damage, and inflammatory senescence cascades. An in vitro model of H2O2-exposed BEAS-2B cells was used to explore senescence using microscopy, qRT-PCR, immunoblotting, flow cytometry, and NMR· H2O2 (100 µM) treatment induced cellular senescence-associated features without significant cytotoxicity, as evidenced by enhanced SA-β-galactosidase activity, irreversible irregular enlargement, shrinking, and flattened cell appearance, which was reversed by quercetin and artemisinin at varying degree. Results revealed that quercetin and artemisinin restored disrupted mitochondrial function in senescent cells, as evidenced by reduced MMP, GLS, ARRDC4, TXNIP, creatine, and increased NRF-2, HO-1, NQO-1, Sirt-1/5, and glycine levels. Furthermore, quercetin and artemisinin promoted proliferative ability, DNA repair, S-phase cell cycle transition, apoptosis, and suppressed SASP, as evidenced by enhanced Ki67 expression, annexin-V-positive cells, and diminished expression of interleukins, COX-2, MMPs, and the Atm/p53/p16/p21/Bcl-2 axis. Subsequently, activation of NOD-1, Stat-1, NF-κB, ERK1/2, p38, and JNK was decisively thwarted by quercetin and artemisinin. Intriguingly, Lamin B1 restoration and ROS inhibition were only noticed in quercetin, indicating both are effective in halting senescence through an alternative pathway. Overall, the present investigation emphasizes that quercetin and artemisinin exhibit both senolytic and senomorphic properties and could be valuable senotherapeutics for stress-induced premature senescence.","Suman Karadagatla, Hara Prasad Padhy, Anamika Sharma",Tissue & cell,2026-06-08,2026 Jun 08,10.1016/j.tice.2026.103679,https://pubmed.ncbi.nlm.nih.gov/42296779/,0,,2,mitochondrial dysfunction,3,cellular senescence;stress-induced premature senescence;senescent cells,0,,0,,30.0,0.4545454545454545,32,0.5971743,40,0.7516870777459238,0.625,0.6756748310983696,34,0,0,0,1,0,0,0,5,High,,batch003,,,,,,"Artemisinin and quercetin attenuate hydrogen peroxide-induced oxi-inflammatory-mitochondrial dysfunction-SASP axis mediated lung epithelial cell premature senescence via targeting Stat-1/Atm-p53/p16/p21/Bcl2, NOD-1/MAPKs/NF-κB/ signalling cascades.",0,0,0,3,0.6756748310983696,1.0,0.0,0.0,0.0,0.0,48.648619088442935,61,Moderate
42431471,ASAP3 deficiency alleviates hepatic senescence and correlates with extended healthspan in mice.,"The aging liver not only declines in function but also accelerates systemic aging and shortens lifespan. Identifying key molecular targets to delay liver aging is important for promoting health and longevity. ASAP3 is involved in cytoskeletal remodeling, but its role in aging remains unexplored. Here, we found that ASAP3 expression was upregulated in aged mouse livers and H2O2-induced AML12 cells. In AML12 hepatocytes, ASAP3 knockdown attenuated H2O2-induced senescence, enhanced autophagic flux, reduced mitochondrial ROS, and restored mitochondrial membrane potential, whereas ASAP3 overexpression had opposite effects. Phalloidin staining and Western blot analysis showed that ASAP3 knockdown significantly reduced the abnormal accumulation of F-actin and F-actin/G-actin ratio, while ASAP3 overexpression aggravated F-actin accumulation, and increased F-actin/G-actin ratio in AML12 cells. In addition, inhibition of autophagy abolished the alleviating effect of ASAP3 knockdown on senescence, whereas enhancing autophagy protected against cellular senescence induced by ASAP3 overexpression. Furthermore, disruption of F-actin assembly with cytochalasin D rescued the suppression of autophagic flux caused by ASAP3 overexpression. In vivo, ASAP3 knockout extended lifespan, improved cognitive and motor functions, and remodeled systemic metabolism in both sexes. ASAP3 knockout mice also showed reduced senescence phenotype, maintained F-actin structure, and enhanced autophagic flux in the liver. Furthermore, serum lipidomics revealed significant enrichment of pathways related to actin cytoskeleton regulation, autophagy, and primary bile acid biosynthesis in Asap3-/- mice. Collectively, these findings demonstrate that ASAP3 is a novel regulator of liver aging, promoting senescence and impairing autophagy and mitochondrial function by disrupting actin cytoskeleton dynamics. Targeting ASAP3 may represent a promising strategy to delay hepatic aging and extend healthspan.","Zhen Tian, Yuhua Song, Xinyue Ao, Changhao Sun",Free radical biology & medicine,2026-07-10,2026 Oct,10.1016/j.freeradbiomed.2026.07.018,https://pubmed.ncbi.nlm.nih.gov/42431471/,0,,3,mitochondrial membrane potential;mitochondrial ros,3,cellular senescence;senescence phenotype,0,,0,,36.0,0.5454545454545454,11,0.56448704,39,0.6241069610194643,0.625,0.6246427844077858,15,0,0,2,1,0,0,1,9,High,pubmed_articles.csv,batch_001,canonical_literature_v1,phd_evidence_strength_v1,phd_biological_score_v1,sentence-transformers/all-MiniLM-L6-v2,pubmed_phd_priority_features_v1,,0,0,2,2,0.6246427844077858,0.6666666666666666,0.0,1.0,0.0,0.0,48.529164120939164,62,Moderate
42401268,Activation of Sirt3 reprograms mitochondrial function to regenerate intervertebral disc degeneration.,"BACKGROUND: Intervertebral disc degeneration is the principal pathological basis of low back pain. Currently, there are limited therapeutic strategies to regeneration intervertebral disc. METHODS: Histological analyses were performed to assess phenotypic changes in the intervertebral discs of Sirt3 KO mice, and RNA-seq of intervertebral discs tissues was conducted. Differentially expressed genes were identified and further analyzed using GO, KEGG, and GSEA to elucidate biological processes and pathways regulated by Sirt3 during disc degeneration. A D-galactose-induced aging model was subsequently established, followed by treatment with the Sirt3 activator 2-APQC. Histology, RNA-seq, and immunofluorescence were used to validate key hub genes. RESULTS: In study, we found the expression of SIRT3 is significantly negatively correlated with the degree of disc degeneration in human. Knockout of Sirt3 resulted in pronounced disc degeneration accompanied by increased expression of inflammatory mediators and senescence-associated factors. Transcriptomic analyses revealed that Sirt3 deficiency was closely associated with dysregulation of calcium signaling pathways and impaired ATP synthesis. Bioinformatics analyses identified Ckm and Atp2a1 as hub genes linking Sirt3 deficiency to calcium homeostasis disruption and ATP metabolic dysfunction. Importantly, the administration of Sirt3 activator 2-APQC significantly ameliorated intervertebral disc degeneration-associated pathological changes, evidenced by restored mitochondrial function, reduced inflammation and cellular senescence and rescued expression of hub genes Ckm and Atp2a1. CONCLUSIONS: We unveiled the critical role of Sirt3 in maintaining mitochondrial homeostasis and mitigating intervertebral disc degeneration progression via regulating Ckm and Atp2a1. We provide a novel therapeutic strategy of activating of Sirt3 by 2-APQC to treat intervertebral disc degeneration.","Yongjun Du, Yan Lv, Xiang Liu, Qi Zheng, Rui Xu, Shaofeng Tang, Xiong Liu, Feng Liu, Yiming Liang, Chengjie Ma, Zhi Peng, Sheng Lu",Experimental gerontology,2026-07-04,2026 Sep,10.1016/j.exger.2026.113228,https://pubmed.ncbi.nlm.nih.gov/42401268/,3,SIRT3,2,mitochondrial homeostasis,3,cellular senescence,0,,1,transcriptomics,45.0,0.6818181818181818,4,0.47932667,69,0.4517224299660015,0.8125,0.6681889719864006,11,0,0,1,1,0,0,0,7,High,pubmed_articles.csv,batch_001,canonical_literature_v1,phd_evidence_strength_v1,phd_biological_score_v1,sentence-transformers/all-MiniLM-L6-v2,pubmed_phd_priority_features_v1,,1,0,1,2,0.6681889719864006,0.6666666666666666,0.0,0.5,0.3333333333333333,0.0,48.38661401952402,63,Moderate
42373880,UC-MSCs prevent cigarette smoke-induced early cellular senescence like phenotype in bronchial epithelial cells via the SIRT1/PGC-1α pathway.,"Chronic obstructive pulmonary disease (COPD) is an age-related chronic disease, and most of the patients are elderly. Smoking is the main pathogenic factor, and the course of disease continues to develop. Cigarette smoke exposure leads to mitochondrial dysfunction and activation of cellular senescence. Umbilical cord mesenchymal stem cells (UC-MSCs) play a significant role in mitochondrial protection, airway repair and tissue regeneration.SIRT1/PGC-1α is a key regulator of mitochondrial function and cellular senescence. Therefore, this study aims to explore whether UC-MSCs can improve cigarette smoke extract (CSE)-induced mitochondrial dysfunction and cellular senescence in bronchial epithelial cells by activating the SIRT1/PGC-1α pathway. In vitro results show that: (1) CSE induced mitochondrial dynamic imbalance, leading to mitochondrial dysfunction and ROS accumulation, which induced cellular senescence. (2) UC-MSCs activate the SIRT1/PGC-1α pathway and significantly reduce the expression of markers related to cellular senescence and improving mitochondrial function after CSE induction. (3) The SIRT1 inhibitor EX527 reversed the protective effect of UC-MSCs. This study, for the first time, reveals that UC-MSCs can improve CSE-induced mitochondrial dysfunction and cellular senescence in bronchial epithelial cells by activating the SIRT1/PGC-1α pathway. It provides a new target for COPD treatment and a strategy for slowing the progression of the disease.","Lingli Zhao, Yixuan Chen, Yixin Wang, Shuang Zhou, Meihong Liu, Xiangrui Li, Liang Wang, YanXia Li",Scientific reports,2026-06-30,2026 Jun 30,10.1038/s41598-026-60236-z,https://pubmed.ncbi.nlm.nih.gov/42373880/,0,,2,mitochondrial dysfunction,3,cellular senescence,0,,0,,30.0,0.4545454545454545,32,0.5801412,54,0.7161820596091424,0.625,0.6614728238436569,37,0,0,0,1,0,0,0,5,High,,batch003,,,,,,UC-MSCs prevent cigarette smoke-induced early cellular senescence like phenotype in bronchial epithelial cells via the SIRT1/PGC-1α pathway.,0,0,0,3,0.6614728238436569,1.0,0.0,0.0,0.0,0.0,48.15154883452799,64,Moderate
42586389,PRMT6 drives hearing loss by promoting asymmetric arginine dimethylation-mediated FOXG1 degradation and suppressing mitophagy.,"OBJECTIVE: Age-related hearing loss (ARHL) is a progressive and irreversible sensorineural impairment with incompletely understood mechanisms. This study investigates the role of protein arginine methyltransferase 6 (PRMT6) and its regulatory mechanisms in ARHL. METHODS: In vivo, D-galactose (D-gal)-induced aging mouse models were established. Auditory brainstem response (ABR), cochlear β-galactosidase activity, and PRMT6 expression were measured, and the therapeutic effects of the PRMT6 inhibitor EPZ020411 were evaluated. In vitro, D-gal-treated HEI-OC1 cells were employed. PRMT6 was silenced using siRNA. Cellular senescence and apoptosis were assessed by SA-β-gal staining and TUNEL assay. Mitochondrial function was evaluated by JC-1 staining, ROS levels, ATP content, and transmission electron microscopy. Mitophagy was determined by LC3-TOM20 co-localization and the GFP-LC3-RFP-LC3ΔG reporter system. Asymmetric arginine dimethylation of FOXG1 was measured by immunoprecipitation with the D6A8 antibody, and FOXG1 protein stability was assessed by a cycloheximide chase assay. RESULTS: Aging mice exhibited elevated ABR thresholds, increased β-gal activity, and upregulated PRMT6, all reversed by EPZ020411. PRMT6 silencing attenuated cellular senescence and apoptosis, improved mitochondrial membrane potential, elevated ATP content, reduced ROS accumulation, and ameliorated mitochondrial damage. PRMT6 silencing also enhanced autophagic flux. Notably, PRMT6 silencing did not alter FOXG1 mRNA but upregulated FOXG1 protein and decreased its asymmetric arginine dimethylation, prolonging FOXG1 half-life. FOXG1 knockdown partially reversed the enhanced mitophagy, impaired mitochondrial function, and abrogated the anti-apoptotic protection conferred by PRMT6 silencing. CONCLUSION: PRMT6 exacerbates D-gal-induced cochlear aging by promoting asymmetric arginine dimethylation of FOXG1, accelerating FOXG1 degradation, and inhibiting mitophagy. The PRMT6-FOXG1-mitophagy axis represents a potential therapeutic target for D-gal-induced cochlear aging.","Jin Wu, Zhi Liu",Experimental gerontology,2026-08-12,2026 Oct 01,10.1016/j.exger.2026.113278,https://pubmed.ncbi.nlm.nih.gov/42586389/,0,,3,mitophagy;mitochondrial membrane potential,3,cellular senescence,0,,0,,36.0,0.5454545454545454,11,0.54519254,47,0.585050374787969,0.625,0.6090201499151876,17,0,0,2,1,0,0,1,9,High,pubmed_articles.csv,batch_001,canonical_literature_v1,phd_evidence_strength_v1,phd_biological_score_v1,sentence-transformers/all-MiniLM-L6-v2,pubmed_phd_priority_features_v1,,0,0,2,2,0.6090201499151876,0.6666666666666666,0.0,1.0,0.0,0.0,47.98237191369823,65,Moderate
42162843,Nanoplastic exposure induces mitochondrial dysfunction-driven inflammation and senescence in renal tubular epithelial cells.,"Nanoplastic (NP) particles are emerging environmental contaminants with increasing concern regarding their potential impacts on human health; however, their effects on kidney function remain poorly understood. Here, we combined in vivo and in vitro approaches to investigate renal toxicity induced by chronic NP exposure. Oral administration of NPs (200 mg/kg/day) to mice for six weeks resulted in tubular-specific kidney injury accompanied by inflammatory and fibrotic responses. Transcriptomic profiling revealed coordinated downregulation of mitochondrial oxidative phosphorylation-related genes along with enrichment of inflammatory and fibrotic pathways in the kidney. Consistently, disrupted mitochondrial function in renal tubular epithelial cells, as evidenced by impaired oxidative phosphorylation, increased mitochondrial reactive oxygen species, and structural mitochondrial abnormalities. Mitochondrial damage was associated with activation of STING-dependent inflammatory signaling; pharmacological inhibition of STING attenuated inflammatory responses but did not suppress NP-induced cellular senescence, indicating mechanistic dissociation between inflammation and senescence. In contrast, prolonged NP exposure induced robust cellular senescence linked to sustained mitochondrial dysfunction. Activation of peroxisome proliferator-activated receptor gamma coactivator 1-alpha (PGC1α) restored mitochondrial function and suppressed both inflammatory signaling and cellular senescence in vitro. Importantly, pharmacological activation of PGC1α in NP-exposed mice mitigated mitochondrial damage, renal inflammation, senescence, and fibrotic remodeling in vivo. Collectively, these findings identify mitochondrial dysfunction as a central mechanism associated with NP-induced renal inflammation and senescence and provide mechanistic insight into the hazardous effects of NP exposure on the kidney.","Byeong Moo Kim, Su Bong Yang, Sugyeong Ha, Mi-Jeong Kim, Jeongwon Kim, Da Eun Park, Hae Young Chung, Young-Suk Jung, Jaewon Lee, Haeseung Lee, Ki Wung Chung",Free radical biology & medicine,2026-05-19,2026 Sep,10.1016/j.freeradbiomed.2026.05.298,https://pubmed.ncbi.nlm.nih.gov/42162843/,0,,2,mitochondrial dysfunction,3,cellular senescence,1,kidney,1,transcriptomics,36.0,0.5454545454545454,11,0.48460126,64,0.4623994352872475,0.625,0.5599597741148991,29,0,0,0,1,0,0,0,5,High,pubmed_articles.csv,batch_001,canonical_literature_v1,phd_evidence_strength_v1,phd_biological_score_v1,sentence-transformers/all-MiniLM-L6-v2,pubmed_phd_priority_features_v1,,1,0,0,3,0.5599597741148991,1.0,0.0,0.0,0.3333333333333333,0.0,47.9319254273548,66,Moderate
42387539,Restoration of macrophage mitochondrial dynamics and trafficking with enzymatic magnesium-manganese layered double hydroxide for osteoporotic therapy.,"Macrophages play pivotal roles at the interface of immune regulation and bone metabolism and frequently exhibit a proinflammatory phenotype that contributes to the osteoporotic microenvironment. We found that dysfunctional macrophages in the osteoporotic niche transferred injured mitochondria to osteoblasts, which was associated with increased cellular senescence and impaired osteogenic function. This detrimental mitochondrial transfer was associated with abnormal accumulation of succinate dehydrogenase (SDH), contributing to maintenance of the proinflammatory phenotype and mitochondrial injury. On the basis of this mechanism, a folate (FA)-modified magnesium-manganese layered double hydroxide (MgMn-LDH) loaded with the SDH inhibitor dimethyl malonate (DMM) was designed to modulate proinflammatory macrophages. This system promoted BNIP3-LC3B-associated mitophagy, which was accompanied by improved mitochondrial quality control, mitochondrial dynamics and mitochondrial transfer capacity. The functional mitochondrial transfer from treated macrophages to neighboring osteoblasts was associated with enhanced osteogenic activity under osteoporotic conditions. Furthermore, MgMn-LDH/DMM@FA treatment significantly ameliorated bone loss and improved bone microarchitecture in ovariectomized mice. Collectively, these findings suggest that mitigating mitochondrial injury and enhancing functional mitochondrial transfer in proinflammatory macrophages may represent a promising strategy for alleviating osteoporosis. An enzyme-active MgMn-LDH-based delivery system provides a potential therapeutic platform for osteoporosis intervention.","Wenwen Mao, Kehan Wang, Jingxian Mao, Zhuobin Xu, Chun Pan, Dandan Li, Tingting Liu, Hao Chen, Huihui Wang, Cheng Huang, Sihan Hu",Journal of nanobiotechnology,2026-07-01,2026 Jul 01,10.1186/s12951-026-04761-z,https://pubmed.ncbi.nlm.nih.gov/42387539/,0,,2,mitochondrial dynamics;mitophagy;mitochondrial quality control,3,cellular senescence,0,,0,,30.0,0.4545454545454545,32,0.5097223,102,0.5693958420872466,0.625,0.6027583368348987,52,0,0,3,1,0,0,0,7,High,,batch003,,,,,,Restoration of macrophage mitochondrial dynamics and trafficking with enzymatic magnesium-manganese layered double hydroxide for osteoporotic therapy.,0,0,2,2,0.6027583368348987,0.6666666666666666,0.0,1.0,0.0,0.0,47.76320845588812,67,Moderate
42417865,Mitochondrial dysfunction and cellular senescence drive accelerated gestational aging in spontaneous preterm birth: a narrative review.,"Spontaneous preterm birth (sPTB) is a leading cause of neonatal mortality and long-term morbidity worldwide, affecting approximately 15 million infants annually. Despite advances in obstetric care, its incidence has remained largely unchanged, reflecting an incomplete understanding of the biological mechanisms governing the timing of parturition. While infection and inflammation have traditionally dominated etiological models, these alone do not fully explain the heterogeneity in disease onset, progression, and outcomes. Emerging evidence suggests that sPTB may represent a state of accelerated gestational aging, in which cellular stress pathways prematurely activate labour mechanisms that are normally tightly regulated at term. This narrative review synthesizes current evidence linking mitochondrial dysfunction, oxidative stress, and cellular senescence to the pathogenesis of sPTB. Across gestational tissues, including the placenta, fetal membranes, decidua, cervix, and myometrium, molecular stress induces shifts characterized by impaired mitochondrial oxidative phosphorylation, increased reactive oxygen species generation, and activation of senescence-associated pathways. Beyond reflecting cellular injury, these processes actively propagate inflammatory signalling, extracellular matrix remodelling, and endocrine activation that collectively promote premature labour. We further integrate underexplored mechanistic pathways, including mitochondrial dynamics and mitophagy, ferroptosis, nicotinamide adenine dinucleotide (NAD⁺) metabolism, inflammasome activation, extracellular vesicle signalling, and deoxyribonucleic acid (DNA) damage responses. These interconnected pathways interact through damage-associated molecular patterns (DAMPs), cytokines, and extracellular vesicles to coordinate pathological crosstalk across the maternal-fetal interface. Emerging multi-marker biomarker strategies and targeted therapeutic approaches, including mitochondrial antioxidants, senolytic agents, and inflammasome inhibitors, are also discussed within this framework. Mitochondrial dysfunction and cellular senescence represent central biological axes linking molecular stress with premature activation of labour pathways in sPTB. Conceptualizing sPTB as accelerated gestational aging provides a unifying framework for integrating diverse mechanistic pathways, refining risk stratification, and guiding the development of targeted, precision-based interventions to reduce the global burden of prematurity.","Gagana Hanumaiah, Thejesh Srinivas, Akhila Vasudeva",Apoptosis : an international journal on programmed cell death,2026-07-08,2026 Jul 08,10.1007/s10495-026-02394-z,https://pubmed.ncbi.nlm.nih.gov/42417865/,0,,2,mitochondrial dynamics;mitophagy;mitochondrial dysfunction,2,cellular senescence,0,,0,,24.0,0.3636363636363636,59,0.5910841,46,0.7389922270460144,0.5,0.5955968908184057,55,0,0,2,1,0,0,0,7,High,,batch003,,,,,,Mitochondrial dysfunction and cellular senescence drive accelerated gestational aging in spontaneous preterm birth: a narrative review.,0,0,2,2,0.5955968908184057,0.6666666666666666,0.0,1.0,0.0,0.0,47.512557845310866,68,Moderate
42346293,"Cellular Senescence in Idiopathic Pulmonary Fibrosis: Molecular Mechanisms, Pathogenic Networks, and Emerging Therapeutic Targets.","Idiopathic pulmonary fibrosis (IPF) is a chronic, progressive interstitial lung disease characterized by irreversible extracellular matrix deposition and high mortality, with aging representing its strongest risk factor. Increasing evidence suggests that cellular senescence is not merely a consequence of tissue injury but a central driver of disease progression. Senescent alveolar epithelial cells and fibroblasts contribute to impaired tissue repair and persistent fibrotic remodeling through the acquisition of a senescence-associated secretory phenotype (SASP), which promotes chronic inflammation and amplifies profibrotic signaling. This review provides a comprehensive synthesis of current evidence on the role of cellular senescence in IPF, focusing on key molecular mechanisms, including telomere attrition, mitochondrial dysfunction, oxidative stress, DNA damage response activation, and dysregulated transforming growth factor-β (TGF-β) signaling. A structured literature search was conducted using the PubMed, Scopus, and Web of Science databases to identify mechanistic, translational, and clinical studies related to cellular senescence in IPF. Relevant studies were selected based on conceptual relevance and scientific quality, and findings were qualitatively synthesized within a narrative-review framework. These interconnected pathways form self-reinforcing feedback loops that stabilize the senescent phenotype and sustain fibroblast activation. In addition, we critically evaluate emerging therapeutic strategies targeting senescence, including senolytic and senomorphic approaches, highlighting their potential to modify fundamental disease mechanisms rather than solely attenuating fibrotic progression. Preclinical and early clinical studies suggest that selective targeting of senescent cells may represent a promising avenue for intervention, although challenges related to specificity, safety, and biomarker development remain. Overall, this review positions cellular senescence as a central mechanistic link between aging and fibrosis and underscores its relevance as a translational target in IPF.","Madina B Baurzhan, Alexandr E Gulyayev, Karlygash S Absattarova, Sayagul A Kairgeldina, Kuat Abzaliyev, Akmaral Izbassarova, Marzhan Lepessova, Karashash Absatarova","Diseases (Basel, Switzerland)",2026-06-04,2026 Jun 04,10.3390/diseases14060201,https://pubmed.ncbi.nlm.nih.gov/42346293/,0,,2,mitochondrial dysfunction,3,cellular senescence;senescent cells,2,fibroblast,0,,36.0,0.5454545454545454,8,0.578938,55,0.7136740230319968,0.75,0.7354696092127987,15,0,0,0,1,1,0,0,8,High,,batch003,,,,,,"Cellular Senescence in Idiopathic Pulmonary Fibrosis: Molecular Mechanisms, Pathogenic Networks, and Emerging Therapeutic Targets.",0,0,0,2,0.7354696092127987,0.6666666666666666,0.0,0.0,0.0,1.0,47.40810298911462,69,Moderate
42393684,Biomimetic nanoplatforms modulating mitochondrial pathways in IVDD.,"OBJECTIVE: To develop and evaluate a mitochondria-targeted biomimetic nanoplatform (nMitoQ-SNA-CMT) for the treatment of intervertebral disc degeneration (IVDD). METHODS: A rat IVDD model and an H2O2-induced oxidative stress model in nucleus pulposus cells (NPCs) were established to investigate the effects of nMitoQ-SNA-CMT on mitochondrial function, oxidative stress, mitophagy, inflammatory signaling, and cellular senescence. Molecular, cellular, and histological analyses were used to evaluate therapeutic efficacy in vitro and in vivo. RESULTS: nMitoQ-SNA-CMT efficiently targeted mitochondria, scavenged excessive reactive oxygen species (ROS), and silenced miR-141-3p, thereby activating SESN2-dependent UPRmt and mitophagy. This dual action markedly reduced mitochondrial DNA release and suppressed cGAS-STING pathway activation, leading to attenuation of NPC senescence, inflammatory responses, and extracellular matrix degradation. In IVDD rat models, nMitoQ-SNA-CMT significantly restored disc structure and function and outperformed free MitoQ and non-coated nanoparticles. CONCLUSION: nMitoQ-SNA-CMT represents a potent and safe therapeutic strategy for IVDD by coordinately regulating mitochondrial oxidative stress, mitophagy, and innate immune activation, providing a promising platform for precision nanomedicine in degenerative disc diseases.","Jian-Bin Guan, Shan-Xi Wang, Ying-Guang Wang, Kai-Yuan Lin, Ren-Ji Wang, Rui-Rui Bu, Yuan-Ting Zhao, Si-Bo Wang, Ling-Jiang Li, Xiao-Jun Yu",Journal of nanobiotechnology,2026-07-02,2026 Jul 02,10.1186/s12951-026-04259-8,https://pubmed.ncbi.nlm.nih.gov/42393684/,0,,2,mitophagy,3,cellular senescence,0,,0,,30.0,0.4545454545454545,32,0.6609223,9,0.8845679917418225,0.625,0.728827196696729,18,0,0,1,1,0,0,0,7,High,,batch003,,,,,,Biomimetic nanoplatforms modulating mitochondrial pathways in IVDD.,0,0,1,2,0.728827196696729,0.6666666666666666,0.0,0.5,0.0,0.0,47.17561855105218,70,Moderate
41967232,Chlorogenic acid ameliorates ovarian aging in laying chickens by restoring lipid metabolism and steroidogenesis via the ERK/PPARα signaling pathway.,"BACKGROUND: Ovarian aging is characterized by progressive impairments of follicular development and reproductive performance. Increasing evidence indicates that metabolic dysregulation plays a central role in the decline of ovarian function. Chlorogenic acid (CGA), a widely distributed plant-derived polyphenol, is known for its antioxidant, anti-inflammatory, and metabolic properties. However, its potential role in ovarian aging and the underlying mechanisms remain unexplored. METHODS: D-galactose-induced granulosa cell (GC) senescence model and naturally aging laying chickens were used for evaluating the protective effects of CGA on ovarian aging. Cellular senescence, mitochondrial function, lipid metabolism, and steroidogenic capacity were evaluated through molecular, biochemical, transcriptomic, and histological analyses. Mechanistic studies employed pharmacological inhibition and genetic knockdown to delineate the signaling hierarchy. RESULTS: In D-gal-induced GCs, CGA mitigated cellular senescence, improved mitochondrial function, and restored key steroidogenic gene expression (STAR, CYP11A1, and CYP19A1). Mechanistically, CGA reversed metabolic dysregulation by suppressing ERK1/2 phosphorylation to restore PPARα activity. This mechanism was supported by pharmacological ERK1/2 inhibition, which amplified these benefits, and siRNA-mediated PPARα silencing, which blunted CGA-induced steroidogenic recovery. In naturally aging laying chickens, CGA supplementation enhanced serum estradiol and antioxidant capacity. Crucially, CGA positively modulated the liver-ovary axis by rejuvenating hepatic lipid metabolism and systemic transport, thereby promoting yolk deposition, follicular development, and egg-laying performance. CONCLUSION: These findings suggest that CGA mitigates ovarian aging by coordinating mitochondrial homeostasis, lipid metabolism, and steroidogenesis via the ERK/PPARα pathway. This study provides mechanistic insight into the potential of plant-derived polyphenols as metabolic regulators for preserving ovarian function.","Xiangyu Cai, Zhaoyu Yang, Yingyu Xiao, Qiongyu Yuan, Wanyue Gao, Jing Dong, Weidong Zeng, Yuling Mi, Caiqiao Zhang",Phytomedicine : international journal of phytotherapy and phytopharmacology,2026-04-04,2026 Jun,10.1016/j.phymed.2026.158159,https://pubmed.ncbi.nlm.nih.gov/41967232/,0,,2,mitochondrial homeostasis,3,cellular senescence,0,,1,transcriptomics,33.0,0.5,20,0.49307865,113,0.5347026215277336,0.6875,0.6263810486110934,48,0,0,1,1,0,0,0,7,High,,batch003,,,,,,Chlorogenic acid ameliorates ovarian aging in laying chickens by restoring lipid metabolism and steroidogenesis via the ERK/PPARα signaling pathway.,1,0,1,2,0.6263810486110934,0.6666666666666666,0.0,0.5,0.3333333333333333,0.0,46.923336701388266,71,Moderate
42163639,Antioxidant Proline Carbon Dot-Composited Poly(L-methionine) Hydrogel Restores Mitophagy to Alleviate Cellular Senescence in Intervertebral Disc Degeneration.,"The senescence of nucleus pulposus cells (NPCs) is a hallmark pathological feature of intervertebral disc degeneration. Senescent NPCs exhibit mitochondrial dysfunction and impaired mitophagy, thus compromising mitochondrial turnover and quality control. Current therapeutic strategies predominantly target external risk factors but do not restore mitophagy. In this study, a proline carbon dot-composited poly(L-methionine) (EG45M25/Pro-CD) hydrogel is developed and employed to re-establish the impaired mitophagy pathway. Expression levels of Parkin and phosphorylated Parkin increase, indicating successful activation of the mitophagy pathway. Restoration of mitochondrial function markedly reduces oxidative stress and the senescence-associated secretory phenotype in NPCs. The levels of type II collagen and aggrecan recover to 84.63% and 77.31% of their normal ones, respectively. In an animal model, the administration of Pro-CD in a thermo-sensitive and injectable hydrogel effectively preserves the water content and height of intervertebral discs while maintaining the structural integrity and functional activity of NPCs. The mean Pfirrmann grade improves from 5.00 in the Control group to 3.33 after treatment, whereas the disc height index recovers to 82.06% of the physiological value. Collectively, our findings demonstrate that the EG45M25/Pro-CD composite hydrogel has therapeutic potential to promote endogenous disc regeneration by enhancing mitophagy, re-establishing redox homeostasis, and alleviating NPC senescence.","Zongtai Liu, Qingzheng Zhang, Haochen Yao, Changfeng Fu, Yirong Sun, Jianxun Ding","Advanced materials (Deerfield Beach, Fla.)",2026-05-21,2026 Aug,10.1002/adma.72951,https://pubmed.ncbi.nlm.nih.gov/42163639/,2,PRKN,2,mitophagy;mitochondrial dysfunction,2,cellular senescence,0,,0,,32.0,0.4848484848484848,31,0.6139742,29,0.7867059970381322,0.6666666666666666,0.7146823988152529,24,1,1,1,1,0,0,0,11,High,,batch003,,,,,,Antioxidant Proline Carbon Dot-Composited Poly(L-methionine) Hydrogel Restores Mitophagy to Alleviate Cellular Senescence in Intervertebral Disc Degeneration.,0,0,1,2,0.7146823988152529,0.6666666666666666,0.0,0.5,0.0,0.0,46.68055062520052,72,Moderate
42367344,β2-Microglobulin Induces Mitochondrial Dysfunction Accompanied by Bronchial Epithelial Cell Senescence.,"PURPOSE: β2-microglobulin (β2m) is the light-chain subunit of major histocompatibility complex class I (MHC I) molecules. Our group previously showed that β2m contributes to emphysema development by inducing epithelial cell senescence. However, the mechanism linking β2m to epithelial senescence remains unclear. Previous studies have reported mitochondrial dysfunction in senescent lung cells from patients with emphysema, suggesting a potential mechanistic pathway. This in vitro study used BEAS-2B human bronchial epithelial cells to evaluate whether exposure to β2m is associated with mitochondrial dysfunction and a senescent phenotype. METHODS: Human bronchial epithelial BEAS-2B cells were exposed in vitro for 48 hours to recombinant human β2m or cigarette smoke extract (CSE). Cellular senescence was assessed by senescence-associated β-galactosidase (SA-β-gal) staining. Mitochondrial dysfunction was evaluated by measuring mitochondrial membrane potential (MMP), reactive oxygen species (ROS), mitochondrial ROS (mtROS), oxygen consumption rate (OCR), and real-time adenosine triphosphate (ATP) production rate. Cell proliferation and apoptosis were assessed using CCK-8 and Annexin V-FITC/PI assays, respectively. RESULTS: β2m and CSE increased SA-β-gal staining in BEAS-2B cells, indicating enhanced cellular senescence. β2m and CSE also decreased MMP, increased ROS and mtROS levels, and reduced OCR, indicating mitochondrial dysfunction. In addition, β2m and CSE reduced BEAS-2B cell proliferation and increased apoptosis. CONCLUSION: β2m exposure was associated with mitochondrial dysfunction and a senescent phenotype in BEAS-2B cells, accompanied by reduced proliferation and increased apoptosis. These findings suggest that β2m may contribute to epithelial aging in COPD/emphysema, although further mechanistic investigation and in vivo validation are required.","Yu Gu, Wei Yuan, Xue-Fei Xie, Hong-Meng Dong, Bing Wei, Jun-Yu Wang",International journal of chronic obstructive pulmonary disease,2026-06-20,2026,10.2147/COPD.S614376,https://pubmed.ncbi.nlm.nih.gov/42367344/,0,,2,mitochondrial dysfunction;mitochondrial membrane potential;mitochondrial ros,2,cellular senescence,0,,0,,24.0,0.3636363636363636,59,0.5528693,73,0.6593345506927096,0.5,0.5637338202770839,70,0,0,2,1,0,0,0,7,High,,batch003,,,,,,β2-Microglobulin Induces Mitochondrial Dysfunction Accompanied by Bronchial Epithelial Cell Senescence.,0,0,2,2,0.5637338202770839,0.6666666666666666,0.0,1.0,0.0,0.0,46.3973503763646,73,Moderate
42457680,The SIRT5-SUCLG2 desuccinylation axis delays ovarian aging via a mitochondrial-epigenetic regulatory mechanism.,"Mitochondrial dysfunction and epigenetic alterations play critical roles in aging-related diseases, yet the molecular mechanisms linking mito-nuclear crosstalk to ovarian aging remain poorly understood. Here, single-cell transcriptome analysis of aging ovaries revealed senescence-associated hallmark alterations, including abnormally elevated mitochondrial metabolism, disrupted histone modification patterns, and enrichment of the senescence-associated secretory phenotype (SASP). We demonstrated that impaired SIRT5-mediated desuccinylation constitutes a key driver of ovarian aging. Mechanistically, we identified succinyl-coenzyme A (CoA) synthetase GDP-forming subunit β (SUCLG2) in the tricarboxylic acid (TCA) cycle as the main target of SIRT5-mediated desuccinylation. SUCLG2 desuccinylation at lysine residues K93 and K101 enhanced its protein stability and activity, thereby improving mitochondrial function upon cellular senescence. However, SUCLG2 hypersuccinylation specifically increased H4K8ac through acetyl-CoA accumulation in nucleus, leading to the overexpression of metabolism-related genes to compensate for the energy demand deficiency caused by decreased mitochondrial function during cellular senescence. In vivo functional studies demonstrated that acetyl-CoA oversupply accelerated ovarian aging, whereas ovarian gene therapy employing a SUCLG2 desuccinylation mutant ameliorated this condition. This study illuminates the molecular mechanisms underlying ovarian aging and identifies the SIRT5-SUCLG2 axis as a promising therapeutic target for age-related ovarian dysfunction.","Dejun Xu, Shuaifei Song, Qingmiao Shi, Zhiling Zhao, Wenhao Zhao, Lei Wang, Guangxin E, Yanguo Han, Yongju Zhao, Zhongquan Zhao",Nature communications,2026-07-15,2026 Jul 15,10.1038/s41467-026-75502-x,https://pubmed.ncbi.nlm.nih.gov/42457680/,0,,2,mitochondrial dysfunction,3,cellular senescence,0,,1,transcriptomics,33.0,0.5,20,0.6408217,15,0.8426688560847674,0.6875,0.749567542433907,11,0,0,0,1,0,0,0,5,High,,batch003,,,,,,The SIRT5-SUCLG2 desuccinylation axis delays ovarian aging via a mitochondrial-epigenetic regulatory mechanism.,1,0,0,2,0.749567542433907,0.6666666666666666,0.0,0.0,0.3333333333333333,0.0,46.23486398518675,74,Moderate
42627104,hTERT Immortalization Stabilizes Human Umbilical Cord MSCs and Maintains Their Small Extracellular Vesicles With Preserved Immunomodulatory Activity and Primordial Follicle-Activating Capacity.,"Cellular senescence is a fundamental hallmark of aging and represents a major barrier to the scalable and reproducible application of mesenchymal stromal cell (MSC)-derived small extracellular vesicles (sEVs). Senescent human umbilical cord mesenchymal stromal cells (hUCMSCs) exhibit impaired proliferative capacity, disrupted mitochondrial homeostasis, and altered secretory phenotypes, which may compromise the biological activity and therapeutic reliability of sEVs. Here, we investigated whether overexpression of human telomerase reverse transcriptase (hTERT) attenuates senescence-associated deterioration and stabilizes sEV functional properties. Late-passage hUCMSCs displayed canonical senescence features and mitochondrial dysfunction, all of which were markedly alleviated by hTERT expression. Functionally, sEVs derived from senescent cells exhibited impaired immunomodulatory activity, whereas sEVs from hTERT-expressing cells largely restored this function. Mechanistically, senescence was associated with altered sEV cargo, including enrichment of miR-217-5p, which contributed to diminished immunomodulatory potency, at least in part through modulation of SIRT1-associated inflammatory signaling in recipient macrophages. Proteomic profiling further showed that H11-sEVs retained a young-like protein cargo profile, particularly for proteins associated with immune and inflammatory regulation. In parallel, sEVs from all three groups retained primordial follicle-activating capacity, consistent with the broad retention of PI3K-Akt pathway-related proteins in their proteomic profiles and PI3K-Akt pathway activation in ovarian tissues. In aged female mice, H11-sEVs exhibited young-like ovarian protective activity. Collectively, these findings demonstrate that hTERT uncouples cellular senescence from sEV functional decline, supporting the development of potency-stabilized sEV sources for aging-related and regenerative applications and providing insight into the biological roles of senescent cell-derived sEVs.","Yating Chen, Wei Liu, Ying Tian, Xinyu Wang, Haonan Fan, Mingyu Yang, Feiyang Diao, Jing Li",Aging cell,,2026 Sep,10.1111/acel.70681,https://pubmed.ncbi.nlm.nih.gov/42627104/,0,,2,mitochondrial homeostasis;mitochondrial dysfunction,3,cellular senescence;senescent cells,0,,1,proteomics,33.0,0.5,19,0.58446336,30,0.6645437105941068,0.5625,0.6033174842376428,18,0,0,1,1,0,0,0,7,High,pubmed_articles.csv,batch_001,canonical_literature_v1,phd_evidence_strength_v1,phd_biological_score_v1,sentence-transformers/all-MiniLM-L6-v2,pubmed_phd_priority_features_v1,,1,0,1,2,0.6033174842376428,0.6666666666666666,0.0,0.5,0.3333333333333333,0.0,46.11611194831749,75,Moderate
42617903,Mitochondrial dysfunction in ifosfamide-induced nephrotoxicity: Mechanisms and possible interventions.,"Ifosfamide is a chemotherapeutic agent used to treat aggressive solid tumors, but nephrotoxicity is a serious adverse effect and a risk factor for chronic kidney disease. Isophosphoramide mustard is the therapeutically active metabolite, whereas chloroacetaldehyde (CAA) is considered the nephrotoxic metabolite. The kidney injury predominantly affects the proximal tubule and has been linked to mitochondrial defects, although the cellular mechanisms remain incompletely understood. Here, we review the evidence for mitochondrial involvement and discuss potential therapeutic interventions. CAA is thought to disrupt oxidative phosphorylation, leading to ATP depletion and increased reactive oxygen species formation, which ultimately contributes to mitochondrial dysfunction. Additionally, CAA has been shown to interact with essential thiols such as glutathione and coenzyme A, and has been reported to impair lipid, protein metabolism and glucose synthesis. Collectively, these processes might contribute to tubulointerstitial nephritis, cellular senescence, and necrosis. Preclinical therapeutic interventions to prevent ifosfamide-induced nephrotoxicity have focused on protecting mitochondrial function and mitigating oxidative stress. These data indicate that antioxidants and glutathione precursors may reduce toxicity markers and preserve kidney histological structure. Ifosfamide-induced nephrotoxicity remains a clinical challenge as its mitochondrial mechanisms are not fully understood. To address this, we recommend investigating genetic susceptibility, and determining mitochondrial pathways, such as disrupted mitochondrial dynamics, mitochondrial DNA damage, and dysregulated energy signaling, through integrated molecular, functional, and metabolomic analyses in human-derived in vitro models. Additionally, we recommend evaluating nephroprotective strategies, including antioxidants, mitochondrial transplantation, and therapies that stimulate mitochondrial biogenesis, to identify interventions that prevent kidney injury while preserving antitumor efficacy.","Kate Liang, Jolita Ciapaite, Rosalinde Masereeuw, Marianne C Verhaar, Marry M van den Heuvel-Eibrink, Gisela G Slaats, Gerrit van den Berg",European journal of pharmacology,2026-08-19,2026 Aug 19,10.1016/j.ejphar.2026.179269,https://pubmed.ncbi.nlm.nih.gov/42617903/,0,,2,mitochondrial dynamics;mitochondrial biogenesis;mitochondrial dysfunction,2,cellular senescence,1,kidney,1,metabolomics,30.0,0.4545454545454545,33,0.4453193,82,0.3828835495124337,0.5,0.4531534198049735,58,0,0,2,1,0,0,0,7,Moderate,pubmed_articles.csv,batch_001,canonical_literature_v1,phd_evidence_strength_v1,phd_biological_score_v1,sentence-transformers/all-MiniLM-L6-v2,pubmed_phd_priority_features_v1,,1,0,2,2,0.4531534198049735,0.6666666666666666,0.0,1.0,0.3333333333333333,0.0,45.860369693174064,76,Moderate
42502879,Inflammaging: Experimental Insights and Translational Advances.,"Inflammaging, defined as the persistent, low-grade sterile inflammation accompanying aging, represents a central driver of age-related pathology, including cardiovascular dysfunction, neurodegeneration, metabolic disorders, and frailty. This review discusses the most recent advances in understanding its mechanistic basis, encompassing cellular senescence, the senescence-associated secretory phenotype (SASP), mitochondrial dysfunction, immune cell senescence, innate immune hyperactivation, defective inflammatory resolution, and nutrient-sensing dysregulation. Single-cell and spatial transcriptomics reveal tissue-specific and context-dependent patterns, highlighting the systemic complexity of inflammaging. Preclinical interventions demonstrate that inflammaging is modifiable through senolytics, which selectively eliminate senescent cells, and senomorphics, which suppress SASP without inducing cell death. Metabolic modulators such as metformin and rapamycin attenuate inflammatory signaling, while immune-directed therapies and microbiome-targeted interventions provide synergistic benefits through combinatorial approaches. Early-phase clinical trials in frail older adults show feasibility, safety, and preliminary efficacy, including reductions in circulating inflammatory markers, improved physical function, and enhanced immune responsiveness. Inflammaging trajectories are shaped by lifestyle, environmental exposures, and evolutionary factors, underscoring the need for personalized interventions. Remaining challenges include biomarker development, long-term safety evaluation, and heterogeneity across aging populations. Addressing these through interdisciplinary research supports a precision geroscience paradigm, where multimodal targeting of inflammaging can extend healthspan and reduce chronic disease burden.",Andrea Cossarizza,European journal of immunology,,2026 Jul,10.1002/eji.70239,https://pubmed.ncbi.nlm.nih.gov/42502879/,0,,2,mitochondrial dysfunction,2,cellular senescence;senescent cells,1,cardiovascular,1,transcriptomics,30.0,0.4545454545454545,32,0.6637231,8,0.8904061806092336,0.625,0.7311624722436935,16,0,0,0,1,0,0,0,5,High,,batch003,,,,,,Inflammaging: Experimental Insights and Translational Advances.,1,0,0,2,0.7311624722436935,0.6666666666666666,0.0,0.0,0.3333333333333333,0.0,45.59068652852927,77,Moderate
41967813,"Nanomedicine guiding mitochondrial function in the treatment of cardiovascular diseases: Mechanisms, latest developments, and clinical translation.","Cardiovascular diseases (CVDs) remain the leading cause of morbidity and mortality worldwide, and ageing is their strongest biological risk factor. In the ageing cardiovascular system, mitochondrial dysfunction is not only a central driver of disease progression but also a key feature of cardiovascular ageing, linking oxidative stress, calcium dysregulation, bioenergetic failure, impaired mitochondrial dynamics, defective mitophagy, and chronic inflammation to myocardial and vascular decline. In this review, we discuss how age-associated mitochondrial alterations contribute to the pathogenesis of major CVDs and highlight their connections with broader hallmarks of ageing, including cellular senescence, proteostasis disruption, altered intercellular communication, and stem cell exhaustion. We further summarise recent advances in nanomedicine-based strategies targeting and modulating mitochondrial function, including stimulus-responsive nanocarriers, active targeting ligands, biomimetic delivery systems, and combinatorial therapeutic platforms. These approaches show promise in restoring redox balance, improving energy metabolism, limiting apoptosis, and enhancing mitochondrial quality control in conditions such as ischemia-reperfusion injury, hypertension, heart failure, and arrhythmia. Importantly, we also emphasise that ageing itself may substantially influence nanoparticle biodistribution, protein corona formation, immune recognition, intracellular trafficking, and therapeutic efficacy, thereby affecting the translational performance of mitochondrial-targeted nanomedicine in older patients. Although significant progress has been made, challenges remain in biosafety, age-relevant preclinical evaluation, manufacturing scalability, and clinical translation. We further highlight that clinical translation remains constrained by limited cardiovascular clinical evidence, patient heterogeneity, and age- and comorbidity-dependent variability in nanoparticle safety and efficacy. Overall, framing mitochondrial-targeted nanomedicine within the biology of cardiovascular ageing may provide a more precise and clinically relevant strategy for preventing and treating age-related CVDs.","Fuyun Jia, Xiangchen Xia, Yuchen Song, Yicheng Chen, Jianzhong Pang, Xi Zhang, Qiang Xu",Ageing research reviews,2026-04-10,2026 Jun,10.1016/j.arr.2026.103135,https://pubmed.ncbi.nlm.nih.gov/41967813/,0,,2,mitochondrial dynamics;mitophagy;mitochondrial quality control;mitochondrial dysfunction,1,cellular senescence,1,myocardial;cardiovascular,0,,21.0,0.3181818181818182,81,0.565554,64,0.685775451266277,0.4375,0.5368101805065109,82,0,0,3,0,0,0,0,2,High,,batch003,,,,,,"Nanomedicine guiding mitochondrial function in the treatment of cardiovascular diseases: Mechanisms, latest developments, and clinical translation.",0,0,2,2,0.5368101805065109,0.6666666666666666,0.0,1.0,0.0,0.0,45.455022984394546,78,Moderate
42617978,Aging in the air we breathe: Mechanisms and consequences of air pollution exposure for biological aging.,"Air pollution is the leading environmental cause of disease burden worldwide and is increasingly recognized as a potent driver of accelerated biological aging. Rather than acting through organ-specific toxicity alone, air pollutants appear to affect the fundamental hallmarks of aging itself, including oxidative stress, chronic inflammation, epigenetic dysregulation, telomere attrition, mitochondrial dysfunction, and cellular senescence. The pollutants of greatest concern are fine and ultrafine particulate matter (PM2.5, PM0.1), traffic-related air pollution, and household combustion emissions. This review synthesizes epidemiological and mechanistic evidence linking ambient and household air pollution to biological aging across the full spectrum of biomarker classes, including molecular measures (epigenetic clocks, telomere length, transcriptomic signatures), system-level indices (composite clinical biomarkers, proteomic aging clocks, inflammatory markers), and whole-organism measures (frailty). The strength of evidence varies meaningfully across biomarker classes. System-level composite measures, particularly the Klemera-Doubal method biological age, PhenoAge, and frailty scores, show the most robust and consistent associations with air pollution. Causal mediation analyses across independent cohorts support the role of biological aging as a mechanistic pathway linking air pollution exposure to clinical disease outcomes, including cardiovascular disease, neuropsychiatric disorders, and chronic kidney disease. Epigenetic clock findings remain inconclusive at the meta-analytic level despite strong biological plausibility, likely reflecting differences in exposure assessment methods, study design, and cell composition of the target tissue. Life-course vulnerability windows are also examined, with prenatal and early-life exposures shown to shape biological aging trajectories that persist into later life. Key research gaps include underrepresentation of household air pollution and low-income settings, and the shortage of longitudinal multimarker or multi-omics study designs. Air quality improvements and clean cooking fuel transitions have been shown to partially reverse air pollution-associated aging acceleration, reinforcing the public health relevance of these findings. Reducing air pollution thus remains the most equitable strategy for slowing biological aging at the population level, and incorporating aging-focused endpoints into environmental health research and regulatory policy is both a scientific and public health priority.","Parinaz Poursafa, Juulia Jylhävä",Ageing research reviews,2026-08-19,2026 Aug 19,10.1016/j.arr.2026.103297,https://pubmed.ncbi.nlm.nih.gov/42617978/,0,,2,mitochondrial dysfunction,1,cellular senescence,1,kidney;cardiovascular,3,transcriptomics;proteomics,30.0,0.4545454545454545,33,0.54595697,46,0.5865977601160647,0.5,0.5346391040464259,39,0,0,0,0,0,1,0,3,High,pubmed_articles.csv,batch_001,canonical_literature_v1,phd_evidence_strength_v1,phd_biological_score_v1,sentence-transformers/all-MiniLM-L6-v2,pubmed_phd_priority_features_v1,,3,0,0,2,0.5346391040464259,0.6666666666666666,0.0,0.0,1.0,0.0,45.37903530829157,79,Moderate
41991642,Beyond energy production: targeting mitochondrial biogenesis in aging and cancer with phytochemical intervention.,"Mitochondrial biogenesis, the process by which cells generate new mitochondria, is crucial for maintaining cellular homeostasis, energy production, and overall health. Mitochondrial dysfunction is a key factor in both aging and cancer, where it contributes to the decline in cellular function and facilitates the progression of disease. In aging, mitochondrial alterations lead to impaired metabolic function, increased oxidative stress, and cellular senescence. Similarly, cancer cells often exhibit altered mitochondrial dynamics, which support rapid proliferation and resistance to apoptosis. Despite their differences, aging and cancer share common molecular mechanisms, particularly in mitochondrial dysregulation, that offer insights into potential therapeutic strategies. Recent research has highlighted the potential of medicinal plants and their bioactive compounds in modulating mitochondrial biogenesis and mitigating dysfunction. Phytochemicals have shown promise in enhancing mitochondrial function, promoting healthy aging, and inhibiting cancer progression. This review explores the molecular mechanisms underlying mitochondrial biogenesis, its dysregulation in aging and cancer, and the therapeutic potential of plant-based compounds in targeting mitochondrial dysfunction. By understanding the intricate relationship between mitochondria, aging, and cancer, novel therapeutic strategies can be developed to improve cellular health and combat age-related diseases and cancer.","Adelene Gan-Yin-Xuen, Soni Thakur, Mohd Adnan, Sreenivasan Sasidharan",Naunyn-Schmiedeberg's archives of pharmacology,2026-04-17,2026 Jun,10.1007/s00210-026-05299-5,https://pubmed.ncbi.nlm.nih.gov/41991642/,0,,2,mitochondrial dynamics;mitochondrial biogenesis;mitochondrial dysfunction,1,cellular senescence,0,,0,,18.0,0.2727272727272727,99,0.5969645,41,0.7512497555435592,0.375,0.5254999022174237,86,0,0,2,0,0,0,0,2,High,,batch003,,,,,,Beyond energy production: targeting mitochondrial biogenesis in aging and cancer with phytochemical intervention.,0,0,2,2,0.5254999022174237,0.6666666666666666,0.0,1.0,0.0,0.0,45.05916324427649,80,Moderate
42451165,Chlorella Hot Water Extract Restores Collagen Production in Senescent Fibroblasts Through Reversal of miR-193a-5p-Mediated Translational Repression of COL1A1.,"BACKGROUND: Cellular senescence is accompanied by mitochondrial dysfunction and decline in type I collagen production, contributing to age-related tissue deterioration. However, the post-transcriptional mechanisms underlying senescence-associated collagen decline remain poorly understood. METHODS: Here, we investigated the effects of chlorella hot water extract (CHWE) on mitochondrial function and collagen production in senescent human fibroblasts. RESULTS: CHWE restored mitochondrial membrane potential, ATP production, and redox balance through upregulation of SOD2. Notably, CHWE increased collagen protein levels without altering COL1A1 mRNA, indicating post-transcriptional regulation. miRNA profiling across young, senescent, and CHWE-treated senescent fibroblasts revealed that miR-193a-5p was upregulated during senescence (1.73-fold) and normalized by CHWE treatment. Functional validation confirmed that miR-193a-5p mimic suppressed COL1A1 protein. These findings identify a senescence-miR-193a-5p-COL1A1 axis in which age-dependent miR-193a-5p accumulation represses collagen translation, and CHWE reverses this process. By simultaneously restoring mitochondrial bioenergetic capacity and relieving miRNA-mediated translational repression, CHWE promotes efficient collagen recovery in senescent cells through complementary mechanisms. CONCLUSIONS: This study reveals a translational regulatory mechanism of collagen decline during cellular aging and highlights CHWE as a functional food supplement and a potential multi-target agent for age-related tissue deterioration.","Sou Kageyama, Yusei Sato, Zenaida Aurea Krizza B Escareal, Miharu Amano, Yuka Maejima, Yuji Kawabata, Takushi Namba",Nutrients,2026-07-03,2026 Jul 03,10.3390/nu18132163,https://pubmed.ncbi.nlm.nih.gov/42451165/,0,,2,mitochondrial dysfunction;mitochondrial membrane potential,3,cellular senescence;senescent cells,0,,0,,30.0,0.4545454545454545,32,0.58367693,52,0.7235521894021196,0.625,0.6644208757608479,36,0,0,1,1,0,0,0,7,High,,batch003,,,,,,Chlorella Hot Water Extract Restores Collagen Production in Senescent Fibroblasts Through Reversal of miR-193a-5p-Mediated Translational Repression of COL1A1.,0,0,1,2,0.6644208757608479,0.6666666666666666,0.0,0.5,0.0,0.0,44.921397318296336,81,Low
42170234,Ion-coupled transfersome complexes for enhanced transdermal NAD+ repletion and mitigation of cellular senescence signatures.,"Nicotinamide adenine dinucleotide (NAD+) is a pivotal coenzyme whose decline drives mitochondrial dysfunction and senescence. However, NAD+ delivery to skin is limited by poor stability and tissue accessibility. Here, we develop an ion-coupled NAD+ transfersome (ICoN) that stabilizes NAD+ and enables efficient, non-invasive transdermal delivery. ICoN restores intracellular NAD+ levels and reverses transcriptomic programs associated with DNA damage, oxidative stress, and senescence in vitro. Functionally, ICoN promotes mitochondrial functional integrity and sustains proliferative and migratory competence under senescent and NAD+-depleted conditions. In ex vivo porcine and human skin explants, ICoN achieves superior intratissue NAD+ penetration while attenuating senescent signatures compared with free NAD+ or precursors. Integrated high-spatial-resolution transcriptomic profiling and bulk transcriptomic analyses of UV-stressed human skin reveal that ICoN mitigates histological disruption and senescence-associated transcriptional programs at the tissue level. Moreover, ICoN extends lifespan and enhances healthspan in C. elegans. These findings characterize ICoN as a transdermal NAD + delivery platform supporting localized NAD + restoration in the context of skin aging.","Seongsu Kang, Shibo Wei, Bon Il Koo, Yunju Jo, Junhyeon Park, Yingqi Xue, Sanghyun Ye, Jiwon Park, Byung Woo Hwang, Jin Hyun Kim, Euitaek Jeong, Juewon Kim, Nea-Gyu Kang, Seung-Hyun Jun, Dongryeol Ryu",Materials today. Bio,2026-05-06,2026 Jun,10.1016/j.mtbio.2026.103218,https://pubmed.ncbi.nlm.nih.gov/42170234/,0,,2,mitochondrial dysfunction,3,cellular senescence,0,,1,transcriptomics,33.0,0.5,20,0.5936396,43,0.7443190949589924,0.6875,0.710227637983597,25,0,0,0,1,0,0,0,5,High,,batch003,,,,,,Ion-coupled transfersome complexes for enhanced transdermal NAD+ repletion and mitigation of cellular senescence signatures.,1,0,0,2,0.710227637983597,0.6666666666666666,0.0,0.0,0.3333333333333333,0.0,44.85796732942589,82,Low
42144350,Metformin attenuates cuprizone-induced mitochondrial dysfunction and senescence-associated changes in primary neuronal cells.,"Mitochondrial dysfunction and cellular senescence are key features of brain aging and neurodegenerative diseases. Cuprizone (CPZ), a mitochondrial toxin, induces oxidative stress, abnormal lipid metabolism, and iron accumulation in neurons and oligodendrocytes. Here, we investigated whether metformin (MFN), an AMPK activator with a known safety profile, can protect against CPZ-induced mitochondrial and senescence-like changes. Using confocal and transmission electron microscopy, we observed mitochondrial enlargement, increased reactive oxygen species (ROS) production, iron accumulation, and lipofuscin formation in CPZ-treated primary neuronal cultures. Next, we assessed the impact of MFN on mitochondrial changes and increase in lipid-radicals in cells exposed to CPZ. The treatment of MFN resulted in decreased abnormal mega-mitochondrial morphology, decreased levels of mitochondrial reactive oxygen species (mitoROS), and decreased iron accumulation within mitochondria. Moreover, MFN treatment prevented the typically observed increases in lipofuscin and lipid radicals in CPZ-affected cells. Analysis of gene expression in primary neuronal cells treated with CPZ showed differences in mitochondria-related genes linked to lipid peroxidation, oxidative stress, and cellular senescence. These findings suggest that MFN mitigates mitochondrial dysfunction and senescence-associated alterations, highlighting its therapeutic potential in aging-related neurodegeneration.Key words: mitochondria, CPZ, MFN, oxidative stress, lipofuscin.","Yeojin Kim, Hyunbum Jeon, Sun-Yeong Gwon, Sehyun Chae, Ji Young Mun",Cell structure and function,2026-05-21,2026 Jun 20,10.1247/csf.26019,https://pubmed.ncbi.nlm.nih.gov/42144350/,0,,2,mitochondrial dysfunction,3,cellular senescence,0,,0,,30.0,0.4545454545454545,32,0.6255374,20,0.8108091623879059,0.625,0.6993236649551624,28,0,0,0,1,0,0,0,5,High,,batch003,,,,,,Metformin attenuates cuprizone-induced mitochondrial dysfunction and senescence-associated changes in primary neuronal cells.,1,0,0,2,0.6993236649551624,0.6666666666666666,0.0,0.0,0.3333333333333333,0.0,44.47632827343068,83,Low
42643667,Ambient PM2.5 Induced Pulmonary Vascular Remodeling via MSC-Mediated Cellular Senescence in Pulmonary Arterial Endothelial Cells.,"Ambient fine particulate matter (PM2.5) was recognized as one of the most pressing environmental challenges confronting public health. There was a strong association between PM2.5 and pulmonary vascular diseases, the primary feature of which was pulmonary vascular remodeling. However, the underlying mechanisms by which PM2.5 induces pulmonary vascular remodeling have not been clarified. To address this gap, we established an environmental PM2.5-exposed mouse model and an in vitro cell model. Bioinformatics-based approaches were employed to identify potential regulators associated with pulmonary vascular remodeling, followed by an investigation into their potential roles in regulating pulmonary arterial function. Our results showed that PM2.5 exposure induced elevated pulmonary artery pressure and increased pulmonary artery wall thickness in mice. PM2.5 exposure induced cellular senescence in mouse pulmonary arterial endothelial cells (MPAECs) in vivo and in vitro, and PM2.5 treatment promoted mitochondrial dysfunction in MPAECs. Next, we used bioinformatics methods and experimental validation to identify MSC as potential regulator for mitochondrial dysfunction. And overexpression of MSC alleviated mitochondrial dysfunction-associated senescence (MiDAS) induced by PM2.5. In the mechanism, as a transcription factor, MSC regulated its downstream target gene NDUFB3, thereby facilitating PM2.5-induced MIDAS. This study offered novel insights into the molecular mechanisms underlying PM2.5-induced pulmonary vascular diseases and presented strategies for the precise intervention of pulmonary vascular injury triggered by atmospheric environmental factors.","Qingping Liu, Yizhe Yang, Yujia Xie, Mengqi Zou, Mengruo Wang, Jingyuan Wang, Lili Shi, Yaxian Pang, Lei Bao, Yujie Niu, Rong Zhang","Environment & health (Washington, D.C.)",2026-04-16,2026 Aug 21,10.1021/envhealth.5c00595,https://pubmed.ncbi.nlm.nih.gov/42643667/,0,,3,mitochondrial dysfunction,3,cellular senescence,0,,0,,36.0,0.5454545454545454,11,0.47898751,70,0.4510358907042288,0.625,0.5554143562816916,31,0,0,0,1,0,0,1,7,High,pubmed_articles.csv,batch_001,canonical_literature_v1,phd_evidence_strength_v1,phd_biological_score_v1,sentence-transformers/all-MiniLM-L6-v2,pubmed_phd_priority_features_v1,,0,0,0,3,0.5554143562816916,1.0,0.0,0.0,0.0,0.0,44.43950246985921,84,Low
42296716,Bach transcription factors: Emerging molecular regulators for oxidative stress-mediated skin responses and protection.,"Ultraviolet radiation (UVR), particularly UVA and UVB, is a major environmental source of photo-oxidative stress in skin. Absorption of UV photons by endogenous chromophores triggers excessive generation of reactive oxygen species (ROS), resulting in oxidative stress (OS), lipid peroxidation, mitochondrial dysfunction, DNA damage, and inflammation. These events contribute to photoaging, pigmentary alterations, impaired wound repair, and photocarcinogenesis. Adaptive responses are orchestrated by stress-responsive transcriptional networks, notably BTB and CNC homology 1 (Bach1) and BTB and CNC homology 2 (Bach2), members of the Broad-Complex, Tramtrack, and Bric-à-brac (BTB) and Cap 'n' Collar (CNC) family. Bach proteins function as redox-sensitive repressors that compete with Nuclear factor erythroid 2-related factor 2 (Nrf2) for antioxidant response elements (AREs) binding in association with small Maf proteins. Under basal conditions, Bach1 suppresses transcription of cytoprotective genes, including heme oxygenase-1 (HO-1), thereby maintaining a restrained antioxidant activity. UV-induced oxidative or heme stress promotes Bach1 nuclear export anddegradation, enabling Nrf2-driven antioxidant gene expression. Persistent or dysregulated Bach1 activity following chronic UV exposure has been linked to enhanced ferroptotic susceptibility, iron-dependent lipid peroxidation, mitochondrial metabolic imbalance, and increased genomic instability, promoting photodamage and tumor-associated redox adaptation. In contrast, Bach2 appears to exert context-dependent effects on immune regulation, autophagy, and cellular senescence, indicating functional divergence. Emerging evidence further indicates that Bach-mediated transcription intersects with iron metabolism, mitochondrial biogenesis, inflammatory signaling, and metabolic reprogramming, positioning these factors as central modulators of UV-induced redox thresholds. The dynamic balance between Bach proteins and Nrf2 defines the magnitude and duration of antioxidant responses following acute or chronic irradiation. Targeting this regulatory axis with natural antioxidants (e.g., eriodictyol, cannabidiol, and 3-acetyl-11-keto-β-boswellic acid), small-molecule modulators, or photodynamic strategies offers potential to enhance photoprotection and mitigate UV-driven pathology. A deeper mechanistic understanding of Bach-dependent signaling in photo-oxidative stress will advance the development of precision interventions for light-induced skin disorders and photocarcinogenesis.","Aneela Bashir, Mei Wang, Mengqi Liu, Jianzhou Cui, Muhammad Farrukh Nisar, Canliang Yan, Julia Li Zhong","Journal of photochemistry and photobiology. B, Biology",2026-06-09,2026 Aug,10.1016/j.jphotobiol.2026.113491,https://pubmed.ncbi.nlm.nih.gov/42296716/,0,,2,mitochondrial biogenesis;mitochondrial dysfunction,3,cellular senescence,0,,0,,30.0,0.4545454545454545,32,0.4526713,132,0.450474636333654,0.625,0.5551898545334616,71,0,0,1,1,0,0,0,7,High,,batch003,,,,,,Bach transcription factors: Emerging molecular regulators for oxidative stress-mediated skin responses and protection.,1,0,1,2,0.5551898545334616,0.6666666666666666,0.0,0.5,0.3333333333333333,0.0,44.43164490867115,85,Low
42361498,Mallotus japonicus leaf extract restores TRPM6 magnesium channel expression and suppresses cellular senescence in colonic epithelial cells.,"Age-related alterations in intracellular Mg2+ homeostasis can influence cellular bioenergetics and stress responses, yet the epithelial mechanisms linking aging and cellular senescence to impaired magnesium handling remain incompletely defined. Frailty is an emerging public health challenge in aging societies, and age-related magnesium deficiency has been proposed as one contributing factor. We investigated whether aging and cellular senescence impair epithelial magnesium handling in the colon and whether Mallotus japonicus (M. japonicus) leaf extract ameliorates these alterations in mouse colonic epithelial MCE301 cells under senescence-inducing conditions. The mRNA levels of transient receptor potential melastatin 6 (TRPM6) magnesium channel were decreased in the intestines of middle-aged mice and in MCE301 cells after long-term culture or tenovin-6-induced senescence. TRPM6 knockdown, tenovin-6, an inducer of cellular senescence, and low-Mg2+ medium each lowered intracellular free Mg2+ concentration ([Mg2+]i). Low-Mg2+ medium also attenuated proliferation. Transcriptome profiling suggested mitochondrial involvement under Mg2+-limiting conditions, consistent with reduced mitochondrial membrane potential and ATP production as well as increased mitochondrial fragmentation. M. japonicus leaf extract restored TRPM6 expression and [Mg2+]i, improved mitochondrial function, and suppressed senescence-associated secretory phenotype-related gene expression. Among the tested components of M. japonicus leaf extract, geraniin showed the strongest activity and also reduced senescence-associated β-galactosidase-positive cells, whereas corilagin, mallotinic acid, and mallotusinic acid showed partial effects. We suggest that aging- and senescence-associated TRPM6 downregulation is linked to impaired magnesium homeostasis and mitochondrial dysfunction in colonic epithelial cells. M. japonicus leaf extract and selected ellagitannin-related polyphenols mitigate these senescence-associated alterations.","Miki Tanabe, Shunsuke Matsuda, Kazushi Morimoto, Yuta Yoshino, Taichi Mitsui, Hiroe Maruyama, Hiroyuki Kono, Yoshiaki Tabuchi, Satoshi Endo, Akira Ikari",Archives of biochemistry and biophysics,2026-06-26,2026 Sep,10.1016/j.abb.2026.110915,https://pubmed.ncbi.nlm.nih.gov/42361498/,0,,2,mitochondrial dysfunction;mitochondrial membrane potential,3,cellular senescence,0,,1,transcriptomics,33.0,0.5,19,0.5197265,52,0.5335011463946597,0.5625,0.5509004585578638,32,0,0,1,1,0,0,0,7,High,pubmed_articles.csv,batch_001,canonical_literature_v1,phd_evidence_strength_v1,phd_biological_score_v1,sentence-transformers/all-MiniLM-L6-v2,pubmed_phd_priority_features_v1,,1,0,1,2,0.5509004585578638,0.6666666666666666,0.0,0.5,0.3333333333333333,0.0,44.28151604952523,86,Low
42391447,Acylglycerol Kinase Sensitizes Glioblastoma to Temozolomide via Limiting Mitochondrial Damage Related Cellular Senescence.,"Temozolomide (TMZ) is still the first-line drug for glioblastoma (GBM) treatment though tumor cell resistance remains a major challenge. TMZ administration may induce cellular senescence (CSEN), which exerts a dual regulatory effect on tumor progression, and evidence has suggested that CSEN is closely associated with mitochondrial dysfunction. Acylglycerol kinase (AGK), a mitochondrial membrane kinase, has been reported to participate in regulating mitochondrial function and the production of reactive oxygen species (ROS). Here, we aimed to investigate the role of AGK in GBM progression and TMZ resistance, assessed whether CSEN mediates these effects, and investigated the therapeutic potential of senolytic agents. Firstly, the analysis of TCGA data revealed that the increased expression of AGK was correlated with a poor prognosis of GBM patients. Secondly, through cell experiments of AGK-knockdown and overexpression, we found that AGK suppression inhibited the proliferation of tumor cells while paradoxically promoting TMZ resistance. Mechanistically, AGK suppression amplified TMZ-induced CSEN through increasing mitochondrial ROS (mtROS) and decreasing membrane potential. Conversely, Mito-TEMPO, a mtROS scavenger, and FOXO4-DRI, a senolytic agent, both enhanced the therapeutic efficacy of TMZ by eliminating these senescent cells via apoptosis. Furthermore, the clinical analysis linked AGK levels, CSEN, and prognosis of GBM patients treated with TMZ. In conclusion, our results establish senescence induction as a novel mechanism for AGK-mediated TMZ sensitization, suggesting that co-targeting AGK and CSEN represents a promising strategy to enhance TMZ therapy.","Na Ning, Changtu Wang, Tingyu Gao, Jiao Ma, Min Ding, Fuqin Zhang, Qiao Liu, Wei Zhang, Li Gong",Molecular carcinogenesis,2026-07-02,2026 Sep,10.1002/mc.70134,https://pubmed.ncbi.nlm.nih.gov/42391447/,0,,2,mitochondrial dysfunction;mitochondrial ros,3,cellular senescence;senescent cells,0,,0,,30.0,0.4545454545454545,33,0.6804317,4,0.8588061038514313,0.5,0.6435224415405725,14,0,0,1,1,0,0,0,7,High,pubmed_articles.csv,batch_001,canonical_literature_v1,phd_evidence_strength_v1,phd_biological_score_v1,sentence-transformers/all-MiniLM-L6-v2,pubmed_phd_priority_features_v1,,0,0,1,2,0.6435224415405725,0.6666666666666666,0.0,0.5,0.0,0.0,44.1899521205867,87,Low
42399678,A Non-Canonical Role for Hepatocyte MLKL in Promoting Mitochondrial Dysfunction and Senescence in the Aging Liver.,"Liver aging is characterized by chronic inflammation and metabolic dysfunction that drive progression of metabolic dysfunction-associated steatotic liver disease (MASLD). Necroptosis, a pro-inflammatory form of cell death via the Receptor-Interacting serine/threonine-Protein Kinase 1 (RIPK1)-RIPK3-Mixed Lineage kinase domain Like pseudokinase (MLKL) pathway, is activated in aging livers, and systemic inhibition of this pathway reduces hepatic inflammation and pathology. The cell type-specific role of necroptosis in liver aging, however, is unclear. Notably, RIPK3 is suppressed in hepatocytes under metabolic disease, suggesting necroptosis independent functions for MLKL. Here, we show that MLKL is elevated in aged hepatocytes and drives liver aging via a non-necroptotic mechanism. Using hepatocyte-specific MLKL-overexpressing mice (MLKLHepOE), we find that MLKL overexpression does not induce necroptosis but instead promotes cellular senescence, evidenced by increased p16INK4a and p21WAF1/Cip1 and elevated senescence associated secretory phenotype (SASP). Mechanistically, MLKL induces hepatocyte mitochondrial dysfunction, with impaired respiration, altered mitochondrial dynamics, and increased reactive oxygen species, implicating oxidative stress as a contributing mechanism. This mitochondrial stress is associated with enhanced release of pro-inflammatory extracellular vesicles (EVs) and induction of senescence in hepatocytes and non-parenchymal cells. While hepatocytes contribute substantially to total senescent burden by abundance, macrophages emerge as a senescence-enriched population, indicating amplification of senescence through non-cell-autonomous signaling. Collectively, these findings reveal a non-lethal, non-necroptotic function of hepatocyte MLKL in promoting liver inflammaging via mitochondrial dysfunction and paracrine senescence signaling, identifying MLKL as a regulator of hepatic aging and a potential therapeutic target in age-associated liver disease.","Sabira Mohammed, Chao Jiang, Travis Pennington, Shylesh Bhaskaran, Phoebe Ohene-Marfo, Kara F Kneuper, Constantin Georgescu, Kamille Pitts, Albert Tran, Zongkai Peng, Amit Singh, Zhibo Yang, Tiangang Li, Bethany Hannafon, Courtney Houchen, Jonathan D Wren, Andriy Yabluchanskiy, Veronica Galvan, Nagib Ahsan, Michael Kinter, Tommy L Lewis, Sathyaseelan S Deepa",Aging cell,,2026 Jul,10.1111/acel.70618,https://pubmed.ncbi.nlm.nih.gov/42399678/,0,,2,mitochondrial dynamics;mitochondrial dysfunction,3,cellular senescence,0,,0,,30.0,0.4545454545454545,32,0.55715644,70,0.668270973507988,0.625,0.6423083894031952,42,0,0,1,1,0,0,0,7,High,,batch003,,,,,,A Non-Canonical Role for Hepatocyte MLKL in Promoting Mitochondrial Dysfunction and Senescence in the Aging Liver.,0,0,1,2,0.6423083894031952,0.6666666666666666,0.0,0.5,0.0,0.0,44.147460295778494,88,Low
42214505,Aging in orbit: The twelve hallmarks as a bidirectional bridge between spaceflight-induced senescence and terrestrial geroscience.,"Human spaceflight exposes crew members to a combination of environmental stressors - including microgravity, galactic cosmic radiation, circadian disruption, and prolonged confinement - that together induce multisystem physiological changes resembling terrestrial aging. In this narrative review, we examine how short- and medium-term spaceflight affects all twelve recognized hallmarks of aging. Integrated multi-omics analyses in astronauts and rodent models identified mitochondrial dysfunction as a central node of spaceflight biology, with oxidative damage propagating genomic instability, cellular senescence, and chronic inflammation. At the chromosomal level, telomere dynamics were characterized by a paradoxical elongation-shortening cycle that may compress years of terrestrial attrition into months. In parallel, epigenetic clock analyses showed a ∼1.9-year biological age acceleration in astronauts after a 9-day orbital mission, with hierarchical post-flight recovery (reversible transcriptomic and epigenomic shifts versus persistent chromosomal inversions and clonal hematopoiesis mutations). This partial reversibility distinguishes the spaceflight paradigm from the largely unidirectional trajectory of chronological aging. We conclude that the relationship between spaceflight biology and terrestrial geroscience is bidirectional. Aging research on Earth provides the interpretive framework that renders astronaut molecular data biologically meaningful, and spaceflight offers geroscience a compressed, partially reversible aging-like phenotype in healthy young subjects that has no direct terrestrial counterpart. The observation that space radiation induces qualitatively distinct senescent phenotypes amenable to senolytic clearance supports a translational framework in which geroprotective strategies may simultaneously serve astronaut health and promote healthy longevity in the broader aging population.","Piercarlo Minoretti, Simone Lista, Susana López-Ortiz, María Merino-País, Alejandro Santos-Lozano, Alejandro Lucia, Enzo Emanuele",Ageing research reviews,2026-05-28,2026 Jul,10.1016/j.arr.2026.103191,https://pubmed.ncbi.nlm.nih.gov/42214505/,0,,2,mitochondrial dysfunction,2,cellular senescence,0,,1,transcriptomics,27.0,0.4090909090909091,55,0.54455256,80,0.6419985399525098,0.5625,0.5942994159810039,57,0,0,0,1,0,0,0,5,High,,batch003,,,,,,Aging in orbit: The twelve hallmarks as a bidirectional bridge between spaceflight-induced senescence and terrestrial geroscience.,2,0,0,2,0.5942994159810039,0.6666666666666666,0.0,0.0,0.6666666666666666,0.0,44.133812892668466,89,Low
42105620,Transcriptome and metabolome analysis reveals that cuproptosis in bovine cumulus cells triggers the intercellular transmission of senescence and mitochondrial dysfunction to impair oocyte quality.,"Cuproptosis, a newly discovered form of copper-driven regulated cell death, has been shown to be closely related to ovarian function. However, whether the oocyte dysfunction, decreased ovulation efficiency, and cumulus cell aging caused by copper overload or imbalance are associated with regulatory pathways related to cuproptosis remains unclear. In this study, the expression profiles of genes related to cuproptosis in cumulus cells were comprehensively analyzed through transcriptome sequencing and metabolome analysis, and key genes and pathways that affect oocyte maturation were identified in response to elesclomol and CuSO4 treatment. Transcriptome analysis of cumulus cells revealed the differential expression of genes involved in key biological processes, such as cellular senescence (AKT3, MORC3, RBL1, etc.), gap junctions (GJA1, GNAI1, GJB3, etc.), steroid biosynthesis (FDX1, HSD17B7, CYP1A1, etc.), and cell cycle regulation (CDK2, CCNB2, MAPK7, etc.). Metabolomic analysis revealed significant changes in the levels of malic acid, PS (18:3(10,12,15)-OH(9)/14:0), and PA (21:0/LTE4), among other compounds. Subsequent Smart-seq analysis of oocytes revealed that after cuproptosis was induced in cumulus cells, oocyte maturation was disrupted, which affected genes associated with cellular senescence (TGFB2, SIRT1, CHEK2, etc.), oocyte meiosis (FBXO5, CCNB3, PLK1, etc.), and DNA methylation (PPM1D, DNMT3B, KMT2A, etc.). These findings provide deeper theoretical support for the key genes and biological processes involved in cumulus cell regulation and oocyte maturation, further clarifying the regulatory mechanisms of cuproptosis in the field of reproduction.","Hong Xu, Tian Tian, Dan Xu, Xiaoxue Du, Rui Su, Jinghong Liang, Ying Liu, Yuqing Zhang, Chang Liu, Shuang Liang, Qingying Li, Deli Ding, Yongsheng Han, Bo Zhai, Jidong Li, Chengzhen Chen, Jiabao Zhang, Hao Jiang, Bao Yuan",Theriogenology,2026-05-05,2026 Sep 15,10.1016/j.theriogenology.2026.117974,https://pubmed.ncbi.nlm.nih.gov/42105620/,0,,2,mitochondrial dysfunction,2,cellular senescence,1,bovine cumulus,2,transcriptomics;metabolomics,33.0,0.5,19,0.57227015,35,0.6398617982458351,0.5625,0.5934447192983341,20,0,0,0,1,0,1,0,8,High,pubmed_articles.csv,batch_001,canonical_literature_v1,phd_evidence_strength_v1,phd_biological_score_v1,sentence-transformers/all-MiniLM-L6-v2,pubmed_phd_priority_features_v1,,2,0,0,2,0.5934447192983341,0.6666666666666666,0.0,0.0,0.6666666666666666,0.0,44.10389850877502,90,Low
42537338,Histone deacetylase inhibition alters mRNA expression of cell cycle- and senescence-associated genes in primary equine chondrocytes.,"Cellular senescence is a biological state of a cell that triggers inflammation and gradually contributes to pathological conditions. Unlike programmed cell death, prolonged inhibition of cell division induces a metabolic state in senescent cells, in which they release pro-inflammatory factors that drive inflammation affecting the tissue microenvironment. Along with prolonged excessive mechanical stress, low-grade inflammation raised by senescent chondrocytes may contribute to articular cartilage defects, which are prevalent in ageing populations. Moreover, the use of chemotherapeutics used to improve cell differentiation can modulate senescence-associated effects in primary cells. We have inspected transcriptomic data of equine primary chondrocytes of the 4th passage expanded in a 2D culture system, stimulated with a low dose of trichostatin A (TSA) - a common histone deacetylase inhibitor (HDACi), to identify senescence-associated transcriptional response. We have identified downregulation of cell cycle and proliferation-related genes in TSA-stimulated chondrocytes. Cell cycle-related gene downregulation in equine chondrocytes, including those encoding CDK4 and pRb, without the involvement of the gene encoding p16INK4a, was observed. Upregulation of genes involved in oxidative phosphorylation and the proteasome pathway is consistent with a potentially protective effect of TSA on mitochondrial homeostasis. The unexpected transcriptional decline in FOXO signalling was characteristic of TSA-induced cartilage cells. Selective upregulation of immune-related genes in TSA-stimulated chondrocytes may reflect TSA-mediated modulation of the senescence-associated transcriptional response. The obtained results contribute to ongoing discussions regarding the use of HDACi as a therapeutic agent for the treatment of damaged articular cartilage.","Tomasz Ząbek, Tomasz Szmatoła, Wojciech Witarski, Katarzyna Ropka-Molik",Research in veterinary science,2026-07-28,2026 Oct,10.1016/j.rvsc.2026.106348,https://pubmed.ncbi.nlm.nih.gov/42537338/,0,,2,mitochondrial homeostasis,3,cellular senescence;senescent cells,0,,1,transcriptomics,33.0,0.5,19,0.5035932,58,0.5008435692276649,0.5625,0.537837427691066,37,0,0,1,1,0,0,0,7,High,pubmed_articles.csv,batch_001,canonical_literature_v1,phd_evidence_strength_v1,phd_biological_score_v1,sentence-transformers/all-MiniLM-L6-v2,pubmed_phd_priority_features_v1,,1,0,1,2,0.537837427691066,0.6666666666666666,0.0,0.5,0.3333333333333333,0.0,43.82430996918731,91,Low
42104610,"Autophagy as a Redox Rheostat Linking Cigarette Smoke, Electronic Cigarettes, and Nicotine Exposure to Lung Development, Disease, and Interorgan Communication.","Autophagy is a central cellular quality-control pathway that maintains metabolic and proteostatic homeostasis by degrading damaged organelles and proteins. In the lung, autophagy contributes to normal development, epithelial integrity, mitochondrial quality control, and immune regulation. Emerging evidence indicates that environmental exposures such as cigarette smoke (CS), electronic cigarette (EC) aerosols, and nicotine profoundly disrupt these processes, contributing to both chronic lung disease and developmental programming of respiratory pathology. In this review, we propose a unifying framework in which autophagy functions as a redox-modulated rheostat that integrates oxidative, metabolic, and epigenetic stress signals triggered by smoke and nicotine exposure. Under physiological conditions, autophagy mitigates oxidative stress by removing dysfunctional mitochondria and maintaining proteostasis. However, chronic exposure to CS or EC aerosols generates excessive reactive oxygen species, impairs lysosomal degradation, and disrupts mitochondrial quality control, shifting autophagy from an adaptive protective response to a maladaptive driver of epithelial injury, inflammation, and tissue remodeling. Integrating experimental and clinical evidence, we identify four mechanistic axes underlying smoke-induced autophagy dysregulation: lysosomal dysfunction with TFEB suppression, mitochondrial redox amplification, disruption of selective autophagy pathways (including mitophagy, ER-phagy, xenophagy, and lipophagy), and immune polarization associated with inflammasome activation and cellular senescence. Importantly, maternal smoke and EC exposure similarly perturb autophagy in the placenta and fetal lung, altering developmental trajectories and increasing susceptibility to asthma and chronic lung disease. Viewing autophagy as a dynamic, redox-sensitive rheostat highlights new therapeutic opportunities to restore autophagic flux, lysosomal competence, and mitochondrial quality control in smoke- and nicotine-related lung disease.","Noushin Lotfi, Nahid Rezaei, Gourav Chandan, Omid Akbari, Virender K Rehan",Comprehensive physiology,,2026 Jun,10.1002/cph4.70167,https://pubmed.ncbi.nlm.nih.gov/42104610/,0,,2,mitophagy;mitochondrial quality control,2,cellular senescence,0,,0,,24.0,0.3636363636363636,59,0.46251464,124,0.4709928018599825,0.5,0.488397120743993,99,0,0,2,1,0,0,0,7,Moderate,,batch003,,,,,,"Autophagy as a Redox Rheostat Linking Cigarette Smoke, Electronic Cigarettes, and Nicotine Exposure to Lung Development, Disease, and Interorgan Communication.",0,0,2,2,0.488397120743993,0.6666666666666666,0.0,1.0,0.0,0.0,43.76056589270642,92,Low
42340744,"Advanced molecular mechanisms underlying the anti-aging effects of Ipomoea batatas L. (sweet potato) leaves: bioactive compounds, cellular pathways, and functional food applications.","The global increase in life expectancy has intensified the need for effective dietary strategies to modulate biological aging and mitigate age-associated functional decline. Plant-derived bioactives have emerged as key regulators of aging-related molecular pathways; however, the anti-aging potential of sweet potato (Ipomoea batatas L. Lam.) leaves (SPL), a nutrient-dense yet underutilized leafy vegetable, remains insufficiently studied. This review aims to systematically evaluate the phytochemical composition, biological activities, and molecular mechanisms through which SPL bioactives influence the major hallmarks of aging. To our knowledge, this is the first comprehensive synthesis specifically focusing on the anti-aging mechanisms of SPL. Evidence from in vitro, in vivo, and emerging human studies demonstrates that SPL bioactives exert multi-targeted effects on oxidative stress, chronic inflammation, mitochondrial dysfunction, protein glycation, and cellular senescence. Mechanistically, SPL polyphenols activate the nuclear factor erythroid 2-related factor 2 (Nrf2) signaling pathway to enhance endogenous antioxidant defenses, while suppressing nuclear factor kappa B (NF-κB)-mediated inflammatory signaling. Additional pathways include inhibition of advanced glycation end-product formation, AMP-Activated Protein Kinase (AMPK)-mediated mitochondrial biogenesis, preservation of telomere integrity, and protection of extracellular matrix homeostasis through modulation of matrix metalloproteinases and collagen synthesis. Collectively, these findings position SPL as a promising functional food candidate for healthy aging. However, clinical validation remains limited. Future research should prioritize randomized controlled trials, dose-response and bioavailability studies, and integrative omics-based approaches to confirm efficacy and facilitate translation into evidence-based functional food applications.",Shahidul Islam,Critical reviews in food science and nutrition,2026-06-24,2026 Jun 24,10.1080/10408398.2026.2692006,https://pubmed.ncbi.nlm.nih.gov/42340744/,0,,2,mitochondrial biogenesis;mitochondrial dysfunction,1,cellular senescence,0,,0,,18.0,0.2727272727272727,99,0.48953786,116,0.5273219443069966,0.375,0.4359287777227986,122,0,0,1,0,0,0,0,2,Moderate,,batch003,,,,,,"Advanced molecular mechanisms underlying the anti-aging effects of Ipomoea batatas L. (sweet potato) leaves: bioactive compounds, cellular pathways, and functional food applications.",2,0,1,2,0.4359287777227986,0.6666666666666666,0.0,0.5,0.6666666666666666,0.0,43.590840553631274,93,Low
42387987,Age-Associated Senescence of Decidual Macrophages: A Key Mediator of Adverse Pregnancy Outcomes in Advanced Maternal Age.,"Senescence of immune cells can drive senescence of solid organs, and reversing immune cell senescence ameliorates organismal senescence phenotypes. As the second largest subset of decidual immune cells, macrophages play a critical role in pregnancy. However, whether decidual macrophages (DM) exhibit senescence in advanced maternal age (AMA) pregnancies (≥ 35 years old) and their involvement in AMA-related adverse outcomes remain undefined. This study elucidates the phenotypic and functional characteristics of DM in AMA pregnancies through clinical samples, animal models, and in vitro experiments. It clarifies the mechanisms underlying DM aging and explores novel intervention strategies to reverse DM aging and improve pregnancy outcomes in AMA pregnancies. We found that the presence of DM senescence in AMA pregnancies, manifested by an increased proportion of the pro-inflammatory phenotype M1, increased expression of senescence markers (P53 and SA-β-Gal), and decreased phagocytic capacity-all associated with the development of adverse outcomes in AMA. The mechanistic basis of DM senescence involves two key pathways: on the one hand, low expression of forkhead box O3 causes DM senescence by downregulating mitophagy. On the other hand, elevated IL-6 in the uterine microenvironment exacerbates senescence. Adoptive transfer of young mouse bone marrow-derived macrophages significantly rescues embryo resorption rates and placental development in AMA pregnant mice. Overall, our study uncovers novel mechanisms and therapeutic strategies for AMA-related adverse pregnancy outcomes through a new perspective of uterine macrophage senescence, providing new intervention ideas to improve adverse pregnancy outcomes in AMA.","Yujing Zhang, Yiming Zhang, Guangshun Gong, Zhijing Li, Wenjing Xiong, Xuhui Fang, Ning Lu, Di Wang, Yihui Li, Aihua Liao",Aging cell,,2026 Jul,10.1111/acel.70614,https://pubmed.ncbi.nlm.nih.gov/42387987/,0,,2,mitophagy,0,,0,,0,,12.0,0.1818181818181818,136,0.5197665,94,0.59033269463725,0.25,0.3861330778549,137,0,0,1,0,0,0,0,2,Moderate,,batch003,,,,,,Age-Associated Senescence of Decidual Macrophages: A Key Mediator of Adverse Pregnancy Outcomes in Advanced Maternal Age.,0,0,1,3,0.3861330778549,1.0,0.0,0.5,0.0,0.0,43.5146577249215,94,Low
42628192,Perfluorodecanoic Acid (PFDA) induces ovarian toxicity and premature aging via mitochondrial dysfunction.,"Perfluorodecanoic acid (PFDA) is a perfluoroalkyl substance characterized by high environmental persistence and bioaccumulation potential, with a propensity to accumulate in the reproductive system. However, its toxicological effects on ovarian function remain poorly understood. This study employed mouse primary ovarian granulosa cells (mGCs) and a human ovarian granulosa cell line (SVOG) as in vitro models, combined with in vivo exposure experiments in female C57 mice. We systematically assessed cell viability, oxidative stress, inflammation, and senescence-associated phenotypes using MTT assays, ROS detection, Sa-β-gal staining, Western blotting, immunofluorescence, H&E staining, and immunohistochemistry. The results demonstrated that PFDA dose‑dependently reduced the viability and proliferation of mouse primary granulosa cells (mGCs) and human SVOG cells, as determined by CCK8 and EdU assays, induced oxidative stress and inflammation, and triggered cellular senescence. Furthermore, PFDA exposure led to ovarian follicular depletion, significantly decreased serum AMH and E2 levels, and increased FSH levels, recapitulating a premature ovarian insufficiency‑like phenotype. Mechanistically, PFDA impaired mitochondrial function, causing ROS accumulation and disrupting mitochondrial dynamics, leading to excessive mitochondrial fission. The release of mitochondrial DNA into the cytoplasm activated the cGAS-STING signaling pathway. The subsequent oxidative stress-inflammatory cascade drove ovarian cellular senescence.This study presents new experimental evidence on PFDA's reproductive toxicity and its impact on ovarian aging, providing a foundation for risk assessment and intervention strategies concerning this environmental pollutant.","Yang Su, Huiyi Xie, Xiuli Lian, Meihong Hong, Fangyi Wu, Zhiyuan Wang, Wenwei Zheng, Na Lin",Tissue & cell,2026-08-13,2026 Aug 13,10.1016/j.tice.2026.103840,https://pubmed.ncbi.nlm.nih.gov/42628192/,0,,2,mitochondrial fission;mitochondrial dynamics;mitochondrial dysfunction,2,cellular senescence,1,ovarian granulosa,0,,27.0,0.4090909090909091,45,0.52020854,51,0.5344769082349268,0.4375,0.4762907632939707,53,0,0,2,1,0,0,0,7,Moderate,pubmed_articles.csv,batch_001,canonical_literature_v1,phd_evidence_strength_v1,phd_biological_score_v1,sentence-transformers/all-MiniLM-L6-v2,pubmed_phd_priority_features_v1,,0,0,2,2,0.4762907632939707,0.6666666666666666,0.0,1.0,0.0,0.0,43.33684338195564,95,Low
41833832,Sympathetic overactivity-induced type H endothelial cell senescence contributes to the impairment of vascularized osteogenesis by PKM2-mediated glycolysis in preclinical stages of Alzheimer's mice.,"Alzheimer's disease (AD) is characterized by early-onset bone loss, yet the underlying mechanisms remain elusive. Here, we demonstrated that sympathetic hyperactivity drives vascularized osteogenesis impairment in preclinical AD through a novel PKM2-glycolysis-mediated bone vascular endothelial cell (EC) senescence pathway. Utilizing systematic transcriptome profiling complemented by in vitro functional assays and in vivo validation studies, we found that norepinephrine (NE)-induced PKM2 downregulation disrupts glycolytic flux, triggering mitochondrial dysfunction-induced senescence (MiDAS) in vascular ECs. This metabolic reprogramming of vascular ECs inhibits the differentiation of osteoprogenitors by reducing the secretion of pro-osteogenic factors. Pharmacological inhibition of β-adrenergic signaling or PKM2 activation rescues EC senescence and bone loss. Mechanistically, NE released by the sympathetic nerve suppresses c-Maf, a transcription factor critical for PKM2 expression, linking sympathetic activation to metabolic dysfunction. Furthermore, our results also showed that combination therapy with oryzanol (sympathetic modulator) and eldecalcitol (senolytic) synergistically restores vascularized osteogenesis by targeting both neurovascular and metabolic axes. These findings establish a pathogenic role for sympathetic hyperactivity in AD-related skeletal dysfunction and highlight a therapeutic strategy targeting EC senescence and glycolytic metabolism.","Weidong Zhang, Ting Liu, Xing Rong, Hongrui Liu, Minqi Li",Bone,2026-03-13,2026 Jun,10.1016/j.bone.2026.117859,https://pubmed.ncbi.nlm.nih.gov/41833832/,0,,2,mitochondrial dysfunction,0,,0,,1,transcriptomics,15.0,0.2272727272727272,132,0.51532996,100,0.5810848517217174,0.3125,0.4199339406886869,129,0,0,0,0,0,0,0,0,Moderate,,batch003,,,,,,Sympathetic overactivity-induced type H endothelial cell senescence contributes to the impairment of vascularized osteogenesis by PKM2-mediated glycolysis in preclinical stages of Alzheimer's mice.,1,0,0,3,0.4199339406886869,1.0,0.0,0.0,0.3333333333333333,0.0,43.031021257437374,96,Low
42568976,Piroxicam accelerates diabetic foot ulcer healing via ERα-dependent mitochondrial protection and oxidative stress relief.,"INTRODUCTION: The pathology of diabetic foot ulcer (DFU) is characterized by keratinocyte dysfunction, non-resolving inflammation, and oxidative stress. We aim to investigate the effects and mechanisms of piroxicam on DFU healing through regulating mitochondrial function and suppressing inflammation. METHODS: DFU was established in male C57BL/6 J mice and ovariectomized female mice. Piroxicam (1% or 0.33%) solution or saline was then applied for 9 days. HaCaT cells were induced with high glucose (HG) and subsequently incubated with piroxicam (0, 1.2, 3.7, 11, 33, 100 nM). RESULTS AND DISCUSSION: Piroxicam significantly promoted DFU healing and inhibited the fibrosis in male diabetic mice at a low dose. Consistently, piroxicam enhanced proliferation and migration, and inhibited inflammation, fibrosis, and cellular senescence in HG-induced HaCaT cells. Mechanistically, piroxicam alleviated HG-induced mitochondrial dysfunction by stabilizing the mitochondrial respiratory chain, increasing biogenesis, and enhancing mitophagy. These effects further attenuated oxidative stress and inhibited the cGAS-STING-NF-κB inflammatory pathway, thereby reducing the release of pro-inflammatory factors. Furthermore, molecular docking revealed that piroxicam bound to ERα, a finding further confirmed by a cellular thermal shift assay. HG induced a significant decrease in nuclear ERα protein levels, which was reversed by piroxicam, especially at 11 and 33 nM. Additionally, piroxicam's pro-healing and anti-inflammation effects were attenuated in ovariectomized female DFU mice. Piroxicam's protection of mitochondrial function and suppression of oxidative stress was also abolished upon blocking ERα by tamoxifen. In conclusion, piroxicam alleviates mitochondrial dysfunction and suppresses inflammatory responses by binding to ERα, which ultimately promotes DFU healing at low doses.","Qing-Qing Liao, Li-Ping Chen, Jia-Qi Zheng, Yu-Jie Yang, Jing-Dan Weng, Teng Xie, Xiao-Dong Sun, Yuan-Yuan Zhang",Frontiers in pharmacology,2026-07-24,2026,10.3389/fphar.2026.1834818,https://pubmed.ncbi.nlm.nih.gov/42568976/,0,,2,mitophagy;mitochondrial dysfunction,3,cellular senescence,0,,0,,30.0,0.4545454545454545,32,0.50845253,103,0.566749042216434,0.625,0.6016996168865736,54,0,0,1,1,0,0,0,7,High,,batch003,,,,,,Piroxicam accelerates diabetic foot ulcer healing via ERα-dependent mitochondrial protection and oxidative stress relief.,0,0,1,2,0.6016996168865736,0.6666666666666666,0.0,0.5,0.0,0.0,42.72615325769674,97,Low
42066913,Regulatory mechanisms of age-related degenerative diseases: Insights from the gut microbiota-cellular senescence interaction network.,"Global population aging has sharply increased the prevalence of age-related degenerative diseases, posing severe challenges to global public health and socioeconomic stability. Growing evidence links these disorders to the bidirectional crosstalk between gut microbiota and cellular senescence, yet the integrated interaction network governing multi-organ degeneration remains poorly defined. Age-related gut microbial remodeling reshapes metabolite profiles: beneficial metabolites mitigate cellular senescence through epigenetic regulation, antioxidant defense, inflammatory signaling inhibition, intestinal barrier maintenance and immune modulation, while detrimental metabolites induce cellular senescence via inflammatory cascade activation, mitochondrial dysfunction, DNA damage, endoplasmic reticulum stress and intestinal barrier impairment. The intestinal barrier-immune axis mediates the systemic propagation of senescence signals, and senescent cells together with their senescence-associated secretory phenotype (SASP) further exacerbate gut microbial dysbiosis to form a pathological vicious cycle. This review systematically dissects this interaction network and its pathogenic role in major degenerative diseases, and highlights precision targeting of this network as a promising strategy to intervene in these intractable diseases.","Peng Sun, Guannan Chen, Yilan Guo",Ageing research reviews,2026-04-29,2026 Jul,10.1016/j.arr.2026.103152,https://pubmed.ncbi.nlm.nih.gov/42066913/,0,,3,mitochondrial dysfunction,3,cellular senescence;senescent cells,0,,0,,36.0,0.5454545454545454,8,0.58801806,49,0.7326011528546988,0.75,0.7430404611418795,13,0,0,0,1,0,0,1,7,High,,batch003,,,,,,Regulatory mechanisms of age-related degenerative diseases: Insights from the gut microbiota-cellular senescence interaction network.,0,0,0,2,0.7430404611418795,0.6666666666666666,0.0,0.0,0.0,0.0,42.67308280663244,98,Low
42412103,Mitochondrial Redox Cascade-Directed Covalent NIR Fluorogenic Imaging of Therapy-Induced Senescence Integrates Tumor and Host Responses.,"Concurrent and longitudinal imaging of therapeutic responses alongside therapy-induced damage to normal tissues during cancer treatment is of substantial clinical significance for treatment optimization and improved outcomes. However, existing approaches are largely limited to isolated imaging readouts, and, more fundamentally, there is a lack of a mechanistically shared biological denominator linking tumor response and normal tissue injury. Here, we present therapy-induced cellular senescence (TICS) as a chemically addressable, process-level surrogate and introduce a mechanistically guided covalent molecular imaging strategy for an integrated therapeutic assessment. Through systematic analysis, we reveal oxidative protein sulfenylation as a conserved biochemical feature of senescence across diverse stress models and leverage this insight to develop a dual-triggered NIR fluorogenic probe (Mito-CYD). By integrating selective covalent capture of sulfenylated proteins with MAO-A-mediated enzymatic orthogonal decaging, Mito-CYD effectively overcomes diffusion-induced signal loss inherent to conventional noncovalent probes and enables in situ visualization of senescence-associated mitochondrial dynamics with markedly enhanced signal-to-noise ratios and stable imaging over 24 h across multiple TICS models under metabolic turnover. Longitudinal tracking with Mito-CYD in tumor xenografts and cardiac injury models further demonstrates strong correlations between senescent cell burden with disease progression, therapeutic response, and treatment-related organ injury. This work establishes a mitochondrial redox-chemistry-directed covalent imaging paradigm for in vivo senescence visualization, providing a unified chemical framework for mechanistic investigation and personalized treatment of cancer and senescence-associated pathologies.","Yuqi Xie, Jili Li, Lu Wu, Haolan Hu, Lu Yu, Jun Da, Yanlan Liu",Analytical chemistry,2026-07-07,2026 Jul 21,10.1021/acs.analchem.6c02651,https://pubmed.ncbi.nlm.nih.gov/42412103/,0,,2,mitochondrial dynamics,3,cellular senescence;therapy-induced senescence,0,,0,,30.0,0.4545454545454545,32,0.49029914,115,0.5289088110668448,0.625,0.586563524426738,61,0,0,1,1,0,0,0,7,High,,batch003,,,,,,Mitochondrial Redox Cascade-Directed Covalent NIR Fluorogenic Imaging of Therapy-Induced Senescence Integrates Tumor and Host Responses.,0,0,1,2,0.586563524426738,0.6666666666666666,0.0,0.5,0.0,0.0,42.19639002160249,99,Low
42624180,"KDM4A-driven epigenetic reprogramming as a central nexus linking metabolic adaptation, immune remodeling, and therapy resistance in cancer.","Cancer progression and treatment failure are driven not only by genetic alterations but also by the remarkable capacity of tumor cells to adapt to metabolic stress, immune surveillance, and therapeutic pressure. Epigenetic plasticity provides a rapid and reversible mechanism that enables such adaptation. Lysine demethylase 4 A (KDM4A), a JmjC-domain-containing histone demethylase targeting H3K9me3 and H3K36me3, has emerged as a central epigenetic regulator of cancer adaptability. Recent studies reveal that KDM4A functions beyond a conventional chromatin modifier and instead acts as an epigenetic hub integrating microenvironmental cues, metabolic signals, and stress responses. Through transcriptional and post-translational regulation, KDM4A coordinates chromatin remodeling programs that support metabolic adaptation, including amino acid utilization, mitochondrial quality control, lipid metabolism, and resistance to ferroptosis. In parallel, KDM4A reshapes tumor-immune interactions in a state-dependent manner. In proliferative and stress-tolerant tumor states, KDM4A-associated chromatin remodeling may support metabolic adaptation, replication-stress tolerance, and immune exclusion. By contrast, under conditions of impaired mitochondrial quality control and sustained metabolic stress, KDM4A can promote tumor-cell senescence and enhance responsiveness to immune checkpoint blockade. These divergent outcomes indicate that the consequences of KDM4A activity are determined by the interaction between substrate- and locus-specific chromatin remodeling and the cellular, metabolic, and therapeutic context in which it occurs. KDM4A-driven epigenetic reprogramming also underlies multiple mechanisms of therapy resistance, encompassing enhanced DNA damage repair capacity, metabolic buffering via mitophagy, and lineage plasticity-mediated therapy escape. These adaptive strategies allow cancer cells to survive therapeutic stress without reliance on additional genetic mutations, contributing to disease progression and poor clinical outcomes. In this review, we synthesize current mechanistic and translational evidence to present a unified framework in which KDM4A links metabolic adaptation, immune remodeling, and therapy resistance. We further discuss therapeutic opportunities, rational combination strategies, and the emerging biomarker potential of KDM4A-centered pathways, highlighting their relevance for precision oncology.","Xin Tang, Yunhan Zhao, Xianghai Yang, Jianrong Cheng",Critical reviews in oncology/hematology,2026-08-20,2026 Aug 20,10.1016/j.critrevonc.2026.105552,https://pubmed.ncbi.nlm.nih.gov/42624180/,0,,2,mitophagy;mitochondrial quality control,0,,0,,0,,12.0,0.1818181818181818,91,0.41618952,92,0.3239180534138314,0.125,0.2045672213655325,95,0,0,2,0,0,0,0,2,Low,pubmed_articles.csv,batch_001,canonical_literature_v1,phd_evidence_strength_v1,phd_biological_score_v1,sentence-transformers/all-MiniLM-L6-v2,pubmed_phd_priority_features_v1,,0,0,2,3,0.2045672213655325,1.0,0.0,1.0,0.0,0.0,42.159852747793636,100,Low
42203114,Hypericum perforatum L. and Glycyrrhiza glabra L. preserve cardiac mitochondrial redox homeostasis in E2 deficiency via ERβ-MAO-A modulation.,"Estrogen (E2) deficiency is associated with increased cardiovascular risk, mediated by elevated monoamine oxidase-A (MAO-A) activity, oxidative stress, mitochondrial dysfunction, and cellular senescence. MAO-A is a mitochondrial enzyme that degrades monoamines, producing hydrogen peroxide and disrupting mitochondrial redox imbalance. The present study evaluated the cardioprotective potential of RP-HPLC-PDA characterized hydroalcoholic extracts of Hypericum perforatum L. (HP) and Glycyrrhiza glabra L. (GE) in E2 deficient conditions. Ovariectomized (OVX) mice and H9C2 cardiomyoblasts were used in the study. In OVX mice, HP and GE were administered orally, and cardiac tissues were analyzed for MAO-A activity, estrogen receptor-β (ERβ) expression, oxidative stress markers, mitochondrial ROS production and respiratory chain complex activities. Further, mechanistic studies in H9C2 cells evaluated MAO-A-mediated oxidative damage, mitochondrial dysfunction, DNA damage and senescence markers. E2 deficiency significantly increased cardiac MAO-A activity while reducing estrogen receptor-β (ERβ) levels in OVX mice. Treatment with HP and GE markedly inhibited MAO-A, restored ERβ expression, normalized antioxidant defense, and improved mitochondrial respiratory chain functions. Study on H9C2 cells revealed that both extracts attenuated MAO-A-induced ROS accumulation, mitochondrial depolarization, and nuclear DNA damage. Furthermore, HP and GE decreased senescence-associated β-galactosidase (SA-β-gal) activity, with HP showing higher efficacy compared with GE and E2. Collectively, these findings indicate that HP and GE preserve cardiac mitochondrial redox homeostasis under E2-deficient conditions through dual modulation of MAO-A and ERβ signaling, supporting their potential as multi-target phytopharmaceutical candidates for E2-deficiency associated cardiac dysfunction.","Poonam Rawat, Lise Beucher, Camille Cruchaudet, Shekhar Singh, Priyanka Kumari Keshri, Surya Pratap Singh, Sharad Srivastava, Jeanne Mialet-Perez",Fitoterapia,2026-05-26,2026 Jul,10.1016/j.fitote.2026.107314,https://pubmed.ncbi.nlm.nih.gov/42203114/,0,,2,mitochondrial dysfunction;mitochondrial ros,3,cellular senescence,1,cardiovascular,0,,33.0,0.5,20,0.44301918,134,0.4303550635219879,0.6875,0.5846420254087952,63,0,0,1,1,0,0,0,7,High,,batch003,,,,,,Hypericum perforatum L. and Glycyrrhiza glabra L. preserve cardiac mitochondrial redox homeostasis in E2 deficiency via ERβ-MAO-A modulation.,0,0,1,2,0.5846420254087952,0.6666666666666666,0.0,0.5,0.0,0.0,42.129137555974495,101,Low
42540389,Flavonoid compounds from Shenrong Guben Huanshao Pill alleviates senescence-associated mitochondrial dysfunction through NDUFV2 and LDHB mediated metabolic reprogramming.,"Senescence is widely recognized as a key driving factor in the onset and progression of many chronic diseases. Although numerous animal studies have demonstrated that various drugs can delay senescence, their clinical application is severely limited due to significant toxic side effects. As a result, developing safer, natural anti-senescence agents has become an urgent priority. In this study, we identified mitochondrial dysfunction as a critical contributor to cellular senescence. In addition, we identified Shenrong Guben Huanshao Pill (SRW) as an effective agent that alleviates mitochondrial dysfunction and consequently delays cellular senescence by regulating mitochondrial metabolism. Mechanistically, SRW enhances mitochondrial function by upregulating the expression of reduced nicotinamide adenine dinucleotide (NADH):ubiquinone oxidoreductase subunit V2 (NDUFV2), a core component of mitochondrial respiratory chain complex I. Simultaneously, SRW reduces lactate-induced mitochondrial dysfunction by regulating the glycolytic enzyme lactate dehydrogenase B (LDHB), thereby decreasing lactate accumulation. Collectively, our findings indicate that SRW alleviates cellular senescence by coordinately regulating NDUFV2 expression and LDHB-mediated lactate metabolism to improve mitochondrial function. In addition, several flavonoids in SRW were identified to possess potential anti-senescence activity. Molecular docking and cellular experiments confirmed that myricetin, luteolin, and gamma-mangostin effectively alleviate cellular senescence.","Xiaohui Hu, Yingxia Tian, Qianping Chen, Yanan Guo, Pengfei Ji, Yixiao Tian, Shuangxi Qian, Guolin Chai, Fangdi Hu, Rong Shen, Degui Wang",Journal of pharmaceutical analysis,2026-01-21,2026 Jul,10.1016/j.jpha.2026.101559,https://pubmed.ncbi.nlm.nih.gov/42540389/,0,,2,mitochondrial dysfunction,3,cellular senescence,0,,0,,30.0,0.4545454545454545,32,0.6586652,10,0.8798631302405967,0.625,0.7269452520962387,19,0,0,0,1,0,0,0,5,High,,batch003,,,,,,Flavonoid compounds from Shenrong Guben Huanshao Pill alleviates senescence-associated mitochondrial dysfunction through NDUFV2 and LDHB mediated metabolic reprogramming.,0,0,0,2,0.7269452520962387,0.6666666666666666,0.0,0.0,0.0,0.0,42.109750490035026,102,Low
42479464,Microbiome-derived metabolites shape CD4+ T cell differentiation and immune aging in HIV-1 infection.,"The role of aromatic gut-derived bacterial metabolites (GDBMs) in shaping immune cell metabolism and function remains poorly explored. Using ex vivo metabolomic profiling of paired plasma and CD4+ T cells from people living with HIV-1 (PLWH), we identified a network of aromatic GDBMs whose cell-associated abundance, rather than systemic levels, was linked to broad alterations in CD4+ T cell metabolic and functional states. Among these, p-cresol sulfate (PCS) emerged as a mechanistic prototype. Ex vivo flow cytometry and scRNA-seq of CD4+ T cells stratified by cell-associated PCS levels revealed dose-dependent enrichment of transcriptional programs associated with impaired differentiation, regulatory-like identity, and cellular senescence. In vitro transcriptomic and proteomic analyses of PCS-exposed CD4+ T cells demonstrated induction of cell-cycle arrest, mitochondrial dysfunction, and senescence-associated programs, including upregulation of p16 and p21. Integration of these immunometabolic findings with HIV-1 reservoir measurements revealed that CD4+ T cell states defined by cell-associated GDBMs track with intact proviral DNA levels in vivo. These findings define a microbiome-derived axis that reshapes CD4+ T cell metabolism and fate, promotes immune aging in PLWH, and may foster immunometabolic states linked to long-term HIV-1 reservoir persistence.","Amanda Cabral Da Silva, Luke Flantzer, Jaclyn Weinberg, Shuya Kyu, Lisa P Daley-Bauer, Anyce Godoy, Ana Carolina Santana, Aarthi Talla, Amber Lynn Rittgers, Sarah Welbourn, David Ezra Gordon, Jeffery Alan Tomalka, Vincent C Marconi, Dean P Jones, Souheil-Antoine Younes",JCI insight,2026-07-21,2026 Aug 24,10.1172/jci.insight.204383,https://pubmed.ncbi.nlm.nih.gov/42479464/,0,,2,mitochondrial dysfunction,3,cellular senescence,0,,3,transcriptomics;proteomics;metabolomics,39.0,0.5909090909090909,7,0.40803146,94,0.3074042295846723,0.6875,0.5354616918338689,38,0,0,0,1,0,1,0,8,High,pubmed_articles.csv,batch_001,canonical_literature_v1,phd_evidence_strength_v1,phd_biological_score_v1,sentence-transformers/all-MiniLM-L6-v2,pubmed_phd_priority_features_v1,,2,0,0,2,0.5354616918338689,0.6666666666666666,0.0,0.0,0.6666666666666666,0.0,42.074492547518744,103,Low
42208534,Pro-aging effects of chronic glucocorticoid signaling.,"Glucocorticoids (GCs) are essential endocrine regulators coordinating stress responsiveness, metabolic flexibility, inflammatory resolution, and circadian physiology. While acute GC fluctuations are adaptive, sustained exposure (arising from psychosocial stress, circadian disruption, obesity, chronic inflammation, neoplasms, or steroid therapy) elicits pleiotropic effects that overlap with biological aging. Prolonged GC signaling intersects with multiple hallmarks of aging by altering nutrient sensing, suppressing autophagy, impairing mitochondrial quality control, and promoting cellular senescence. In this context, the GC-responsive polypeptide ACBP/DBI (acyl-coenzyme A [CoA]-binding protein/diazepam-binding inhibitor) has emerged as a stress-induced inhibitor of macroautophagy that amplifies several metabolic and immune consequences of GC excess linked to aging phenotypes. Clinically, chronic GC elevation is associated with earlier and more severe manifestations of age-related diseases, including metabolic syndrome, osteoporosis, sarcopenia, neurodegeneration, cardiovascular disease, immunosenescence, and cancer. Here, we review mechanistic links between GC signaling and systemic aging and discuss strategies to mitigate the age-accelerating consequences of persistent GC exposure.","Flavia Lambertucci, Frederic Castinetti, Isabelle Martins, Carlos López-Otín, Guido Kroemer",Cell metabolism,2026-05-28,2026 Sep 01,10.1016/j.cmet.2026.05.002,https://pubmed.ncbi.nlm.nih.gov/42208534/,0,,2,mitochondrial quality control,3,cellular senescence,1,cardiovascular,0,,33.0,0.5,19,0.5542636,44,0.6034123244161567,0.5625,0.5788649297664626,23,0,0,1,1,0,0,0,7,High,pubmed_articles.csv,batch_001,canonical_literature_v1,phd_evidence_strength_v1,phd_biological_score_v1,sentence-transformers/all-MiniLM-L6-v2,pubmed_phd_priority_features_v1,,0,0,1,2,0.5788649297664626,0.6666666666666666,0.0,0.5,0.0,0.0,41.92693920849286,104,Low
42662784,High-fructose diet-induced gut dysbiosis as a mechanistic driver of chronic inflammation and accelerated biological aging: a comprehensive review.,"High-fructose diet (HFD) has emerged as a critical dietary risk factor for metabolic syndrome, non-alcoholic fatty liver disease (NAFLD), and cardiovascular disease. This review delineates the molecular mechanisms underlying the pathological cascade linking high-fructose intake, gut dysbiosis, chronic inflammation, and accelerated aging. At the metabolic level, excess fructose is rapidly phosphorylated by ketohexokinase (KHK), depleting intracellular ATP while driving overproduction of uric acid and reactive oxygen species (ROS). These events activate the NLRP3 inflammasome and NF-κB signaling, promoting hepatic de novo lipogenesis. At the microbial level, chronic fructose loading selectively depletes butyrate-producing taxa (Faecalibacterium prausnitzii, Roseburia spp.) while enriching Gram-negative Proteobacteria pathobionts, elevating luminal lipopolysaccharide (LPS) concentrations. Butyrate deficiency downregulates tight junction proteins (ZO-1, occludin, claudin-1), compromising intestinal barrier integrity, enabling systemic LPS translocation and establishing metabolic endotoxemia. At the inflammatory level, circulating LPS sustains TLR4-MyD88-NF-κB axis activation, driving chronic overexpression of TNF-α, IL-6, and IL-1β, establishing a self-reinforcing ""inflammaging"" network centered on the dysbiosis → leaky gut → endotoxemia → NF-κB → NLRP3 loop. At the aging level, sustained inflammatory signaling accelerates biological aging through five interconnected pathways: (1) cellular senescence and paracrine propagation of the senescence-associated secretory phenotype (SASP); (2) ROS-mediated telomeric oxidative damage coupled with DNA damage response-NF-κB activation; (3) mitochondrial dysfunction driving SASP transcription via the mtROS-cGAS-STING axis; (4) inflammation-induced epigenetic clock acceleration through aberrant DNMT3A/B targeting and asymmetric H3K27ac/me3 remodeling; and (5) immunosenescence encompassing TEMRA accumulation, Treg dysfunction, and M1 macrophage polarization, closing a self-sustaining inflammatory loop. At the intervention level, five strategic categories are synthesized: dietary modification (fructose restriction, Mediterranean diet); probiotic and prebiotic microbial restoration; bile acid FXR/TGR5 modulation with exogenous SCFA supplementation; senolytic, NAD⁺ precursor, and mTOR/AMPK-targeted pharmacotherapy; and fecal microbiota transplantation for systemic reconstitution. Clinical evidence demonstrates measurable improvements in glycemic regulation, insulin sensitivity, and SASP attenuation, though individual responses are substantially modulated by baseline microbiota composition. This review provides an integrative framework for understanding HFD-driven accelerated aging and establishes an evidence base for multilevel, precision-guided anti-inflammaging interventions.","Xin-Zhu Xu, Mo-Si Dong, Jian-Yu Dai, Qing-Yan Wang, Xuan-Chi Dong, Ying Jin",Frontiers in microbiology,2026-08-13,2026,10.3389/fmicb.2026.1865281,https://pubmed.ncbi.nlm.nih.gov/42662784/,0,,2,mitochondrial dysfunction,3,cellular senescence,1,cardiovascular,0,,33.0,0.5,19,0.43455863,86,0.3611014335849071,0.5625,0.4819405734339628,50,0,0,0,1,0,0,0,5,Moderate,pubmed_articles.csv,batch_001,canonical_literature_v1,phd_evidence_strength_v1,phd_biological_score_v1,sentence-transformers/all-MiniLM-L6-v2,pubmed_phd_priority_features_v1,,0,0,0,3,0.4819405734339628,1.0,0.0,0.0,0.0,0.0,41.867920070188696,105,Low
42682802,Broccoli-licorice-passionflower blend improves mitochondrial function and exerts senotherapeutic effects.,"UNLABELLED: Aging is driven by multiple interconnected mechanisms, necessitating interventions that target multiple hallmarks of aging. Using a data-driven prioritization strategy, we screened 16 extract combinations generated from four candidate extracts (broccoli, licorice, passionflower, and lemon balm) and identified an optimized formulation, Blend 2, composed of broccoli, licorice, and passionflower extracts. Blend 2 restored mitochondrial respiration, ATP production, and citrate synthase activity under DNA damage-induced mitochondrial dysfunction through activation of the SIRT1-AMPK-PGC-1α pathway and enhanced mitophagy. It also exhibited dual senotherapeutic activity by suppressing the senescence-associated secretory phenotype via NF-κB inhibition and selectively eliminating senescent cells through the Bax/caspase pathway. These findings demonstrate that data-driven formulation strategies can identify multifunctional natural product combinations and establish Blend 2 as a promising candidate for targeting multiple hallmarks of aging. SUPPLEMENTARY INFORMATION: The online version contains supplementary material available at https://doi.org/10.1007/s10068-026-02265-y.","So-Hyun Park, Hee Soo Kim, Pyeong Geun Choi, Eunyoung Lee, Do Yun Cho, Sun Ho Kim, Hui Yun Kim, Ahjin Kim, Jiyun Ahn, Chang Hwa Jung",Food science and biotechnology,2026-08-08,2026 Sep,10.1007/s10068-026-02265-y,https://pubmed.ncbi.nlm.nih.gov/42682802/,0,,2,mitophagy;mitochondrial dysfunction,3,senescent cells,0,,0,,30.0,0.4545454545454545,33,0.59788084,24,0.6917038321121228,0.5,0.5766815328448491,25,0,0,1,1,0,0,0,7,High,pubmed_articles.csv,batch_001,canonical_literature_v1,phd_evidence_strength_v1,phd_biological_score_v1,sentence-transformers/all-MiniLM-L6-v2,pubmed_phd_priority_features_v1,,0,0,1,2,0.5766815328448491,0.6666666666666666,0.0,0.5,0.0,0.0,41.850520316236384,106,Low
42212533,Mitochondrial Transfer-Driven Immune Evasion in the Tumor Microenvironment.,"The tumor microenvironment (TME) is a complex landscape where metabolic interactions significantly dictate antitumor immunity. Immune evasion in cancer is typically discussed in terms of inhibitory receptors and ligands, suppressive cytokines, defective antigen presentation, and metabolic competition. However, recent evidence reveals that intercellular mitochondrial transfer adds a new mechanism of immune evasion in the TME. The mitochondrial fitness of T cells is central to sustained effector function, memory formation, and responsiveness to immune checkpoint blockade. Tumor cells can act as pathogenic mitochondrial donors, transferring functional or dysfunctional mitochondria to neighboring T cells via tunneling nanotubes and extracellular vesicles. This process involves a mitophagy imbalance that leads to the homoplasmic replacement of endogenous mitochondria, thereby driving T-cell senescence, impairing memory formation and long-term antitumor function, and ultimately weakening cancer immunosurveillance. Overall, mitochondrial transfer should be considered a new part of the tumor immune evasion framework. It also provides new therapeutic opportunities for improving cancer immunotherapy.","Li Zhu, Yosuke Togashi",International immunology,2026-05-29,2026 May 29,10.1093/intimm/dxag027,https://pubmed.ncbi.nlm.nih.gov/42212533/,0,,2,mitophagy,0,,0,,0,,12.0,0.1818181818181818,136,0.45484447,130,0.4550045481092151,0.25,0.3320018192436861,145,0,0,1,0,0,0,0,2,Moderate,,batch003,,,,,,Mitochondrial Transfer-Driven Immune Evasion in the Tumor Microenvironment.,0,0,1,3,0.3320018192436861,1.0,0.0,0.5,0.0,0.0,41.62006367352901,107,Low
42421742,"Mitochondrial transcription factor A: linking mtDNA maintenance, mitochondrial stress responses, and inflammaging.","Mitochondrial transcription factor A (TFAM) is a nuclear-encoded mitochondrial protein that directly binds mitochondrial DNA (mtDNA) and contributes to mitochondrial genome maintenance. Beyond its established roles in mitochondrial transcription, mtDNA packaging, nucleoid organization, replication support, and copy number control, TFAM is increasingly recognized as a potential regulator of aging-related mitochondrial stress responses. Because mtDNA instability, respiratory dysfunction, reactive oxygen species imbalance, impaired autophagy, cellular senescence, and chronic inflammation are closely interconnected during aging, TFAM may occupy a proximal position linking mitochondrial genome homeostasis to broader aging biology. However, TFAM should not be viewed as a uniformly protective factor. Its effects appear to depend on TFAM abundance, TFAM-to-mtDNA stoichiometry, tissue type, metabolic state, mitochondrial import, LONP1-mediated turnover, and mitochondrial quality-control capacity. TFAM deficiency may compromise mtDNA maintenance, impair oxidative phosphorylation, increase mitochondrial ROS production, and promote mtDNA-driven innate immune activation. Conversely, excessive or dysregulated TFAM accumulation may lead to mtDNA hypercompaction, reduce mtDNA accessibility, and potentially produce maladaptive effects in specific disease contexts. In this review, we discuss the structural basis of TFAM-mtDNA interaction, the role of TFAM in mtDNA transcription, copy number control, genome protection, damage handling, inflammatory signaling, cellular senescence, systemic aging, and age-related diseases. We also highlight therapeutic opportunities, limitations, and unresolved questions, emphasizing that future strategies should aim to restore TFAM homeostasis rather than simply increase TFAM expression.","Nengneng Shi, Xiaojing Li",Frontiers in aging,2026-06-24,2026,10.3389/fragi.2026.1830839,https://pubmed.ncbi.nlm.nih.gov/42421742/,0,,2,mitochondrial ros,1,cellular senescence,0,,0,,18.0,0.2727272727272727,99,0.6455579,13,0.8525413318466324,0.375,0.5660165327386529,67,0,0,1,0,0,0,0,2,High,,batch003,,,,,,"Mitochondrial transcription factor A: linking mtDNA maintenance, mitochondrial stress responses, and inflammaging.",0,0,1,2,0.5660165327386529,0.6666666666666666,0.0,0.5,0.0,0.0,41.477245312519514,108,Low
42459658,The mitochondrial logic of inflammaging: how energy imbalance drives fibroblast SASP and tissue-specific aging.,"The conversion of metabolic disequilibrium into chronic inflammatory signaling represents a central and actively investigated question in ageing biology. Among stromal cells, fibroblasts are key effectors of tissue remodeling and inflammation, acquiring a senescence-associated secretory phenotype (SASP) that sustains age-related pathology. Here, we delineate a mechanistic framework in which disruption of energy homeostasis drives mitochondrial dysfunction, innate immune activation, and SASP secretion. Mitochondria act as metabolic sentinels that sense energetic stress through altered AMP/ATP and NAD+/NADH ratios, leading to the generation of mitochondrial danger signals-reactive oxygen species (mtROS) and mitochondrial DNA (mtDNA). These signals converge on canonical immune pathways, including the cGAS-STING axis, NLRP3 inflammasome, and NF-κB signaling, thereby converting metabolic distress into persistent pro-inflammatory output. Using periodontal ligament fibroblasts as a disease-relevant model, we highlight how microbial biofilm exposure induces mitochondrial metabolic reprogramming that amplifies fibroblast SASP, promotes osteoclastogenesis, extracellular-matrix degradation, and alveolar bone resorption. At the transcriptional level, regulatory networks involving NF-κB, C/EBPβ, STATs, and the mTOR-AMPK hub integrate mitochondrial signals to sustain inflammatory senescence. We propose that restoring mitochondrial metabolic homeostasis serves as a highly promising strategy to break the self-perpetuating cycle in which energy imbalance triggers SASP activation, which in turn contributes to chronic inflammation. Researchers must first characterize the tissue-specific mitochondrial signatures of SASP. Subsequently, developing precise, lesion-targeted metabolic interventions will open new avenues for mitigating inflammaging and rejuvenating stromal function across ageing tissues.","Yu Huan, Qiqi Wang, Rongkaixuan Fang, Yue Sun, Meiya Suo, Chenghong Cao, Shuya Zhang, Lan A, Wenzhou Xu",Frontiers in immunology,2026-07-01,2026,10.3389/fimmu.2026.1881243,https://pubmed.ncbi.nlm.nih.gov/42459658/,0,,2,mitochondrial dysfunction,0,,2,fibroblast,0,,18.0,0.2727272727272727,99,0.6447004,14,0.8507538972016006,0.375,0.5653015588806403,68,0,0,0,0,1,0,0,3,High,,batch003,,,,,,The mitochondrial logic of inflammaging: how energy imbalance drives fibroblast SASP and tissue-specific aging.,0,0,0,2,0.5653015588806403,0.6666666666666666,0.0,0.0,0.0,1.0,41.45222122748907,109,Low
42635645,Formononetin attenuates cellular senescence through a FOS-mediated mechanism.,"Cellular senescence is characterized by cell cycle arrest accompanied by mitochondrial dysfunction. Despite extensive efforts to overcome this stable state of growth arrest, effective strategies for treating cellular senescence have not been identified. In this study, we screened plant-derived secondary metabolites and confirmed that formononetin is a substance that potently induces the proliferation of senescent fibroblasts. Formononetin-induced proliferation was associated with the suppression of expression of key cell cycle inhibitors, including p53 and Rb-1. This proliferative response was accompanied by the restoration of mitochondrial function. Transcriptome analysis identified the Fos proto-oncogene (FOS) as a downstream regulator, and FOS expression significantly increased after formononetin treatment. Functional verification further confirmed that the increase in FOS expression recapitulates the anti-senescence effects of formononetin. In summary, the results of this study revealed a previously unknown mechanism by which formononetin promotes cell cycle re-entry and restores mitochondrial function through the regulation of FOS expression. These findings suggest that therapeutic strategies regulating formononetin-mediated FOS pathway could be promising treatments for aging and age-related diseases.","Minseon Kim, Kyeong Seon Lee, Jee Hee Yoon, Ji Ho Park, Yoo Jin Lee, Jihyun Song, Hyung Wook Kwon, Youngjoo Byun, Ki Yong Lee, Joon Tae Park",Biogerontology,2026-08-24,2026 Aug 24,10.1007/s10522-026-10495-0,https://pubmed.ncbi.nlm.nih.gov/42635645/,0,,2,mitochondrial dysfunction,3,cellular senescence,0,,1,transcriptomics,33.0,0.5,19,0.59593564,26,0.6877662918007645,0.5625,0.6126065167203059,16,0,0,0,1,0,0,0,5,High,pubmed_articles.csv,batch_001,canonical_literature_v1,phd_evidence_strength_v1,phd_biological_score_v1,sentence-transformers/all-MiniLM-L6-v2,pubmed_phd_priority_features_v1,,1,0,0,2,0.6126065167203059,0.6666666666666666,0.0,0.0,0.3333333333333333,0.0,41.4412280852107,110,Low
42479110,Natural products targeting cytokine-regulated SASP inflammation networks in Ovarian cancer: Implications on immune escape and molecular resistance.,"Ovarian cancer (OC) is one of the most lethal gynecological malignancies, with incidence and mortality rates increasing markedly among women aged 65 years and older. Aging-associated biological alterations, including genomic instability, telomere attrition, oxidative stress, mitochondrial dysfunction, and chronic inflammation, contribute to ovarian carcinogenesis and influence responses to chemotherapy, PARP inhibitors, and immune checkpoint blockade. A central feature linking aging and OC progression is cellular senescence, a state of irreversible growth arrest accompanied by the development of SASP. SASP comprises a complex network of pro-inflammatory cytokines, chemokines, growth factors, and matrix-remodelling enzymes that reshape the tumor microenvironment. In OC, SASP-mediated cytokine signalling promotes epithelial-to-mesenchymal transition, angiogenesis, extracellular matrix remodelling, immune evasion, and therapeutic resistance. Furthermore, SASP-driven reprogramming of immune cells establishes an immunosuppressive microenvironment that facilitates tumor progression and limits treatment efficacy. Consequently, cytokine-regulated SASP networks have emerged as promising therapeutic targets for overcoming age-associated disease progression and molecular resistance. Natural products represent a growing class of senotherapeutic agents capable of modulating senescence-associated pathways. Several phytochemicals and bioactive secondary metabolites exhibit senolytic or senostatic activities, enabling selective elimination of senescent cells or suppression of detrimental SASP signalling. Emerging nanotechnology-based delivery systems and receptor-targeted approaches further enhance the bioavailability, specificity, and therapeutic potential of these compounds. This review summarizes the role of cytokine-regulated SASP networks in OC progression, immune escape, and therapy resistance, while highlighting natural-product-derived senotherapeutics as promising strategies for precision immuno-oncology and geriatric OC management.","Benedict Mathews Paul, Gowtham Kannan, Arunachalam Karuppasamy, Parimelazhagan Thangaraj",Inflammopharmacology,2026-07-21,2026 Aug,10.1007/s10787-026-02346-8,https://pubmed.ncbi.nlm.nih.gov/42479110/,0,,2,mitochondrial dysfunction,3,cellular senescence;senescent cells,0,,0,,30.0,0.4545454545454545,32,0.62951183,19,0.8190937499986971,0.625,0.7026374999994789,26,0,0,0,1,0,0,0,5,High,,batch003,,,,,,Natural products targeting cytokine-regulated SASP inflammation networks in Ovarian cancer: Implications on immune escape and molecular resistance.,0,0,0,2,0.7026374999994789,0.6666666666666666,0.0,0.0,0.0,0.0,41.25897916664842,111,Low
42670888,Hypoxia-Induced Lactylation of NSUN3 Promotes m5C Methylation of SETD2 to Regulate Peripheral Nerve Injury Repair.,"BACKGROUND: Peripheral nerve injury (PNI) repair remains challenging, with metabolic regulation and neuronal senescence playing critical roles. This study explored whether intermittent hypoxia modulates injured dorsal root ganglion (DRG) neuron regeneration via lactate-mediated mechanisms. METHODS: DRG neurons were subjected to impairment via acrylamide (ACR) to develop an in vitro injury model, followed by the induction of intermittent hypoxia and lactate production inhibitors including 2-deoxy-d-glucose (2-DG) and oxamate. In vivo experiments employed a rat PNI model exposed to intermittent hypoxia. Cellular evaluations comprised the CCK-8 assay to determine cell viability, β-galactosidase staining to identify cellular senescence, and immunofluorescence for the detection of p21 and Lamin B1. The m5C-RIP-qPCR assay was used to assess m5C modification of SETD2 mRNA. The immunoprecipitation was applied to examine the lactylation of NSUN3 protein. RESULTS: Intermittent hypoxia increased lactate production, improved ACR-impaired DRG viability, reduced ROS and MDA levels, and promoted damaged neuron regeneration, effects reversed by 2-DG or oxamate. Hypoxia inhibited ACR-induced neuron senescence, which was abrogated by lactate inhibitors. Mechanistically, hypoxia-induced lactate promoted NSUN3 lactylation, further enhanced m5C modification and stability of SETD2 mRNA. NSUN3 knockdown exacerbated senescence and suppressed mitochondrial biogenesis, while SETD2 overexpression reversed these impacts. CONCLUSION: Intermittent hypoxia facilitated the regeneration of injured DRG neurons through lactate-mediated NSUN3 lactylation. This process was correlated with the stability of SETD2 mRNA via m5C modification, thereby mitigating cellular senescence and promoting mitochondrial function. These findings present novel targets for strategies aimed at nerve repair.","Shuai An, Jingfei Shi, Jiang Huang, Zheng Li, Jingbo Cheng, Mingli Feng",Journal of the peripheral nervous system : JPNS,,2026 Sep,10.1111/jns.70166,https://pubmed.ncbi.nlm.nih.gov/42670888/,0,,3,mitochondrial biogenesis,3,cellular senescence,0,,0,,36.0,0.5454545454545454,11,0.47074586,72,0.4343528611406329,0.625,0.5487411444562531,33,0,0,1,1,0,0,1,9,High,pubmed_articles.csv,batch_001,canonical_literature_v1,phd_evidence_strength_v1,phd_biological_score_v1,sentence-transformers/all-MiniLM-L6-v2,pubmed_phd_priority_features_v1,,0,0,1,2,0.5487411444562531,0.6666666666666666,0.0,0.5,0.0,0.0,40.872606722635524,112,Low
42442596,PFDA exposure promotes myocardial aging and fibrosis via hyperactivation of the MTORC1 signaling axis.,"Cardiovascular disease represents a significant global cause of mortality, with its development and progression closely associated with pathological remodeling of cardiac tissue. Increasing attention has been directed towards environmental pollutants, particularly persistent organic pollutants (POPs), for their potential toxicity to the cardiovascular system. The effects of perfluorodecanoic acid (PFDA) on cardiac health remain inadequately understood. This study investigated the impact of PFDA exposure on cardiomyocyte aging and myocardial fibrosis, alongside the underlying mechanisms involved. Results indicated that PFDA treatment significantly induced cellular senescence and fibrosis-associated phenotypes in both rat H9c2 and mouse HL1 cardiomyocyte cell lines. CCK-8 assays demonstrated a reduction in cardiomyocyte viability following PFDA exposure. Western blot analyses revealed elevated senescence-associated markers, as well as a significant increase in the expression of key fibrotic markers. Additionally, PFDA exposure compromised mitochondrial function in cardiomyocytes, as evidenced by a decline in mitochondrial membrane potential and intracellular ATP levels. ELISA assays confirmed an increase in the secretion of inflammatory cytokines due to PFDA exposure. In vivo experiments utilizing C57BL/6 mice exposed to long-term low-dose PFDA displayed comparable pathological alterations in myocardial tissue. Immunohistochemical analysis revealed a significant increase in collagen fiber deposition within the myocardial interstitium of PFDA-exposed mice, alongside elevated expression levels of COLI and α-SMA compared to the control group. Mechanistically, PFDA exposure resulted in hyperactivation of the MTORC1 signaling axis, characterized by increased phosphorylation of its downstream substrates S6K1 and 4E-BP1 both in vitro and in vivo. Furthermore, activation of AKT was identified as an upstream event that contributes to MTORC1 hyperactivation. In summary, the environmental pollutant PFDA exacerbates cardiomyocyte senescence and activates cardiac fibroblasts through mechanisms that include mitochondrial dysfunction, inflammation promotion, and hyperactivation of the MTORC1 signaling cascade. This research provides novel experimental evidence supporting the role of PFDA pollutants in age-related cardiac diseases.","Xiao Guang Chen, Ze Yu Liao, Yi Zhang, Ran Li",Food and chemical toxicology : an international journal published for the British Industrial Biological Research Association,2026-07-13,2026 Oct,10.1016/j.fct.2026.116268,https://pubmed.ncbi.nlm.nih.gov/42442596/,0,,2,mitochondrial dysfunction;mitochondrial membrane potential,3,cellular senescence,1,myocardial;cardiovascular,0,,33.0,0.5,19,0.5124831,57,0.5188388085932545,0.5625,0.5450355234373018,35,0,0,1,1,0,0,0,7,High,pubmed_articles.csv,batch_001,canonical_literature_v1,phd_evidence_strength_v1,phd_biological_score_v1,sentence-transformers/all-MiniLM-L6-v2,pubmed_phd_priority_features_v1,,0,0,1,2,0.5450355234373018,0.6666666666666666,0.0,0.5,0.0,0.0,40.74290998697222,113,Low
42402668,Metabolic Kinases as Regulators of Inter-Organelle Communication in Aging and Age-Related Diseases.,"Cellular aging is accompanied by progressive alterations in metabolic homeostasis, stress adaptation, and organelle function. Increasing evidence suggests that functional coordination among membrane-bound organelles, including mitochondria, the endoplasmic reticulum (ER), lysosomes, peroxisomes, and the Golgi apparatus, contributes to cellular homeostasis during aging. However, the mechanisms linking kinase signaling to specific inter-organelle contact sites or communication pathways remain incompletely defined. In this review, we discuss current evidence linking major metabolic and stress-responsive kinases, including AMPK, pyruvate dehydrogenase kinases (PDKs), mTOR, AKT, and PERK, to organelle coordination in aging and age-related diseases. These kinases regulate mitochondrial dynamics, metabolic flux, calcium and lipid handling, autophagy, lysosomal function, proteostasis, and vesicular trafficking. In some contexts, kinase signaling intersects with defined organelle interfaces, such as mitochondria-associated ER membranes, whereas in many cases the effects on inter-organelle communication are indirect or inferred from broader changes in organelle function. We further discuss how kinase dysregulation may contribute to age-associated defects in mitochondria-ER, mitochondria-lysosome, mitochondria-peroxisome, and ER-Golgi coordination in neurodegeneration, cardiometabolic disease, cellular senescence, and inflammaging. By distinguishing direct contact-site regulation from indirect functional coordination, this review highlights kinase-regulated organelle communication as an emerging, but still incompletely resolved, framework for understanding cellular decline during aging.","Md Riad Chowdhury, Jae-Han Jeon, Dipanjan Chanda",Aging cell,,2026 Jul,10.1111/acel.70624,https://pubmed.ncbi.nlm.nih.gov/42402668/,0,,2,mitochondrial dynamics,1,cellular senescence,0,,0,,18.0,0.2727272727272727,99,0.6186419,26,0.7964356864755836,0.375,0.5435742745902334,78,0,0,1,0,0,0,0,2,High,,batch003,,,,,,Metabolic Kinases as Regulators of Inter-Organelle Communication in Aging and Age-Related Diseases.,0,0,1,2,0.5435742745902334,0.6666666666666666,0.0,0.5,0.0,0.0,40.69176627732483,114,Low
42389732,The impact of the six pillars of lifestyle medicine on the biology of skin aging.,"Skin aging arises from the interaction between intrinsic genetic programs and cumulative environmental and behavioral exposures collectively defined as the exposome. Increasing evidence indicates that core molecular pathways driving skin aging, including mitochondrial dysfunction, oxidative stress, chronic inflammation, cellular senescence, and extracellular matrix remodeling are responsive to modifiable lifestyle factors. This narrative review examines the mechanistic and translational evidence linking the six pillars of Lifestyle Medicine; nutrition, physical activity, stress regulation, sleep, avoidance of toxic exposures, and social connection, to fundamental biological processes involved in skin aging. Across experimental models and human studies, these lifestyle domains converge on established hallmarks of aging, modulating redox balance, inflammatory signaling, mitochondrial biogenesis, epigenetic regulation, DNA repair, and dermal matrix integrity. Nutritional patterns influence glycation and oxidative stress; physical activity enhances mitochondrial and vascular function; chronic stress and sleep disruption amplify neuroendocrine and inflammatory pathways; toxic exposures activate matrix-degrading and senescence-associated cascades; and social isolation is associated with heightened systemic inflammatory tone. Collectively, these findings support the concept that skin aging represents a biologically plastic process shaped in part by lifestyle-dependent modulation of conserved aging mechanisms. Integrating lifestyle-responsive pathways into skin aging research may enable more targeted, preventive, and mechanism-based strategies in dermatological practice.","Jaime Piquero-Casals, Adriana R Cruz, Lucas Ponti-Concetti, Ludmila Prudkin, Anthony Brown, Mónica Foyaca, Eduardo Rozas-Muñoz, Juan Francisco Mir-Bonafé, Daniel Morgado-Carrasco, Thierry Passeron",Frontiers in aging,2026-06-17,2026,10.3389/fragi.2026.1822471,https://pubmed.ncbi.nlm.nih.gov/42389732/,0,,2,mitochondrial biogenesis;mitochondrial dysfunction,2,cellular senescence,0,,0,,24.0,0.3636363636363636,59,0.5281077,90,0.6077196915598606,0.5,0.5430878766239442,79,0,0,1,1,0,0,0,7,High,,batch003,,,,,,The impact of the six pillars of lifestyle medicine on the biology of skin aging.,0,0,1,2,0.5430878766239442,0.6666666666666666,0.0,0.5,0.0,0.0,40.67474234850471,115,Low
42353844,Integrative Analysis of Oxidative Stress and Cellular Senescence Pathways in Chronic Obstructive Pulmonary Disease.,"Background/Objectives: Chronic obstructive pulmonary disease (COPD) is increasingly viewed as a disorder of impaired cellular adaptation to chronic stress, involving oxidative injury, mitochondrial dysfunction, and accelerated cellular senescence. We investigated whether genetic variation in these pathways contributes to disease susceptibility, lung function impairment, and polygenic risk prediction. Methods: Thirty-three single-nucleotide variants were analysed in 747 patients with COPD and 703 controls. Associations with disease susceptibility and lung function parameters were assessed using regression models with correction for multiple testing. Weighted and unweighted polygenic scores were constructed from associated variants and evaluated using receiver operating characteristic and net reclassification improvement analyses. Results: Significant associations were identified in genes involved in antioxidant defence (NFE2L2, HMOX1, GSR), PI3K/AKT/mTOR signalling (PIK3R1, PTEN), mitochondrial function (TOMM40), cellular stress responses (FOXO3A), and long non-coding RNA regulation (MEG3, CDKN2B-AS1). The strongest association was observed for PIK3R1 rs831125 (OR = 2.31, p = 2.53 × 10-10). Variants in NFE2L2, PIK3R1, MEG3, MALAT1, and SIRT3 were additionally associated with pulmonary function parameters. The weighted polygenic score demonstrated good discriminative ability (AUC 68.8%, 95% CI 65.9-71.7%) and substantially improved prediction when combined with age, sex, and smoking exposure (AUC 88.1%, 95% CI 86.3-89.8%; NRI = 0.62, p = 2.21 × 10-28). Conclusions: The identified loci converge on interconnected pathways involved in cellular stress adaptation, mitochondrial homeostasis, and senescence, supporting their contribution to chronic obstructive pulmonary disease susceptibility and functional decline.","Yanina Timasheva, Gulnaz Korytina, Vitaly Markelov, Timur Nasibullin, Leysan Akhmadishina, Yulia Aznabaeva, Shamil Zulkarneev, Olga Kochetova, Naufal Zagidullin",Genes,2026-06-10,2026 Jun 10,10.3390/genes17060685,https://pubmed.ncbi.nlm.nih.gov/42353844/,1,SIRT3,2,mitochondrial homeostasis;mitochondrial dysfunction,1,cellular senescence,0,,0,,22.0,0.3333333333333333,78,0.5577104,69,0.669425687555757,0.4583333333333333,0.5427702750223028,80,0,0,1,0,0,0,0,2,High,,batch003,,,,,,Integrative Analysis of Oxidative Stress and Cellular Senescence Pathways in Chronic Obstructive Pulmonary Disease.,0,0,1,2,0.5427702750223028,0.6666666666666666,0.0,0.5,0.0,0.0,40.663626292447255,116,Low
41789983,Fueling the fire: metabolic dysfunction and senescence as drivers of lung aging and disease.,"With a rapidly expanding human population at advanced ages and age as the main driver for chronic diseases, we face the challenge of understanding tissue aging and devising new therapeutic interventions. Cellular senescence is an important hallmark of all aging tissues and has emerged as a potential key driver of chronic lung diseases, including pulmonary fibrosis, chronic obstructive pulmonary disease (COPD), and asthma. This comprehensive review recapitulates current knowledge of pathways and processes involved in cellular senescence with emphasis on the role of mitochondrial dysfunction and the ""4 Ms"" (morphology, mitophagy, metabolism, and metabolites). We review our current knowledge of healthy lung aging, discuss which pathomechanisms in chronic lung disease are characterized by senescence, and summarize current target therapeutics and their impact on lung disease. Within this exponentially growing field, we propose emerging concepts and current gaps in knowledge that need to be addressed to develop better opportunities for therapeutic strategies and future investigations.","Corrine R Kliment, Aditi U Gurkar, Nayra Cárdenes, Richard P Ramonell, Toren Finkel, Melanie Königshoff",Physiological reviews,2026-03-06,2026 Jul 01,10.1152/physrev.00024.2025,https://pubmed.ncbi.nlm.nih.gov/41789983/,0,,2,mitophagy;mitochondrial dysfunction,1,cellular senescence,0,,0,,18.0,0.2727272727272727,99,0.6160705,27,0.7910756754595665,0.375,0.5414302701838266,81,0,0,1,0,0,0,0,2,High,,batch003,,,,,,Fueling the fire: metabolic dysfunction and senescence as drivers of lung aging and disease.,0,0,1,2,0.5414302701838266,0.6666666666666666,0.0,0.5,0.0,0.0,40.61672612310059,117,Low
42347120,RNA-Binding Proteins in Ageing and Age-Related Disease.,"RNA-binding proteins (RBPs) are essential regulators of all aspects of RNA metabolism, including splicing, stability, localisation, translation, and degradation. Through their ability to recognise specific cis-elements in target transcripts, often via RNA-recognition motifs or other conserved domains, RBPs enable rapid cellular adaptation to stress and maintain proteostasis, particularly in post-mitotic tissues with limited transcriptional flexibility. Accumulating evidence positions RBPs as both modulators and drivers of the molecular hallmarks of ageing, including genomic instability, loss of proteostasis, mitochondrial dysfunction, cellular senescence, and chronic inflammation. This review synthesises peer-reviewed studies on the multifaceted roles of RNA-binding proteins in organismal ageing and age-related diseases. Key themes include the tissue- and age-dependent changes in expression of turnover and translation regulatory RBPs such as HuR (ELAVL1), AUF1 (HNRNPD), TIA-1, and tristetraprolin (ZFP36), which alter the stability of mRNAs encoding cell-cycle regulators, pro-inflammatory cytokines, and stress-response proteins. Systematic downregulation of core splicing factors, including PTBP1 and several heterogeneous nuclear ribonucleoproteins, drives widespread senescence-associated splicing alterations in pathways governing cell division, autophagy, DNA repair, and mitochondrial function, suggesting a causal contribution to the senescent phenotype. Prion-like RBPs such as TDP-43 and FUS exhibit age-dependent mislocalisation, nuclear depletion, and cytoplasmic aggregation, contributing to splicing defects, impaired RNA transport, and neurodegeneration in amyotrophic lateral sclerosis, frontotemporal dementia, and limbic-predominant age-related TDP-43 encephalopathy. Interactions between RBPs and non-coding RNAs, together with disrupted liquid-liquid phase separation dynamics, further exacerbate age-related decline. By integrating mechanistic studies from cellular and animal models with observations in human cohorts, this review underscores RBPs as central nodes linking multiple ageing hallmarks and highlights their potential as biomarkers and therapeutic targets to promote healthy ageing. Limitations of current models and priorities for future translational research are discussed.","João Miguel Alves Ferreira, Sergii Tukaiev, Vaitsa Giannouli",Neurology international,2026-06-07,2026 Jun 07,10.3390/neurolint18060112,https://pubmed.ncbi.nlm.nih.gov/42347120/,0,,2,mitochondrial dysfunction,3,cellular senescence,0,,0,,30.0,0.4545454545454545,32,0.6070608,34,0.7722952090789922,0.625,0.6839180836315969,32,0,0,0,1,0,0,0,5,High,,batch003,,,,,,RNA-Binding Proteins in Ageing and Age-Related Disease.,0,0,0,2,0.6839180836315969,0.6666666666666666,0.0,0.0,0.0,0.0,40.60379959377256,118,Low
42710873,SIRT3-dependent mitochondrial redox homeostasis protects against age-related tendon degeneration.,"AIMS: Mitochondrial redox homeostasis is closely linked to the ageing processes of tendons, whether in normal or pathological conditions. This study employed an innovative approach to examine the role of sirtuin 3 (SIRT3) in mitochondrial dysfunction in the aged murine supraspinatus tendon (ST). METHODS: Pathological changes and collagen organization in tendons, along with variations in SIRT3 levels and oxidative stress, were initially assessed in mice of different ages. In vitro experiments were then performed to evaluate the effects of oxidative senescence on tendon cells, including cellular activity, phenotype, and collagen secretion. Finally, we explored the underlying mechanisms via which SIRT3 regulates mitochondrial redox homeostasis. RESULTS: Histological and immunofluorescence analyses revealed a decline in SIRT3 levels within tenocytes as ageing progressed, accompanied by mitochondrial dysfunction and ageing-related phenotypes. The reduction in SIRT3 with age led to an increase in reactive oxygen species levels in tendon cells. However, enhancing SIRT3 expression in cells under oxidative stress was found to activate the SOD2 and Keap1/Nrf2/HO-1 signalling pathways, effectively reversing cellular senescence. CONCLUSION: SIRT3 plays a pivotal role in maintaining mitochondrial redox homeostasis in ST by regulating the mitochondrial antioxidant network to mitigate ageing and oxidative stress in tendon cells. Targeting SIRT3 in ST degeneration may offer a promising therapeutic approach.","Yiqiong Nie, Jiefu Zhou, Xueying Zhang, Yang Chen, Tao Zhang, Wei Peng, Linfeng Wang, Shouan Zhu, Hongbin Lu",Bone & joint research,2026-09-09,2026 Sep 09,10.1302/2046-3758.159.BJR-2025-0212.R2,https://pubmed.ncbi.nlm.nih.gov/42710873/,2,SIRT3,2,mitochondrial dysfunction,3,cellular senescence,0,,0,,38.0,0.5757575757575758,9,0.60648125,19,0.7091130759272626,0.6666666666666666,0.6836452303709051,10,0,0,0,1,0,0,0,5,High,pubmed_articles.csv,batch_001,canonical_literature_v1,phd_evidence_strength_v1,phd_biological_score_v1,sentence-transformers/all-MiniLM-L6-v2,pubmed_phd_priority_features_v1,,0,0,0,2,0.6836452303709051,0.6666666666666666,0.0,0.0,0.0,0.0,40.59424972964834,119,Low
42295784,Engineered Exosomal miR-146a-5p Reprograms BMSC Fate and Restores Mitochondrial Homeostasis in Glucocorticoid-Induced Osteonecrosis of Femoral Head.,"Glucocorticoid (GC)-induced osteonecrosis of the femoral head (ONFH) involves stem cell senescence, mitochondrial dysfunction, and impaired bone regeneration. However, the molecular basis linking GC stress to bone marrow stromal cell (BMSC) dysfunction remains unclear. Here, we identify miR-146a-5p as a key regulator of BMSC fate under GC exposure, through comprehensive transcriptomic analysis of clinical bone marrow samples from GC-induced ONFH patients. Exosomes engineered to deliver miR-146a-5p restored mitochondrial membrane potential, suppressed oxidative stress, and reactivated mitophagy by targeting the TRAF6-NF-κB axis. These exosomes reversed GC-induced senescence and enhanced osteogenic and angiogenic capacity in vitro and in vivo. In a rat ONFH model, intraosseous delivery of miR-146a-5p exosomes improved trabecular structure and vascularization. Single-cell RNA-seq revealed a shift toward osteogenic and immunomodulatory BMSC subtypes. Our findings demonstrate that miR-146a-5p-engineered exosomes rejuvenate skeletal regeneration by restoring mitochondrial homeostasis and inflammatory balance, offering a promising cell-free therapy for GC-associated ONFH.","Zehui Lv, Xuejie Cai, Yiming Xu, Xingdong Yang, Ruoying Wang, Han Wang, Yixin Bian, Jiawei Xu, Jiao Lu, Lulu Liu, Yingjie Wang, Jibin Song, Bin Feng, Xisheng Weng","Advanced science (Weinheim, Baden-Wurttemberg, Germany)",2026-06-15,2026 Sep,10.1002/advs.75897,https://pubmed.ncbi.nlm.nih.gov/42295784/,0,,2,mitophagy;mitochondrial homeostasis;mitochondrial dysfunction;mitochondrial membrane potential,0,,1,bmsc,1,transcriptomics,18.0,0.2727272727272727,75,0.44119722,85,0.37453949431675,0.25,0.2998157977267,90,0,0,3,0,0,0,0,2,Moderate,pubmed_articles.csv,batch_001,canonical_literature_v1,phd_evidence_strength_v1,phd_biological_score_v1,sentence-transformers/all-MiniLM-L6-v2,pubmed_phd_priority_features_v1,,1,0,2,2,0.2998157977267,0.6666666666666666,0.0,1.0,0.3333333333333333,0.0,40.493552920434496,120,Low
42375085,Cellular Senescence: Emerging Therapeutic Target for Idiopathic Pulmonary Fibrosis Pathogenic Mechanisms and Therapeutic Strategies.,"Idiopathic pulmonary fibrosis is a progressive and fatal lung disease characterized by irreversible tissue scarring, structural distortion, and declining respiratory function. Although currently approved antifibrotic therapies can slow disease progression, they do not stop or reverse fibrosis, highlighting the need to better understand upstream disease mechanisms. Increasing evidence identifies cellular senescence as a central biological process linking aging, epithelial cell vulnerability, mitochondrial dysfunction, and abnormal tissue repair in pulmonary fibrosis. Senescent epithelial and mesenchymal cells remain metabolically active and release a broad array of secreted factors that promote fibroblast activation, persistence of contractile cells, and excessive matrix deposition. Recent advances using single-cell and three-dimensional culture approaches further reveal the accumulation of transitional epithelial cell states that fail to complete normal differentiation and instead perpetuate fibrotic remodeling. These findings suggest that senescence represents not merely a consequence of tissue injury, but a self-sustaining driver of disease progression. This review integrates current mechanistic insights into how cellular senescence coordinates epithelial injury, immune dysregulation, and biomechanical feedback to drive lung fibrosis. We also discuss emerging therapeutic strategies that target senescent cells or their downstream signaling pathways, highlighting their potential to complement existing antifibrotic treatments and enable more effective disease modification.","Nattha Suwanprakorn, Youngrok Choi, Yeong Seok Choi, Hye Jin Yoo, Su-Geun Yang",Biomolecules & therapeutics,2026-06-30,2026 Jul 01,10.4062/biomolther.2026.004,https://pubmed.ncbi.nlm.nih.gov/42375085/,0,,2,mitochondrial dysfunction,1,cellular senescence;senescent cells,2,fibroblast,0,,24.0,0.3636363636363636,59,0.5185321,96,0.5877596225371601,0.5,0.5351038490148641,84,0,0,0,0,1,0,0,3,High,,batch003,,,,,,Cellular Senescence: Emerging Therapeutic Target for Idiopathic Pulmonary Fibrosis Pathogenic Mechanisms and Therapeutic Strategies.,0,0,0,2,0.5351038490148641,0.6666666666666666,0.0,0.0,0.0,1.0,40.39530138218691,121,Low
42296967,"The senescence-stiffening loop: Extracellular matrix remodeling, hypoperfusion, and mitochondrial dysfunction drive tissue aging.","Aging tissues experience a gradual decline in perfusion and metabolic resilience due to complex interactions among extracellular matrix (ECM) remodeling, vascular dysfunction, and mitochondrial impairment. Stiffening of the ECM that results from collagen crosslinking, elastin loss, and basement membrane thickening reduces vascular compliance and impairs local angiogenesis. The consequent reduction in capillaries and diminished endothelial reactivity leads to ongoing or intermittent hypoxia, which triggers changes in transcriptomic and proteomic programs that inhibit oxidative phosphorylation and facilitate the production of reactive oxygen species. Under these conditions, mitochondria produce less ATP than is needed for homeostatic repair. This energetic breakdown triggers cellular senescence and inflammation, further increasing ECM stiffening, and thus creating a self-sustaining feedback loop that accelerates tissue aging and functional decline. Such a continuum from ECM stiffening to mitochondrial dysfunction may be considered a new therapeutic target for strategies aimed at maintaining vascular integrity, mitochondrial health, and cellular homeostasis during aging.","Luigi Ferrucci, Stefano Donega, Allison B Herman, Rafael de Cabo, Myriam Gorospe",Cell metabolism,2026-06-15,2026 Sep 01,10.1016/j.cmet.2026.05.008,https://pubmed.ncbi.nlm.nih.gov/42296967/,0,,2,mitochondrial dysfunction,1,cellular senescence,0,,2,transcriptomics;proteomics,24.0,0.3636363636363636,59,0.57655025,32,0.6485257229253771,0.375,0.4844102891701508,49,0,0,0,0,0,1,0,3,Moderate,pubmed_articles.csv,batch_001,canonical_literature_v1,phd_evidence_strength_v1,phd_biological_score_v1,sentence-transformers/all-MiniLM-L6-v2,pubmed_phd_priority_features_v1,,2,0,0,2,0.4844102891701508,0.6666666666666666,0.0,0.0,0.6666666666666666,0.0,40.28769345428861,122,Low
42501526,Low-frequency pulsed electromagnetic fields inhibit the NETs/PADI4/MFN2 axis to ameliorate BMSC senescence in the treatment of rheumatoid arthritis.,"Rheumatoid arthritis (RA) is an autoimmune disease characterized by synovial inflammation and joint destruction. Recent studies have indicated that neutrophil extracellular traps (NETs) are closely associated with the senescence of bone marrow mesenchymal stem cells (BMSCs) and the pathogenesis of RA. However, the mechanistic link between NETs and BMSC senescence in RA remains unclear. This study aims to elucidate the molecular mechanism by which NETs induce BMSC senescence and to evaluate the therapeutic effect of low-frequency pulsed electromagnetic fields (PEMFs). In a adjuvant-induced arthritis (AIA) mouse model, NET formation was significantly increased in joint tissues, and BMSCs exhibited a typical senescent phenotype. Using a neutrophil-BMSC co-culture system, we demonstrated that RA-derived neutrophils induced BMSC senescence through NETs, an effect that was reversed by DNase I treatment. Mechanistically, PADI4 derived from NETs interacted with and citrullinated MFN2. This modification reduced MFN2 protein stability via the autophagy-lysosome pathway, subsequently leading to mitochondrial dysfunction and cellular senescence in BMSCs. Furthermore, treatment with low-frequency PEMFs markedly inhibited NET formation, effectively delayed BMSC senescence, and ameliorated joint pathological damage in RA mice. Collectively, these findings reveal that NET-derived PADI4 induces BMSC senescence through citrullination of MFN2, and that PEMFs exert therapeutic effects by inhibiting NET formation and blocking this pathway. This study provides important theoretical insights into the pathogenesis and clinical treatment of RA, and suggests that PEMFs hold promise as a potential therapeutic strategy for RA.","Qinfeng Lyu, Gang Chen, Longfei Chen, Yun Fan","Pathology, research and practice",2026-07-13,2026 Oct,10.1016/j.prp.2026.156620,https://pubmed.ncbi.nlm.nih.gov/42501526/,1,MFN2,2,mitochondrial dysfunction,2,cellular senescence,1,bmsc,0,,31.0,0.4696969696969697,31,0.43392533,87,0.3598194860837848,0.5208333333333334,0.4564277944335139,57,1,1,0,1,0,0,0,9,Moderate,pubmed_articles.csv,batch_001,canonical_literature_v1,phd_evidence_strength_v1,phd_biological_score_v1,sentence-transformers/all-MiniLM-L6-v2,pubmed_phd_priority_features_v1,,0,1,0,2,0.4564277944335139,0.6666666666666666,0.5,0.0,0.0,0.0,40.14163947183965,123,Low
42309396,Biomarkers and therapies associated with Hutchinson-Gilford Progeria Syndrome.,"Hutchinson-Gilford progeria syndrome (HGPS) is an ultra-rare premature aging disorder caused predominantly by a de novo LMNA c.1824C>T mutation that produces progerin, a truncated and permanently farnesylated lamin A isoform. Progerin accumulation disrupts nuclear lamina integrity and chromatin organization, inducing persistent DNA damage responses, telomere attrition, mitochondrial dysfunction, and cellular senescence. These processes drive a multisystem clinical phenotype characterized by growth impairment, lipodystrophy, musculoskeletal abnormalities, and rapidly progressive vascular disease, with cardiovascular events as the leading cause of mortality. Biomarkers could be used in clinical trials and preclinical models for research purposes. Current candidates span four major categories: (i) molecular markers, including LMNA genotype, progerin levels, γH2AX/pATM signaling, telomere shortening, and epigenetic alterations; (ii) cellular markers reflecting oxidative stress, mitochondrial impairment, and senescence-associated secretory phenotype (SASP); (iii) systemic inflammatory and immune mediators; and (iv) vascular structural and functional indices such as arterial stiffness and endothelial dysfunction, which correlate strongly with survival. Preclinical progeroid mouse models and LMNA-edited minipigs have facilitated translational validation of these biomarker axes. Therapeutic approaches now extend beyond farnesyltransferase inhibition. Lonafarnib improves vascular outcomes and survival; however, persistent cardiovascular decline indicates residual unmet need. Emerging interventions-including mTOR modulation, senolytics, anti-inflammatory agents, metabolic support, antisense oligonucleotides, and gene-editing strategies targeting progerin production-may benefit from biomarker-guided implementation. The integration of multi-parameter biomarker panels with mechanism-based combination therapies represents a promising direction toward precision management in HGPS.","Raunaq Saba Ali, Zhongkai Cao, Xuling Zhou, Guozhen Wang, Huizhen He, Zhi Du, Yangyang Li, Liqun Chen, Lidan Hu",Ageing research reviews,2026-06-17,2026 Aug,10.1016/j.arr.2026.103209,https://pubmed.ncbi.nlm.nih.gov/42309396/,0,,2,mitochondrial dysfunction,3,cellular senescence,1,cardiovascular,0,,33.0,0.5,20,0.54537165,78,0.6437059100322755,0.6875,0.6699823640129101,35,0,0,0,1,0,0,0,5,High,,batch003,,,,,,Biomarkers and therapies associated with Hutchinson-Gilford Progeria Syndrome.,0,0,0,2,0.6699823640129101,0.6666666666666666,0.0,0.0,0.0,0.0,40.11604940711852,124,Low
42589618,Senescence Markers and Associated Transcriptomic Changes Are Expressed at Early Stages of Alzheimer's Neuropathology but Are Not Independently Related to Dementia.,"Cellular senescence may affect the post-mitotic cells of the brain. We examined the expression of senescence markers, including p16, p21, γH2Ax and H3K9me3, in the frontal cortex of brain donations from the Cognitive Function and Ageing Study to assess their relationship to Alzheimer's disease neuropathological change (ADNC) and dementia. p21, γH2Ax and H3K9me3 were expressed in pyramidal neurons and glia, whilst p16 was confined to glial cells. p21 and γH2Ax were correlated in neurons, and with p16 in glia. They did not increase with ADNC, tending to be higher at early Braak neurofibrillary tangle stages. Transcriptomic profiling of pyramidal neuron-enriched samples at low Braak stages showed that higher neuronal p21 expression was associated with altered pathways for neuronal function, neurodegeneration, protein homeostasis, mitochondrial dysfunction and synaptic signalling. In conclusion, the different expression profile of senescence markers in neurons and glia suggest possible differences in senescence-related mechanisms. Expression at lower ADNC stages suggests senescence may be important at earlier stages of Alzheimer's pathogenesis, whilst transcriptomic changes suggest an impact on neuronal function. The lack of association of senescence markers with dementia status indicates that more work is needed to determine the value of senescence as a therapeutic target for dementia.","Irina Vazquez-Villaseñor, Bridget Benson, Connor D Richardson, Rachel Waller, Lydia M Castelli, Julie E Simpson, Fiona E Matthews, Carol Brayne, Stephen B Wharton",International journal of molecular sciences,2026-08-03,2026 Aug 03,10.3390/ijms27156964,https://pubmed.ncbi.nlm.nih.gov/42589618/,0,,2,mitochondrial dysfunction,2,cellular senescence,0,,1,transcriptomics,27.0,0.4090909090909091,45,0.6401906,10,0.7773486941128935,0.4375,0.5734394776451575,26,0,0,0,1,0,0,0,5,High,pubmed_articles.csv,batch_001,canonical_literature_v1,phd_evidence_strength_v1,phd_biological_score_v1,sentence-transformers/all-MiniLM-L6-v2,pubmed_phd_priority_features_v1,,1,0,0,2,0.5734394776451575,0.6666666666666666,0.0,0.0,0.3333333333333333,0.0,40.0703817175805,125,Low
41956196,Glial dynamics in brain aging: Cellular heterogeneity and regional vulnerability.,"Brain aging involves progressive structural, functional, and molecular changes that impair cognition and increase vulnerability to neurodegenerative diseases. While neurons have traditionally received primary research focus, recent advances in single-cell transcriptomics, spatial genomics, and functional imaging reveal that glial cells-microglia, astrocytes, and oligodendrocytes-undergo profound, heterogeneous alterations during aging that actively drive brain dysfunction. These changes include microglial transition from homeostatic surveillance to inflammatory, dystrophic states; astrocyte shift from metabolic support to atypical reactive phenotypes with impaired neurovascular coupling; and oligodendrocyte dysfunction causing progressive myelin degeneration. Critically, glial aging exhibits marked regional heterogeneity, with hippocampus and prefrontal cortex showing heightened vulnerability while cerebellum remains relatively preserved, patterns mirroring cognitive decline topography. At the molecular level, glial senescence involves interconnected mechanisms including cellular senescence with senescence-associated secretory phenotype (SASP), oxidative stress and mitochondrial dysfunction, impaired proteostasis and autophagy, epigenetic alterations favoring inflammatory gene expression, and dysregulated inflammatory signaling pathways. These changes propagate through complex glial-glial and neuron-glia interaction networks, amplifying dysfunction beyond individual cellular deficits. Importantly, glia retain plasticity enabling therapeutic intervention through diverse strategies: senolytic elimination of senescent cells, microglial phenotype modulation, remyelination enhancement, metabolic interventions, and lifestyle modifications including exercise and dietary approaches. This review synthesizes current understanding of glial heterogeneity, regional vulnerability patterns, underlying molecular mechanisms, and emerging therapeutic opportunities, providing an integrated framework for targeting glial dysfunction to promote healthy brain aging and prevent cognitive decline.",Kyoungho Suk,Progress in neurobiology,2026-04-07,2026 Jun,10.1016/j.pneurobio.2026.102915,https://pubmed.ncbi.nlm.nih.gov/41956196/,0,,2,mitochondrial dysfunction,2,cellular senescence;senescent cells,0,,1,transcriptomics,27.0,0.4090909090909091,55,0.51781803,97,0.5862711636952034,0.5625,0.5720084654780813,66,0,0,0,1,0,0,0,5,High,,batch003,,,,,,Glial dynamics in brain aging: Cellular heterogeneity and regional vulnerability.,1,0,0,2,0.5720084654780813,0.6666666666666666,0.0,0.0,0.3333333333333333,0.0,40.02029629173284,126,Low
42545731,"Oxidative stress, aging, metabolism, SIRT1, and the gut microbiota: the neurocardiac basis of cognitive loss.","FactsCardiovascular disease, Alzheimer's disease, and multiple sclerosis share a neurocardiac basis linked by cellular metabolism and diabetes, indicating the presence of common pathological pathways.Current care remains symptomatic and prevention focused, and interventions targeting shared pathways such as oxidative stress, senescence, and autophagy are lacking.Apolipoprotein E (APOE), glucagon-like peptide-1 (GLP-1) agonism, silent mating type information regulation 2 homolog 1 (Saccharomyces cerevisiae) (SIRT1), mitochondrial dynamics, and the gut microbiome are key modulators of the neurocardiac axis and are highly interdependent.Understanding the interactions among ferroptosis, pyroptosis, and apoptosis under comorbid conditions is essential for clinical translation.Open questionsIs oxidative stress a primary driver or a consequence of autophagy dysregulation that links cardiac dysfunction to cognitive decline?Are GLP-1 receptor agonists neuroprotective independent of glycemic control, and what is the optimal timing and disease stage?Which microbial metabolites influence mitochondrial dynamics and senescence, and can microbiome targeting improve both cardiac and cognitive outcomes?Is combined inhibition of ferroptosis and pyroptosis superior to single-pathway blockade, and how can strategies for different comorbidity profiles be chosen?How can APOE genotypes and individual metabolic states guide personalized therapies that simultaneously reduce cardiovascular risk and neurodegeneration? Cardiovascular disease and cognitive loss have a neurocardiac basis. Poor vascular perfusion can impair cognitive function in both Alzheimer's disease and multiple sclerosis. However, a treatment gap exists because current approaches do not adequately address the shared underlying cellular mechanisms responsible for cognitive dysfunction in these conditions. Current treatments for cognitive impairment in diseases such as cardiovascular disease, Alzheimer's disease, multiple sclerosis, and diabetes often fail to fully address the shared underlying cellular mechanisms. Consequently, the prevailing precision treatment strategy, which focuses on managing symptoms and preventing disease progression, is insufficient. This highlights the urgent need for innovative approaches capable of targeting these common cellular pathways across these diverse conditions. Novel investigations into oxidative stress, cellular senescence, programmed cell death with apoptosis, ferroptosis, pyroptosis, and autophagy, cellular metabolism with apolipoprotein E and glucagon-like peptide-1 receptor agonism, silent mating type information regulation 2 homolog 1 (Saccharomyces cerevisiae), mitochondrial dynamics, and the gut microbiome offer the potential to address the risk factors and clinical treatments for cardiovascular disease and cognitive loss. These pathways are exquisitely dependent upon one another and require in-depth knowledge of the modulatory cellular mechanisms for effective translation to clinical care.",Kenneth Maiese,Medical gas research,2026-08-03,2026 Aug 03,10.4103/mgr.MEDGASRES-D-26-00073,https://pubmed.ncbi.nlm.nih.gov/42545731/,0,,3,mitochondrial dynamics,1,cellular senescence,1,cardiovascular,0,,27.0,0.4090909090909091,45,0.5709375,36,0.6371642025765302,0.4375,0.5173656810306121,42,0,0,1,0,0,0,0,2,High,pubmed_articles.csv,batch_001,canonical_literature_v1,phd_evidence_strength_v1,phd_biological_score_v1,sentence-transformers/all-MiniLM-L6-v2,pubmed_phd_priority_features_v1,,0,0,1,2,0.5173656810306121,0.6666666666666666,0.0,0.5,0.0,0.0,39.77446550273809,127,Low
42519021,Exercise-induced mitochondrial remodeling in energy-demanding organs during aging.,"Age-associated organ dysfunction markedly impairs quality of life and increases mortality in older adults. Aging frequently results in compromised mitochondrial function in organs with high energy demands, such as skeletal muscle, the brain, heart, kidneys, and liver. This impairment leads to excessive production of reactive oxygen species, increased inflammation, energy deficits, and aberrant cellular signaling, collectively fostering cellular senescence, and chronic diseases. Empirical research has demonstrated that regular physical exercise preserves mitochondrial integrity. This review summarizes common and specific responses to exercise in mitochondrial regulation across various organs and provides a comprehensive cross-organ analysis. The objective was to elucidate the molecular mechanisms through which exercise confers anti-aging effects and mitigates degenerative functional decline by restoring mitochondrial homeostasis. This review provides a theoretical foundation for developing targeted anti-aging interventions and for attenuating aging in multiple organs through lifestyle modifications.","Zhuoyang Zhou, Jianhong Gao, Minghui Wang, Hu Zhang",iScience,2026-07-15,2026 Aug 21,10.1016/j.isci.2026.116791,https://pubmed.ncbi.nlm.nih.gov/42519021/,0,,2,mitochondrial homeostasis,2,cellular senescence,1,skeletal muscle,0,,27.0,0.4090909090909091,45,0.56753415,37,0.630275025207282,0.4375,0.5146100100829127,44,0,0,1,1,0,0,0,7,High,pubmed_articles.csv,batch_001,canonical_literature_v1,phd_evidence_strength_v1,phd_biological_score_v1,sentence-transformers/all-MiniLM-L6-v2,pubmed_phd_priority_features_v1,,0,0,1,2,0.5146100100829127,0.6666666666666666,0.0,0.5,0.0,0.0,39.67801701956861,128,Low
42295556,Unlocking the aging brain: mTORC1 as a convergent integrator for neurodegeneration and therapeutic intervention.,"Aging is the primary risk factor for neurodegenerative diseases, characterized by a progressive decline in cellular homeostasis. Central to this process is the mammalian target of rapamycin complex 1 (mTORC1), a convergent integrator regulator of metabolism that integrates nutrient sensing with cellular growth. While essential for development, chronic mTORC1 hyperactivity, termed mTORopathy, emerges during aging, driving a deleterious cycle of mitochondrial dysfunction, neuroinflammation, and impaired protein clearance. This pathological state promotes the accumulation of toxic proteins, such as amyloid-beta, tau, and alpha-synuclein, while simultaneously suppressing autophagy and glymphatic function. Furthermore, mTORC1 overactivation in glial cells fuels inflammaging by inducing cellular senescence and the senescence-associated secretory phenotype (SASP), which compromises blood-brain barrier integrity and synaptic plasticity. Conversely, pharmacological inhibition of mTORC1 using rapamycin or its analogs (rapalogs) has demonstrated significant neuroprotective potential. By restoring autophagic flux, rebalancing metabolic axes (AMPK/SIRT1), and suppressing chronic inflammation, these compounds can rescue synaptic function and reactivate neurogenesis. This review synthesizes current evidence regarding mTORC1 as a convergent integrator for brain aging and evaluates the clinical prospects of mTOR-targeted therapies in mitigating neurodegenerative decline.","Mokhtar Rejili, Hayder M Al-Kuraishy, Mustafa M Shokr, Gaber El-Saber Batiha",Biogerontology,2026-06-15,2026 Jun 15,10.1007/s10522-026-10457-6,https://pubmed.ncbi.nlm.nih.gov/42295556/,0,,2,mitochondrial dysfunction,3,cellular senescence,0,,0,,30.0,0.4545454545454545,32,0.56970954,59,0.6944375575809302,0.625,0.6527750230323721,40,0,0,0,1,0,0,0,5,High,,batch003,,,,,,Unlocking the aging brain: mTORC1 as a convergent integrator for neurodegeneration and therapeutic intervention.,0,0,0,2,0.6527750230323721,0.6666666666666666,0.0,0.0,0.0,0.0,39.51379247279969,129,Low
42423501,Kaempferol Attenuates Spaceflight-Associated Knee Cartilage Degradation by Targeting NOX4-Mediated Mitochondrial Dysfunction.,"Microgravity and space radiation experienced during spaceflight have adverse effects on musculoskeletal health, yet their impact on articular cartilage has not been fully understood. In this study, we demonstrated that simulated spaceflight on Earth leads to cartilage degradation in the knees of mice. Similar changes were also observed in mice exposed to actual spaceflight. To investigate mechanisms underlying spaceflight-associated cartilage loss, human chondrocytes were encapsulated in a hydrogel scaffold and subjected to rotary culture to simulate microgravity-induced alterations. Simulated microgravity increased the expression of biomarkers related to inflammation and cellular senescence. Additionally, rotary culture decreased mitochondrial respiration and increased reactive oxygen species production. Through RNA sequencing and bioenergetic profiling, we identified NADPH oxidase 4 (NOX4) as a crucial factor driving these changes. Moreover, kaempferol, a naturally occurring flavonoid that directly binds to NOX4, was found to partially reverse the harmful effects of microgravity on chondrocytes. Finally, systemic administration of kaempferol reduced cartilage degradation in mice subjected to simulated spaceflight on the ground. These findings establish that NOX4-mediated mitochondrial dysfunction is a key mechanism underlying spaceflight-induced cartilage degradation and highlight kaempferol as a potential protective measure for joint health in space.","Yuesong Yin, Ruiling Xu, Meagan J Makarczyk, Jia-Jun Liu, Silvia Liu, Matthew Z Shi, Roberta Di Carlo, Michael F Almeida, Alex Garris, Sarah Day, Rebekah Sanchez-Hodge, Jonathan C Schisler, Aleeza H Zilberman, Noah G Allen, Angela J Kubik, Elizabeth A Blaber, Arnold Z Olali, Wanqing Xie, Douglas C Wallace, Christopher E Mason, Peter G Alexander, Giuseppe Intini, Afshin Beheshti, Hang Lin","Advanced science (Weinheim, Baden-Wurttemberg, Germany)",2026-07-09,2026 Aug,10.1002/advs.76477,https://pubmed.ncbi.nlm.nih.gov/42423501/,0,,2,mitochondrial dysfunction,3,cellular senescence,0,,0,,30.0,0.4545454545454545,32,0.45219868,133,0.4494894732293568,0.625,0.5547957892917428,72,0,0,0,1,0,0,0,5,High,,batch003,,,,,,Kaempferol Attenuates Spaceflight-Associated Knee Cartilage Degradation by Targeting NOX4-Mediated Mitochondrial Dysfunction.,1,0,0,2,0.5547957892917428,0.6666666666666666,0.0,0.0,0.3333333333333333,0.0,39.41785262521099,130,Low
42061603,Long-chain chlorinated paraffins (LCCPs) exposure induces testicular aging damage by triggering mitochondrial dysfunction.,"LCCPs is a widely recognized environmental pollutant, and its hazards to the environment and organisms have attracted significant attention. Toxicological research on LCCP's effects on the male reproductive system is limited, with mechanisms not well understood. This study investigates LCCPs exposure's impact on testicular cell senescence and its regulatory mechanisms using GC-1 and TM4 testicular cell models. This study utilized techniques such as Western blot analysis, flow cytometry, indirect immunofluorescence, and confocal microscopy. We evaluated senescence-associated markers, such as SA-β-Gal staining and the proteins p16 and p21, demonstrating that LCCPs treatment significantly induced senescence in testicular cells. LCCPs increased ROS and inflammatory cytokines (IL-6, IL-8, TNF-α) while reducing mitochondrial membrane potential (MMP). Mechanistic studies demonstrated that LCCPs significantly hindered TFEB's nuclear translocation, consequently inhibiting the expression of genes associated with TFEB-regulated lysosomal biogenesis. This led to lysosomal dysfunction and reduced mitophagy of damaged mitochondria. Ultimately, dysfunctional mitochondria released large amounts of double-stranded DNA (dsDNA), excessively activating the pyroptosis pathway and promoting cellular pyroptosis. Similarly, in vivo experiments revealed that LCCPs increased the expression of inflammatory markers and reduced collagen levels in mouse testicular tissues, in line with the results observed in vitro. In conclusion, our findings indicate that LCCPs exposure induces testicular cell senescence in both in vitro and in vivo environments. This research lays a crucial groundwork for future investigations into the toxicological characteristics of LCCPs.","Xue Tian, Yuebing Kong, Shuang Ma, Chenhui Xu, Ruoting Zhang, Haochu Deng, Hainan Lan",Toxicology,2026-04-28,2026 Sep,10.1016/j.tox.2026.154479,https://pubmed.ncbi.nlm.nih.gov/42061603/,0,,2,mitophagy;mitochondrial dysfunction;mitochondrial membrane potential,0,,0,,0,,12.0,0.1818181818181818,91,0.61194575,16,0.7201745035601116,0.125,0.3630698014240446,78,0,0,2,0,0,0,0,2,Moderate,pubmed_articles.csv,batch_001,canonical_literature_v1,phd_evidence_strength_v1,phd_biological_score_v1,sentence-transformers/all-MiniLM-L6-v2,pubmed_phd_priority_features_v1,,0,0,2,2,0.3630698014240446,0.6666666666666666,0.0,1.0,0.0,0.0,39.37410971650822,131,Low
42639736,DHCR24 Alleviates DNA Damage in Senescent Vascular Endothelial Cells via ENKUR/Ca2+ Signaling.,"DNA damage is considered one of the major contributors to aging. DHCR24, a multifunctional enzyme located within the endoplasmic reticulum (ER), is closely related to DNA damage. Our previous study showed that DHCR24 could delay vascular endothelial cells (ECs) senescence. The relationship between DHCR24 and DNA damage during ECs senescence requires further investigation. Here, we demonstrate that aging activates ATM-mediated DNA damage response (DDR) in human umbilical vein endothelial cells (HUVECs) and mouse pulmonary microvascular endothelial cells (PMVECs), and DHCR24 expression is downregulated. Knocking down DHCR24 in young HUVECs induces the activation of ATM-mediated DDR, which has been confirmed in PMVECs of DHCR24 endothelial-specific knockout mice. Consistently, RNAseq indicated that DHCR24 was essential for cell cycle regulation. Further investigations revealed that both replicatively senescent HUVECs and young HUVECs with DHCR24 knockout exhibited ER stress and mitochondrial dysfunction, which might be attributable to calcium overload resulting from DHCR24 deficiency. In this pathological process, the DHCR24-deficiency-induced upregulation of ENKUR markedly exacerbates calcium overload. Conversely, ENKUR knockdown not only alleviates the ER stress and mitochondrial dysfunction caused by DHCR24 inhibition, but also suppresses the ATM-mediated DDR. Moreover, DHCR24 overexpression reduces the elevated ENKUR levels and simultaneously mitigates DOX-induced calcium overload in HUVECs. Collectively, these findings identify DHCR24-ENKUR-dependent Ca2+ signaling as a mechanism linking ER-mitochondrial homeostasis to endothelial DNA damage and senescence. Accordingly, restoring DHCR24 function or regulating calcium signal transduction through this pathway may hold therapeutic potential for delaying vascular ECs senescence and preventing age-related diseases.","Han Li, Zhen Yang, Wukaiyang Liang, Jie Huang, Tianyi Ji, Hao Nie, Zixin Wan, Yuqi Qiu, Yi Huang, Le Zhang, Cuntai Zhang, Jinhua Yan",Aging cell,,2026 Sep,10.1111/acel.70688,https://pubmed.ncbi.nlm.nih.gov/42639736/,0,,3,mitochondrial homeostasis;mitochondrial dysfunction,0,,0,,0,,18.0,0.2727272727272727,75,0.5759319,33,0.647274037725126,0.25,0.4089096150900504,70,0,0,1,0,0,0,0,2,Moderate,pubmed_articles.csv,batch_001,canonical_literature_v1,phd_evidence_strength_v1,phd_biological_score_v1,sentence-transformers/all-MiniLM-L6-v2,pubmed_phd_priority_features_v1,,1,0,1,2,0.4089096150900504,0.6666666666666666,0.0,0.5,0.3333333333333333,0.0,39.31183652815176,132,Low
42440223,"Cellular senescence in kidney diseases: a bibliometric analysis of global trends, knowledge bases, and emerging therapeutic frontiers.","PURPOSE: Cellular senescence has emerged as an important mechanism linking renal ageing, acute kidney injury, diabetic kidney disease, chronic kidney disease, renal fibrosis, and kidney transplantation-related injury. This study aimed to map the global research landscape, knowledge bases, and emerging frontiers of cellular senescence-related kidney disease research. METHODS: Publications were retrieved from the Science Citation Index Expanded of the Web of Science Core Collection. After screening by language and document type, 775 English-language articles and reviews were included. CiteSpace and VOSviewer were used to analyze publication trends, citation impact, collaboration networks, productive countries, institutions, authors, journals, highly cited documents, co-cited references, keyword co-occurrence, and citation bursts. RESULTS: The field expanded rapidly after 2016 and reached its highest annual output in 2025. China and the United States were the leading contributors by publication volume. Co-cited reference clustering identified major knowledge bases related to renal ageing, chronic kidney disease-associated premature ageing, maladaptive repair, renal fibrosis, diabetic kidney disease, tubular epithelial injury, SASP, uremic toxicity, transplantation-related injury, and senescence-targeted interventions. Recent hotspots centered on diabetic kidney disease, acute kidney injury, kidney fibrosis, tubular epithelial cells, DNA damage, mitochondrial dysfunction, inflammaging, immunosenescence, extracellular vesicles, and senolytic therapy. CONCLUSION: Research on cellular senescence-related kidney diseases has shifted from descriptive studies of renal ageing and chronic kidney disease complications toward disease-specific, cell-type-specific, and translational investigations. Future studies should integrate single-cell and spatial multi-omics, establish reliable renal senescence biomarkers, and develop safer kidney-targeted senotherapeutic strategies.","Ning Liu, Tao Liu",International urology and nephrology,2026-07-13,2026 Jul 13,10.1007/s11255-026-05271-5,https://pubmed.ncbi.nlm.nih.gov/42440223/,0,,2,mitochondrial dysfunction,1,cellular senescence,1,kidney,0,,21.0,0.3181818181818182,81,0.46720007,123,0.4807594489840305,0.4375,0.4548037795936122,114,0,0,0,0,0,0,0,0,Moderate,,batch003,,,,,,"Cellular senescence in kidney diseases: a bibliometric analysis of global trends, knowledge bases, and emerging therapeutic frontiers.",2,0,0,2,0.4548037795936122,0.6666666666666666,0.0,0.0,0.6666666666666666,0.0,39.25146561910976,133,Low
42711289,CAFs-mediated histone lactylation reprograms cholesterol metabolism in colorectal cancer to drive CD8+ T cell immunosuppression.,"The progression of colorectal cancer (CRC) is critically regulated by cancer-associated fibroblasts (CAFs) within the tumor microenvironment (TME), yet the specific molecular mechanisms by which CAFs influence CRC remain unclear. This study reveals the mechanism by which CAFs promote CRC malignant progression and immune suppression through metabolic reprogramming. Findings indicate that lactate secreted by CAFs induces lactylation modifications of histone H3K9La and H3K18La, thereby upregulating the expression of key cholesterol synthesis enzymes DHCR7 and CYP51A1, which in turn enhances the malignant properties of CRC cells. In vivo and in vitro experiments confirm that inhibiting DHCR7 significantly reverses CAF-mediated tumor promotion. More importantly, this study revealed that CAF-induced CRC cells with elevated cholesterol metabolism deliver DHCR7 to CD8+ T cells via exosomes, thereby triggering mitochondrial dysfunction and driving the cellular senescence process. This senescence manifests as reduced IFN-γ secretion capacity and enhanced senescence-associated secretory phenotype (SASP). In summary, this study systematically elucidates the central role of the CAF-CRC cell-CD8+ T cell regulatory axis: CAF-derived lactate modulates cholesterol metabolism in CRC cells via histone lactylation. Subsequently, CRC cells with enhanced cholesterol metabolism deliver DHCR7 to CD8+ T cells via exosomes, inducing mitochondrial dysfunction, which in turn leads to CD8+ T-cell senescence and immunosuppression. This provides a new theoretical foundation and therapeutic rationale for metabolic-immune combination strategies in CRC. © 2026 The Author(s). The Journal of Pathology published by John Wiley & Sons Ltd on behalf of The Pathological Society of Great Britain and Ireland.","Huachi Li, Jun Hu, Lei Huang, Zihao Wang, Haoran Tao, Feng Cao, Min Xie",The Journal of pathology,2026-09-08,2026 Sep 08,10.1002/path.70119,https://pubmed.ncbi.nlm.nih.gov/42711289/,0,,2,mitochondrial dysfunction,3,cellular senescence,0,,0,,30.0,0.4545454545454545,33,0.38331893,96,0.2573802818823005,0.5,0.4029521127529202,71,0,0,0,1,0,0,0,5,Moderate,pubmed_articles.csv,batch_001,canonical_literature_v1,phd_evidence_strength_v1,phd_biological_score_v1,sentence-transformers/all-MiniLM-L6-v2,pubmed_phd_priority_features_v1,,0,0,0,3,0.4029521127529202,1.0,0.0,0.0,0.0,0.0,39.103323946352205,134,Low
42358147,"[Molecular mechanism of intervertebral disc cell senescence: telomeres, mitochondria, and cellular metabolic reprogramming].","Intervertebral disc degeneration (IVDD), as a common spinal disorder, is closely associated with intervertebral disc cell senescence in its pathogenesis. Cellular senescence leads to alterations in the biomechanical properties of intervertebral discs and causes clinical symptoms including chronic pain and functional impairment. Current research demonstrates that telomere shortening, mitochondrial dysfunction, and cellular metabolic reprogramming constitute the core molecular mechanisms underlying intervertebral disc cell senescence. This review systematically examines the molecular mechanisms of intervertebral disc cell senescence, analyzes the roles of telomere dynamics, mitochondrial homeostasis imbalance, and metabolic reprogramming in this process, and summarizes corresponding potential therapeutic strategies. By elucidating these molecular mechanisms, this work provides a theoretical foundation for developing therapeutic targets to delay IVDD.","Wei Deng, Ruo-Chen Zhu, Fan-Guo Kong, Ji-Yao Luan",Sheng li xue bao : [Acta physiologica Sinica],,2026 Jun 25,10.13294/j.aps.2026.0044,https://pubmed.ncbi.nlm.nih.gov/42358147/,0,,2,mitochondrial homeostasis;mitochondrial dysfunction,1,cellular senescence,0,,0,,18.0,0.2727272727272727,99,0.5621669,66,0.678715136530199,0.375,0.4964860546120795,94,0,0,1,0,0,0,0,2,Moderate,,batch003,,,,,,"[Molecular mechanism of intervertebral disc cell senescence: telomeres, mitochondria, and cellular metabolic reprogramming].",0,0,1,2,0.4964860546120795,0.6666666666666666,0.0,0.5,0.0,0.0,39.04367857808945,135,Low
42538554,"Cellular senescence: the ""hidden driver"" in chronic inflammatory skin disorders.","Chronic inflammatory skin disorders are characterized by persistent skin inflammation, impaired barrier function, and frequent recurrence, all of which substantially reduce patients' quality of life. Traditional studies attribute the pathogenesis of these diseases to immune dysregulation, whereas new evidence indicates that cellular senescence is a key risk factor and a mechanism underlying disease progression. Cellular senescence, defined by irreversible cell cycle arrest, is accompanied by a senescence-associated secretory phenotype (SASP), mitochondrial dysfunction, and DNA damage. This review systematically outlines the hallmarks, regulatory mechanisms, and inducers of cellular senescence, elucidates its pathological role in representative inflammatory skin disorders, and evaluates emerging therapeutic strategies that target senescent cells. By elucidating the dynamic crosstalk between cellular senescence and inflammatory skin diseases, this review aims to identify novel therapeutic targets and provide new insights into their diagnosis, treatment, and prevention.","Huifang Liang, Junqin Li, Kaiming Zhang",Immunity & ageing : I & A,2026-07-24,2026 Jul 24,10.1186/s12979-026-00580-w,https://pubmed.ncbi.nlm.nih.gov/42538554/,0,,2,mitochondrial dysfunction,2,cellular senescence;senescent cells,0,,0,,24.0,0.3636363636363636,59,0.63426894,17,0.8290098120677665,0.5,0.6316039248271066,46,0,0,0,1,0,0,0,5,High,,batch003,,,,,,"Cellular senescence: the ""hidden driver"" in chronic inflammatory skin disorders.",0,0,0,2,0.6316039248271066,0.6666666666666666,0.0,0.0,0.0,0.0,38.772804035615394,136,Low
42477782,Theca cells: active orchestrators of ovarian aging.,"Ovarian aging is characterized by the progressive depletion of the follicular reserve and deterioration of reproductive endocrine function, yet its cellular basis has been disproportionately attributed to oocyte and granulosa cell decline. Theca cells - the principal androgen-producing cell type of the ovarian follicle - have remained critically underappreciated in this context. Operating through the classical two-cell, two-gonadotropin model, theca cells supply androgen precursors that granulosa cells aromatize into estradiol, and their dysfunction therefore impairs estrogen biosynthesis irrespective of granulosa cell competence. During ovarian aging, theca cells undergo quantitative decline, transcriptional reprogramming, and progressive steroidogenic impairment. Single-cell transcriptomic analyses reveal age-dependent upregulation of senescence pathways - including CDKN1A, NF-κB, and SASP-associated factors - alongside downregulation of FOXP1, a transcription factor that normally suppresses cellular senescence through direct repression of CDKN1A. Senescent theca-interstitial cells elaborate pro-inflammatory mediators, most notably CCL5, TNF-α, IL-1β, and IL-6, which suppress steroidogenic gene expression, induce granulosa cell apoptosis, and promote ovarian fibrosis, collectively accelerating follicular atresia. At the molecular level, mitochondrial dysfunction driven by aberrant GSK3β activation impairs oxidative phosphorylation and steroidogenic capacity, while dysregulation of the PTEN/PI3K/Akt/FOXO1 axis uncouples theca cells from LH-dependent gonadotropin signaling. Theca cell dysfunction further underlies distinct clinical entities, including premature ovarian insufficiency, diminished ovarian reserve, and polycystic ovary syndrome. Emerging therapeutic strategies - encompassing mesenchymal stem cell-derived exosomes, senolytics, mitochondria-targeted interventions, and Wnt/β-catenin pathway modulation - have demonstrated efficacy in restoring theca cell function in preclinical models. This review repositions theca cells as active, bidirectionally regulated participants in ovarian aging-integral to, rather than upstream of, the oocyte-granulosa-theca unit-and proposes theca-specific biomarkers and targeted interventions as priorities for future translational research.","Hongbo Wu, Zhao Zhang, Qianyi Huang, Bo Liu, Lidan Liu",Reproductive biology and endocrinology : RB&E,2026-07-20,2026 Jul 20,10.1186/s12958-026-01593-2,https://pubmed.ncbi.nlm.nih.gov/42477782/,0,,2,mitochondrial dysfunction,2,cellular senescence,0,,1,transcriptomics,27.0,0.4090909090909091,55,0.4746098,122,0.4962048228759617,0.5625,0.5359819291503847,83,0,0,0,1,0,0,0,5,High,,batch003,,,,,,Theca cells: active orchestrators of ovarian aging.,1,0,0,2,0.5359819291503847,0.6666666666666666,0.0,0.0,0.3333333333333333,0.0,38.75936752026346,137,Low
42579356,Mitochondrial Inflammation and Muscle Aging: Targeting the Inflammatory Microenvironment in Sarcopenic Muscle.,"Sarcopenia is an age-related progressive degenerative disorder of skeletal muscle characterized by declining muscle mass, strength, and function. Increasing evidence indicates that chronic low-grade inflammation plays an important contributory role in its pathogenesis. The inflammatory microenvironment contributes to sarcopenia through complex interactions involving cellular senescence, mitochondrial dysfunction, and sustained inflammatory signaling, forming a self-reinforcing pathological cycle within skeletal muscle. This review synthesizes current evidence on the molecular mechanisms underlying inflammation-driven sarcopenia, with particular emphasis on how inflammatory signaling disrupts protein turnover and satellite cell metabolism. In addition, exercise is examined as a precision ""hormone-like"" intervention tailored to different sarcopenia phenotypes, highlighting the distinct mechanisms through which resistance training, aerobic exercise, and combined training modulate the senescence-associated phenotype and inflammatory responses. The review further evaluates anti-inflammatory therapeutic strategies, including nutritional interventions, pharmacotherapy, and acupuncture. These approaches improve muscle health by restoring immune balance, enhancing mitochondrial function, modulating the gut-muscle axis, reducing oxidative stress, and promoting the clearance of senescent cells. Finally, emerging precision medicine frameworks and multi-omics strategies that may support individualized sarcopenia management are discussed. Overall, this review provides an integrated perspective on inflammatory signaling in sarcopenia and outlines potential therapeutic strategies targeting the inflammatory microenvironment, offering insights for future research and clinical management.","Xuesong Wang, Shannah Erasmus, Zewen Chu, Xiaomin Tu, Tursen Alima, Yajie Tao, Lei Fang",Aging and disease,2026-08-03,2026 Aug 03,10.14336/AD.2026.0331,https://pubmed.ncbi.nlm.nih.gov/42579356/,0,,2,mitochondrial dysfunction,2,cellular senescence;senescent cells,1,skeletal muscle,0,,27.0,0.4090909090909091,45,0.4686194,73,0.4300484081432593,0.4375,0.4345193632573037,61,0,0,0,1,0,0,0,5,Moderate,pubmed_articles.csv,batch_001,canonical_literature_v1,phd_evidence_strength_v1,phd_biological_score_v1,sentence-transformers/all-MiniLM-L6-v2,pubmed_phd_priority_features_v1,,2,0,0,2,0.4345193632573037,0.6666666666666666,0.0,0.0,0.6666666666666666,0.0,38.54151104733896,138,Low
42167416,ALDH2 alleviates diabetes-induced myocardial cell senescence and electrical remodeling by regulating SIRT1.,"There is a significant association between cardiomyocyte senescence and cardiac insufficiency. Senescent myocardial cells increase the susceptibility to cardiomyopathy and arrhythmia, while diabetes accelerates myocardial cell senescence. This study aims to explore whether ALDH2 can improve diabetes-induced myocardial cell senescence and electrical remodeling and reveal the underlying mechanism. In vivo, we found that ALDH2 overexpression effectively alleviated diabetes-induced cardiomyocyte senescence and the electrical remodeling of Nav1.5. Importantly, in vivo programmed electrical stimulation revealed that ALDH2 significantly reduced ventricular tachycardia (VT) susceptibility and duration in diabetic mice. In vitro, molecular docking confirmed the binding mode between ALDH2 and SIRT1. Using high glucose-induced H9C2 cardiomyocytes, we demonstrated that ALDH2 activation restored Nav1.5 protein expression and alleviated cellular senescence via SIRT1 upregulation. This protective mechanism is closely associated with SIRT1-mediated cellular ROS clearance and mitochondrial homeostasis. In conclusion, our study provides robust in vivo evidence that targeting the ALDH2/SIRT1 axis effectively prevents diabetic myocardial senescence and fatal electrical instability. These findings highlight a promising translational strategy to reduce the risk of malignant arrhythmias and improve cardiovascular health outcomes in diabetic patients.","Lei Wang, Hui-Hui Wang, Qing Chen, Sheng-Liang Luo, Shu Fang, Zi-Han Ling, Wen-Bo Tang, Yan-Yan Wu, Fei-Yang Ma, Meng-Ran Liu, Zheng-Yu Sun, Guo-Qing Lu, Xin Tan, Ji-Li Fan, Hong-Yan Sun, Cheng-Wen Fu, Xiao-Hong Li, Bi Tang, Hong-Ju Wang, Qin Gao, Shi-Li Wu, Pin-Fang Kang",Free radical biology & medicine,2026-05-20,2026 Aug 16,10.1016/j.freeradbiomed.2026.05.297,https://pubmed.ncbi.nlm.nih.gov/42167416/,0,,2,mitochondrial homeostasis,3,cellular senescence,1,myocardial;cardiovascular,0,,33.0,0.5,19,0.4289211,90,0.3496897527132784,0.5625,0.4773759010853113,52,0,0,1,1,0,0,0,7,Moderate,pubmed_articles.csv,batch_001,canonical_literature_v1,phd_evidence_strength_v1,phd_biological_score_v1,sentence-transformers/all-MiniLM-L6-v2,pubmed_phd_priority_features_v1,,0,0,1,2,0.4773759010853113,0.6666666666666666,0.0,0.5,0.0,0.0,38.37482320465256,139,Low
42202637,FOXO family and neurodegenerative diseases: Mechanisms of action and therapeutic potential.,"Neurodegenerative diseases (NDDs) lack effective disease-modifying therapies. The FOXO transcription factors serve as integrative hubs of cellular stress responses, operating through cell-autonomous homeostasis, intercellular coordination, intracellular quality control, and cell fate decisions four hierarchical tiers. This review systematically examines isoform-specific functions: FOXO1 governs metabolic reprogramming and mitochondrial biogenesis; FOXO3 acts as the principal oxidative stress sensor with context-dependent neuroprotective or pro-apoptotic outputs; FOXO4 regulates cellular senescence; and FOXO6 maintains synaptic metabolic support. These functions vary across cell types and disease stages, with post-translational modifications determining functional transitions. FOXO proteins participate in complex interactions with disease-specific pathological proteins, either promoting clearance and repair or exacerbating neurodegeneration depending on stress intensity and chronicity. Therapeutic strategies targeting FOXO remain in preclinical and early clinical stages. Key challenges include disease stage-dependent dosing, cell-type-specific delivery, blood-brain barrier penetration, and metabolic side effects. Future directions emphasize biomarker-guided patient stratification and precision interventions aligned with the spatiotemporal dynamics of FOXO signaling. Unlike prior reviews focusing on single pathways or diseases, this work integrates isoform-specific, stage-dependent, and cell-type-resolved FOXO functions into a unifying hierarchical framework.","Zhengxiang Lv, Xiaodong Liu, Zhiwei Zhou, Qin Huang, Haijun Liu, Zucai Xu, Ping Xu",Redox biology,2026-05-21,2026 Jul,10.1016/j.redox.2026.104218,https://pubmed.ncbi.nlm.nih.gov/42202637/,0,,2,mitochondrial biogenesis,1,cellular senescence,0,,0,,18.0,0.2727272727272727,99,0.53903484,83,0.6304970077197583,0.375,0.4771988030879033,105,0,0,1,0,0,0,0,2,Moderate,,batch003,,,,,,FOXO family and neurodegenerative diseases: Mechanisms of action and therapeutic potential.,0,0,1,2,0.4771988030879033,0.6666666666666666,0.0,0.5,0.0,0.0,38.36862477474328,140,Low
42577358,Aging-related metabolic dysregulation in osteoporosis: mechanisms and therapeutic strategies.,"PURPOSE OF REVIEW: This review aims to summarize recent advances in the mechanistic understanding of senile osteoporosis, with particular focus on the interconnected roles of cellular senescence, metabolic dysfunction, and systemic homeostatic imbalance in age-related skeletal degeneration. RECENT FINDINGS: Emerging evidence indicates that senile osteoporosis is not driven solely by age-related hormonal decline, but by a complex network of biological processes involving senescence of bone marrow mesenchymal stem cells, accumulation of the senescence-associated secretory phenotype, mitochondrial dysfunction, oxidative stress, chronic low-grade inflammation, and disturbances in glucose and lipid metabolism. These alterations disrupt bone remodeling through key signaling pathways, including RANKL/OPG, Wnt/β-catenin, AMPK/SIRT1, NF-κB, and PI3K/Akt/mTOR. Together, these mechanisms impair osteogenesis, enhance osteoclastogenesis, deteriorate bone microarchitecture, and increase skeletal fragility. This broader pathophysiological framework may explain why conventional antiresorptive therapies, although effective in reducing bone resorption, often fail to fully restore the structural and functional deficits of the aging skeleton. SUMMARY: Senile osteoporosis should be viewed as a systemic aging-related disorder involving both deterioration of the local bone microenvironment and whole-body metabolic dysregulation. Current evidence-based pharmacological treatments, including bisphosphonates, denosumab, teriparatide, abaloparatide, and romosozumab, remain central to fracture prevention and bone mass preservation. However, these interventions do not fully reverse the biological processes of skeletal aging. Emerging strategies targeting cellular senescence, the senescence-associated secretory phenotype, mitochondrial dysfunction, oxidative stress, nutrient-sensing pathways, and gut microbiota are under active investigation and may complement established therapies in the future. A clearer distinction between approved anti-osteoporotic drugs and experimental geroscience-based interventions is essential for translating mechanistic insights into clinically meaningful treatment strategies.","Ruifeng Bai, Zishuai Huang, Xuan Tian, Yikai Liu, Yan Wang, Yu Su, Minjuan Li, Cheng Cheng, Jun Wu, Yejun Zha, Shuai Lu",Frontiers in aging,2026-07-27,2026,10.3389/fragi.2026.1886673,https://pubmed.ncbi.nlm.nih.gov/42577358/,0,,2,mitochondrial dysfunction,2,cellular senescence,0,,0,,24.0,0.3636363636363636,59,0.6191454,23,0.7974852180718208,0.5,0.6189940872287283,49,0,0,0,1,0,0,0,5,High,,batch003,,,,,,Aging-related metabolic dysregulation in osteoporosis: mechanisms and therapeutic strategies.,0,0,0,2,0.6189940872287283,0.6666666666666666,0.0,0.0,0.0,0.0,38.331459719672154,141,Low
42465040,Stress-response exhaustion in intervertebral disc degeneration.,"Intervertebral disc degeneration (IVDD) is commonly framed as the cumulative result of extracellular matrix loss, inflammatory activation, oxidative damage, cellular senescence and cell death. This formulation is useful, but it also fragments the disease into parallel mechanisms and obscures a central paradox: nucleus pulposus and annulus fibrosus cells normally reside in a microenvironment that would be hostile to most mammalian cells. The healthy disc is avascular, diffusion limited, hypoxic, glycolytic, relatively acidic and mechanically loaded. These features are not simply pathological insults; they are defining ecological constraints to which disc cells are continuously adapted. Here we propose that IVDD can be productively reframed as a process of stress-response exhaustion. In this view, degeneration begins when the adaptive systems that maintain disc cell viability and matrix homeostasis under chronic microenvironmental stress lose amplitude, flexibility or recovery capacity. Hypoxia-inducible factor signalling, AMPK-mTOR metabolic sensing, autophagy and mitophagy, unfolded-protein and integrated stress responses, and redox buffering are initially protective. With ageing, endplate dysfunction, nutrient diffusion failure, acidosis, abnormal mechanical loading and organelle damage, these same systems can become insufficient or maladaptive, creating a degenerative tipping point. Downstream consequences include senescence, sterile inflammation, cell death, matrix collapse and neuroimmune conversion to painful disease. This framework does not replace established mechanisms of IVDD; rather, it orders them along a temporal axis from adaptation to exhaustion. It also suggests stage-specific therapeutic logic: preserve adaptive reserve early, prevent stress-response collapse, suppress senescence and sterile inflammation, and target neuroimmune sensitization in painful degeneration.","Jinghui Song, Tao Chen, Liang Ma",Frontiers in cell and developmental biology,2026-07-02,2026,10.3389/fcell.2026.1898234,https://pubmed.ncbi.nlm.nih.gov/42465040/,0,,2,mitophagy,1,cellular senescence,0,,0,,18.0,0.2727272727272727,99,0.53449404,86,0.6210318377650526,0.375,0.473412735106021,106,0,0,1,0,0,0,0,2,Moderate,,batch003,,,,,,Stress-response exhaustion in intervertebral disc degeneration.,0,0,1,2,0.473412735106021,0.6666666666666666,0.0,0.5,0.0,0.0,38.2361123953774,142,Low
42378907,Senotherapeutic strategies for ovarian aging: Mechanistic insights and translational perspectives.,"Ovarian aging manifests as progressive depletion of the primordial follicle reserve and declining oocyte quality, culminating in menopause and associated systemic comorbidities. Cellular senescence emerges as a central driver of this process, exerting effects through cell-cycle arrest pathways and a proinflammatory senescence-associated secretory phenotype (SASP) that disrupts the follicular niche and stromal architecture. However, current senolytic and senomorphic interventions for ovarian aging remain largely at the mechanistic and preclinical stages, and their translational potential in humans is still uncertain. This review synthesizes the molecular hallmarks of ovarian senescence-encompassing genomic instability, mitochondrial dysfunction, dysregulated nutrient sensing (PI3K/AKT/mTOR), proteostatic failure, epigenetic drift, and inflammasome activation-into a unified framework for therapeutic intervention. We critically evaluate the preclinical efficacy of senolytics (eg, dasatinib + quercetin, navitoclax, fisetin), and senomorphics (eg, rapamycin, metformin, melatonin, NLRP3 inhibitors) in preserving ovarian reserve, mitigating SASP-driven inflammation and fibrosis, and extending reproductive lifespan. Emphasis is placed on multimodal biomarkers (AMH, AFC, SASP analytes, follicular fluid signatures, exosomal RNAs) essential for clinical translation, alongside ovary-directed delivery systems to enhance specificity and safety. By bridging ovarian geroscience with emerging senotherapeutics, this review charts a roadmap for advancing these strategies from bench to bedside, offering potential to combat ovarian aging and safeguard women's reproductive and systemic health.","Alaa M Alsirhani, Mohammad El-Nablaway, Tarek A Yousef, Yaser Hosny Ali Elewa, Tahani M I Al-Hazani",Current opinion in pharmacology,2026-06-17,2026 Aug,10.1016/j.coph.2026.102646,https://pubmed.ncbi.nlm.nih.gov/42378907/,0,,2,mitochondrial dysfunction,2,cellular senescence,0,,0,,24.0,0.3636363636363636,59,0.6114069,33,0.781354532356861,0.5,0.6125418129427445,50,0,0,0,1,0,0,0,5,High,,batch003,,,,,,Senotherapeutic strategies for ovarian aging: Mechanistic insights and translational perspectives.,0,0,0,2,0.6125418129427445,0.6666666666666666,0.0,0.0,0.0,0.0,38.10563011966272,143,Low
42602249,Corticotropin-releasing factor (CRF) in brain aging: from mitochondrial dysfunction to inflammaging.,"Aging is a complex biological process. The corticotropin-releasing factor (CRF) signaling pathway has gained increasing attention for its potential role in regulating aging, acting as a key bridge connecting neuroendocrine stress mechanisms with both central and peripheral aging processes. As a core neuropeptide of the stress response, CRF primarily mediates downstream effects through its type 1 receptor (CRFR1), while its type 2 receptor (CRFR2) may play a modulatory, often opposing, role. Evidence from preclinical models indicates that excessive CRF signaling is associated with mitochondrial dynamics imbalance and biogenesis defects, leading to overproduction of reactive oxygen species (ROS) and mitochondrial DNA damage. These damaged mitochondria can subsequently release damage-associated molecular patterns (DAMPs), which activate innate immune pathways and may trigger a chronic low-grade inflammatory state, ultimately contributing to cellular senescence. Elucidating the cascading mechanisms by which CRF signaling could drive aging-from mitochondrial dysfunction to chronic inflammation-is essential for understanding the molecular basis of stress-accelerated aging. This review aims to systematically integrate research advances at the intersection of the CRF signaling pathway and aging hallmarks, focusing on a proposed ""CRF-mitochondrial dysfunction-inflammation-aging"" axis. We explore this regulatory network and its clinical translational potential to provide a theoretical foundation for unraveling the molecular mechanisms of stress-driven aging and identifying novel intervention targets.","Mengting Yan, Linrui Hua, Jufu Jiang, Jingyi Wu, Ziyan Zeng, Yun He, Yuncai Chen",Frontiers in aging neuroscience,2026-07-31,2026,10.3389/fnagi.2026.1880569,https://pubmed.ncbi.nlm.nih.gov/42602249/,0,,2,mitochondrial dynamics;mitochondrial dysfunction,1,cellular senescence,0,,0,,18.0,0.2727272727272727,99,0.52590466,91,0.6031275166089678,0.375,0.4662510066435871,107,0,0,1,0,0,0,0,2,Moderate,,batch003,,,,,,Corticotropin-releasing factor (CRF) in brain aging: from mitochondrial dysfunction to inflammaging.,0,0,1,2,0.4662510066435871,0.6666666666666666,0.0,0.5,0.0,0.0,37.98545189919221,144,Low
42650863,"Pyrroloquinoline Quinone (PQQ) as a Mitochondrial Rejuvenation Strategy in Aesthetic Dermatology: Mechanisms, Therapeutic Potential, and Future Clinical Applications.","BACKGROUND: Mitochondrial dysfunction is increasingly recognized as a central contributor to intrinsic skin aging, photoaging, cellular senescence, impaired extracellular-matrix homeostasis, dysregulated pigmentation, and delayed recovery after energy-based or minimally invasive procedures. Pyrroloquinoline quinone (PQQ) is a redox-active ortho-quinone that has attracted interest because it can participate in repeated redox cycling, protect mitochondrial function, and activate signaling associated with mitochondrial biogenesis. OBJECTIVE: This narrative review evaluates the mechanistic basis, available dermatologic evidence, translational opportunities, and major uncertainties surrounding PQQ as a mitochondrial rejuvenation strategy in aesthetic dermatology. METHODS: PubMed/MEDLINE and Europe PMC were searched from database inception through 10 August 2026 using PQQ-, mitochondrial-, skin-, delivery-, and safety-related terms; reference lists were also screened. Mechanistic, preclinical, skin-focused, human, and regulatory evidence was synthesized narratively. RESULTS: Experimental studies support PQQ-mediated activation of mitochondrial biogenesis pathways and protection against oxidative injury in several cell and animal systems. Skin-specific evidence includes attenuation of oxidative stress, DNA damage, senescence markers, and matrix metalloproteinases in accelerated-aging mouse models; protection of UVA-exposed human dermal fibroblasts; suppression of UVB-induced caspase-1 release in keratinocytes; a small oral dry-skin study; and a multi-ingredient topical study containing an allyl PQQ derivative. These studies do not establish PQQ-specific clinical aesthetic efficacy. CONCLUSION: PQQ is a biologically plausible mitochondrial-support compound, but it should currently be regarded as an investigational ingredient rather than an established aesthetic treatment. Carefully designed formulation, toxicology, dose-finding, biomarker, and randomized clinical studies are required before claims regarding wrinkle reduction, pigment improvement, enhanced collagen production, or accelerated post-procedure recovery can be justified.",Kyu-Ho Yi,Biomolecules,2026-08-17,2026 Aug 17,10.3390/biom16081197,https://pubmed.ncbi.nlm.nih.gov/42650863/,0,,2,mitochondrial biogenesis;mitochondrial dysfunction,3,cellular senescence,0,,0,,30.0,0.4545454545454545,33,0.46114078,77,0.4149099299799181,0.5,0.4659639719919672,55,0,0,1,1,0,0,0,7,Moderate,pubmed_articles.csv,batch_001,canonical_literature_v1,phd_evidence_strength_v1,phd_biological_score_v1,sentence-transformers/all-MiniLM-L6-v2,pubmed_phd_priority_features_v1,,0,0,1,2,0.4659639719919672,0.6666666666666666,0.0,0.5,0.0,0.0,37.975405686385514,145,Low
42402137,A Melatonin-Catechol Hybrid Molecule Prolongs Lifespan via Regulating ROS and Reprogramming Mitochondrial Metabolism.,"Modulation of mitochondrial dynamics is a viable strategy for lifespan extension. Reactive oxygen species (ROS) play key roles in aging, acting either as signaling molecules to facilitate longevity-associated processes or as stimulators of oxidative stress, exerting deleterious effects on physiological functions. The hybrid molecule MC1 is designed by integrating melatonin and catechol moieties to reconstruct mitochondrial dynamics and selectively regulate the generation of ROS. MC1 combats cell senescence under oxidative stress and DNA damage, and reprograms the mitochondrial energy metabolism by inhibiting the tricarboxylic acid cycle and glycolysis, while initiating fatty acid oxidation to increase energy production. More importantly, MC1 significantly extends the lifespan of Caenorhabditis elegans, accompanied by an improvement in muscle strength and physiological functions. The lifespan-extending effect of MC1 arises from its intervention in mitochondrial membrane fusion, the electron transport chain, and differential modulation of ROS. Regulating mitochondrial dynamics and ROS production shows great potential for longevity extension.","Chengyuan Qian, Yunhua Zhang, Xiaofeng Dang, Yating Shao, Chengyan Chu, Zijian Guo, Chen Xu, Xiaoyong Wang",Journal of medicinal chemistry,2026-07-05,2026 Jul 23,10.1021/acs.jmedchem.6c01052,https://pubmed.ncbi.nlm.nih.gov/42402137/,0,,2,mitochondrial dynamics,0,,0,,0,,12.0,0.1818181818181818,136,0.61313343,32,0.7849534356078075,0.25,0.463981374243123,108,0,0,1,0,0,0,0,2,Moderate,,batch003,,,,,,A Melatonin-Catechol Hybrid Molecule Prolongs Lifespan via Regulating ROS and Reprogramming Mitochondrial Metabolism.,0,0,1,2,0.463981374243123,0.6666666666666666,0.0,0.5,0.0,0.0,37.906014765175975,146,Low
42274271,The aging paradox of Cushing's syndrome: Stress without clear senescence?,"Cushing's syndrome (CS), characterized by chronic endogenous hypercortisolism and disruption of the normal circadian cortisol rhythm, represents a unique human model for investigating the interplay between stress endocrinology and biological aging. Glucocorticoid excess drives multiple convergent aging pathways: it suppresses telomerase activity and may accelerate telomere attrition, induces durable epigenetic remodeling, including hypomethylation of stress-responsive genes such as FKBP5, TET-mediated DNA hydroxymethylation changes, and broad dysregulation of circadian clock loci, and promotes telomere-independent senescence through mitochondrial dysfunction, oxidative stress, and cytokine-driven inflammation. These observations underpin a proposed dual-pathway model of glucocorticoid-accelerated aging, in which direct telomerase suppression and indirect epigenomic remodeling converge on common hallmarks of cellular senescence. However, clinical evidence remains heterogeneous and inconclusive: studies of leukocyte telomere length in CS report discrepant results attributable to assay platform differences, failure to correct for glucocorticoid-induced lymphopenia, small sample sizes, and predominant reliance on cross-sectional designs. Epigenetic clocks capable of quantifying biological age acceleration, particularly second-generation tools such as GrimAge and DunedinPACE, have not yet been applied to CS cohorts, representing a critical evidence gap. Furthermore, virtually all molecular aging measurements in CS have been performed in peripheral blood, leaving the causal chain from glucocorticoid excess to organ-level aging and excess mortality empirically unproven. Rather than a definitive null result, this paradox reveals that CS is an underexplored natural experiment: the syndrome's defined onset, quantifiable cortisol exposure, and surgically curable course offer a unique before-after design for testing whether stress-induced endocrine disruption genuinely accelerates biological aging through telomere and epigenetic mechanisms.","Israel Nunes Silveira, Alexandro Guterres",Journal of neuroendocrinology,,2026 Jun,10.1111/jne.70213,https://pubmed.ncbi.nlm.nih.gov/42274271/,0,,2,mitochondrial dysfunction,3,cellular senescence,0,,0,,30.0,0.4545454545454545,32,0.51232326,101,0.5748174700923099,0.625,0.6049269880369239,51,0,0,0,1,0,0,0,5,High,,batch003,,,,,,The aging paradox of Cushing's syndrome: Stress without clear senescence?,0,0,0,2,0.6049269880369239,0.6666666666666666,0.0,0.0,0.0,0.0,37.839111247959,147,Low
41819219,"Renal inflammaging: Mechanisms, pathophysiology and therapeutic prospects.","The ageing global population faces a rising prevalence of chronic kidney disease (CKD), now recognized as a state of accelerated ageing driven by chronic low-grade inflammation-inflammaging. This review synthesizes current evidence positioning the kidney not merely as a passive target but as an active participant in systemic inflammaging, a process fueled by immunosenescence, metabolic reprogramming, and cellular senescence. We explore how resident renal cells, including tubular epithelial cells, podocytes, and mesangial cells, adopt a senescence-associated secretory phenotype (SASP) that perpetuates inflammation, fibrosis, and functional decline. Key mechanisms (NLRP3 inflammasome activation, mitochondrial dysfunction, epigenetic alterations, and gut-kidney crosstalk) are discussed in the context of specific renal pathologies, including diabetic nephropathy, acute kidney injury (AKI) to CKD transition, and CKD progression. Emerging diagnostic tools such as senescence and epigenetic clocks, single-cell signatures and extracellular vesicle biomarkers are evaluated for patient stratification, alongside promising therapeutic strategies, including senolytics, SASP neutralization, immunometabolic modulators (e.g., SGLT2 inhibitors), and lifestyle interventions. We conclude with a forward-looking research agenda that prioritizes high-resolution molecular atlases, biomarker-driven trials, and combinatorial therapies to target renal inflammaging and improve health span in an ageing world.","Jing Yan, Fuying Zhao, Ruitong Zhang, Hongyi Wu, Jianheng Lyu, Liye Shi, Huaqin Wang",Ageing research reviews,2026-03-10,2026 Jun,10.1016/j.arr.2026.103098,https://pubmed.ncbi.nlm.nih.gov/41819219/,0,,2,mitochondrial dysfunction,2,cellular senescence,1,kidney,0,,27.0,0.4090909090909091,55,0.54499197,79,0.6429144777453651,0.5625,0.5946657910981461,56,0,0,0,1,0,0,0,5,High,,batch003,,,,,,"Renal inflammaging: Mechanisms, pathophysiology and therapeutic prospects.",0,0,0,2,0.5946657910981461,0.6666666666666666,0.0,0.0,0.0,0.0,37.47996935510178,148,Low
42501399,Turritopsis nutricula-Inspired Engineered Biomimetic Skin Promoting Aged Wound Repair via DAZAP1 Phase Separation-Related Mitochondrial Metabolism Reprogramming.,"Aging-associated wound healing deficiency causes a variety of health complications and makes both economic and psychological burdens on patients greatly, with current therapies failing to address underlying pathophysiology and aging-related impairments. Inspired by Turritopsis nutricula, we directly fabricated biomimetic skin matrix (BSM) from human adipose tissue (AT) by decellularization, then incorporated with amino-functionalized apoptotic bodies (FABs) to construct a biomimetic skin (BSM@FABs). BSM@FABs effectively displayed high fibroblast affinity while reversing cellular senescence, accelerating migration, and stimulating neovascularization in aged wounds. Mechanistically, we identified a pioneering DAZAP1 liquid-liquid phase separation (LLPS) triggered by BSM@FABs. These biomolecular condensates in the LLPS process enhanced tricarboxylic acid (TCA) cycle flux and oxidative phosphorylation (OXPHOS), concomitant with suppressed glycolysis and reduced mitochondrial reactive oxygen species, thereby resolving aging-impaired mitochondrial dysfunction. Our work introduces a novel LLPS-targeted strategy for aged wound treatment by reprogramming mitochondrial energy metabolism.","Chen Liang, Yu Cheng, Zhuoyuan Li, Ao Zheng, Xiujun Fu, Weian Zhang, Lingyan Cao, Chen Wang","Advanced materials (Deerfield Beach, Fla.)",2026-07-25,2026 Jul 25,10.1002/adma.74352,https://pubmed.ncbi.nlm.nih.gov/42501399/,0,,2,mitochondrial dysfunction,1,cellular senescence,2,fibroblast,0,,24.0,0.3636363636363636,59,0.414415,140,0.3707304543969453,0.5,0.4482921817587781,115,0,0,0,0,1,0,0,3,Moderate,,batch003,,,,,,Turritopsis nutricula-Inspired Engineered Biomimetic Skin Promoting Aged Wound Repair via DAZAP1 Phase Separation-Related Mitochondrial Metabolism Reprogramming.,0,0,0,2,0.4482921817587781,0.6666666666666666,0.0,0.0,0.0,1.0,37.3568930282239,149,Low
42276417,Age-related dry eye disease: Redefining a distinct subtype driven by aging.,"Dry eye disease (DED) is highly prevalent in older adults and represents a growing public health burden in aging societies. Although age is a well-recognized risk factor for DED, it is still often treated as a background variable rather than an active biological driver of disease. Emerging evidence indicates that aging itself promotes progressive structural remodeling and functional decline across multiple ocular surface tissues, giving rise to a distinct, aging-driven DED phenotype. In this review, we synthesize current knowledge on how biological aging disrupts ocular surface homeostasis at tissue, cellular, and molecular levels. We describe age-associated changes in the lacrimal gland (LG), meibomian gland (MG), cornea, and conjunctiva, including secretory cell exhaustion, lipid dysregulation, epithelial barrier impairment, neural degeneration, and goblet cell (GC) loss. These structural changes are tightly linked to core aging mechanisms such as cellular senescence, oxidative stress, mitochondrial dysfunction, inflammaging, neuroendocrine imbalance, and stem/progenitor cell decline. Importantly, these processes interact as an integrated network, creating a self-reinforcing cycle of tear film instability, chronic low-grade inflammation, and impaired tissue repair that differs mechanistically from environmentally induced or autoimmune forms of DED. By reframing aging as a central pathogenic driver and considering age-related DED as a distinct subtype, this perspective highlights the need for mechanism-informed therapeutic strategies. Beyond conventional lubrication and anti-inflammatory therapy, interventions targeting oxidative stress, cellular senescence, inflammaging, neurosensory dysfunction, and hormonal alterations may offer more fundamental disease modification in elderly patients.","Ziran Zhang, Yuying Yuan, Yiru He, Kaiyi Chi, Hao Zeng, Yuqing Deng, Bowen Wang, Honghua Yu, Virginia L Calder, Jin Yuan, Xin Zuo",The ocular surface,2026-06-11,2026 Jul,10.1016/j.jtos.2026.06.011,https://pubmed.ncbi.nlm.nih.gov/42276417/,0,,2,mitochondrial dysfunction,3,cellular senescence,0,,0,,30.0,0.4545454545454545,32,0.49444246,110,0.5375454451350113,0.625,0.5900181780540046,60,0,0,0,1,0,0,0,5,High,,batch003,,,,,,Age-related dry eye disease: Redefining a distinct subtype driven by aging.,0,0,0,2,0.5900181780540046,0.6666666666666666,0.0,0.0,0.0,0.0,37.317302898556825,150,Low
42683053,Spatial niche remodeling of senescent liver-resident immune cells and its role in chronic liver diseases.,"The liver serves the triple functions of metabolism, detoxification, and immune surveillance. Its unique immune microenvironment is shaped by continuous exposure to gut-derived antigens, pathogen-associated molecular patterns (PAMPs), and metabolites arriving via the portal vein, necessitating a delicate equilibrium between immune tolerance and effector activation. This equilibrium relies on the coordinated activities of diverse liver-resident immune cell populations-including Kupffer cells (KCs), liver sinusoidal endothelial cells (LSECs), hepatic stellate cells (HSCs), dendritic cells (DCs), tissue-resident memory T cells (TRM), innate-like T cells, including mucosal-associated invariant T (MAIT) cells, natural killer T (NKT) cells, and γδ T cells, innate lymphoid cells (ILCs, encompassing conventional NK cells and helper ILC subsets), and neutrophils. With advancing age and chronic injury, these resident immune cell populations undergo profound senescence-associated phenotypic reprogramming that is spatially organized along the portal-to-central axis of the hepatic lobule. Key mechanisms include: telomere dysfunction and DNA damage accumulation driving persistent activation of p53/p21 and p16/Rb pathways; mitochondrial dysfunction with mitochondrial DNA (mtDNA) leakage fueling the senescence-associated secretory phenotype (SASP) via the cyclic GMP-AMP synthase (cGAS)-stimulator of interferon genes (STING) pathway; epigenetic age acceleration, including genome-wide H3K27me3 heterochromatinization; and metabolic reprogramming toward glycolysis and lipid accumulation. This review proposes a ""spatial niche remodeling"" framework to integrate these cell-intrinsic senescence programs with their lobular context, intercellular communication network rewiring, and pathogenic roles across the spectrum of chronic liver disease-from steatosis through steatohepatitis, fibrosis, cirrhosis, to hepatocellular carcinoma. We critically evaluate emerging senotherapeutic strategies targeting specific liver-resident immune cell subsets, discuss the barriers to clinical translation, and identify priority areas for future investigation, including the application of spatial multi-omics, humanized models, and epigenetic clock-guided clinical trials.","Fukang Mao, Keji Shan",Frontiers in medicine,2026-08-18,2026,10.3389/fmed.2026.1899423,https://pubmed.ncbi.nlm.nih.gov/42683053/,0,,2,mitochondrial dysfunction,0,,0,,0,,12.0,0.1818181818181818,91,0.3586642,98,0.2074733349150698,0.125,0.1579893339660279,98,0,0,0,0,0,0,0,0,Low,pubmed_articles.csv,batch_001,canonical_literature_v1,phd_evidence_strength_v1,phd_biological_score_v1,sentence-transformers/all-MiniLM-L6-v2,pubmed_phd_priority_features_v1,,2,0,0,3,0.1579893339660279,1.0,0.0,0.0,0.6666666666666666,0.0,37.196293355477636,151,Low
42652250,Ferroptosis-Senescence Crosstalk in Sepsis-Associated Acute Lung Injury: Mechanisms and Therapeutic Opportunities.,"Sepsis-associated acute lung injury (SALI) is characterized by disruption of the alveolar-capillary barrier, uncontrolled inflammation, oxidative stress, and impaired tissue repair. Ferroptosis and cellular senescence have emerged as potentially interacting stress-response programs that may jointly shape the progression of septic lung injury. Ferroptosis promotes epithelial and endothelial damage through iron-dependent lipid peroxidation, glutathione depletion, and impaired GPX4-mediated lipid repair. In parallel, senescence-associated remodeling may contribute to persistent cell-cycle arrest, senescence-associated secretory phenotype (SASP) production, endothelial dysfunction, and defective regenerative capacity. This review summarizes current evidence on the molecular and cellular crosstalk between ferroptosis and cellular senescence in SALI. Candidate regulatory intersections include context-dependent mitochondrial dysfunction, reactive oxygen species accumulation, iron dyshomeostasis, metabolic reprogramming, lysosomal dysfunction, DNA-damage responses, and stress-responsive pathways involving p53, NRF2, ATF4, STAT3, and FOXO1. Direct SALI evidence is currently strongest for ferroptosis-induced senescence-associated remodeling in pulmonary endothelial cells, whereas senescence-associated ferroptosis resistance is supported mainly by non-pulmonary models. Likewise, SASP-mediated paracrine ferroptosis in neighboring pulmonary cells remains insufficiently validated. We therefore propose an evidence-informed, temporally and cell-type-dependent ferroptosis-senescence framework in SALI, in which acute senescence-associated responses may coexist with ferroptotic injury, whereas persistent senescence-associated remodeling may contribute to defective repair and microenvironmental injury amplification. Targeting this axis through ferroptosis inhibition, restoration of endogenous antioxidant defenses, senotherapeutic modulation, and regenerative strategies may offer stage-informed therapeutic opportunities. Further time-resolved and cell-specific studies are required to define causal relationships and clinically actionable therapeutic windows.","Renwei Luo, Qingyun Chen, Jiaxing Wang, Zhihao Nie, Lingxuan Dan, Songping Xie",Biomedicines,2026-08-21,2026 Aug 21,10.3390/biomedicines14081869,https://pubmed.ncbi.nlm.nih.gov/42652250/,0,,2,mitochondrial dysfunction,3,cellular senescence,0,,0,,30.0,0.4545454545454545,33,0.6096559,18,0.7155393109413763,0.5,0.5862157243765506,22,0,0,0,1,0,0,0,5,High,pubmed_articles.csv,batch_001,canonical_literature_v1,phd_evidence_strength_v1,phd_biological_score_v1,sentence-transformers/all-MiniLM-L6-v2,pubmed_phd_priority_features_v1,,0,0,0,2,0.5862157243765506,0.6666666666666666,0.0,0.0,0.0,0.0,37.18421701984593,152,Low
42251437,Mechanistic understanding of female reproductive aging based on the chicken model.,"Female reproductive aging is a fundamental biological process characterized by a progressive decline in ovarian function, oocyte quality, and endocrine homeostasis, ultimately leading to reduced fertility and increased susceptibility to age-related diseases. Accumulating evidence indicates that reproductive aging is not merely a passive consequence of time but rather a tightly regulated process governed by complex genetic, epigenetic, and metabolic mechanisms. However, mechanistic dissection and translational exploration of female reproductive aging remain constrained by the limited availability of suitable animal models that faithfully recapitulate the human reproductive trajectory. In this review, we synthesize the current advances in understanding the molecular regulatory networks underlying female reproductive aging, with particular emphasis on key signaling pathways, cellular senescence, epigenetic regulation, hormonal control, and mitochondrial dysfunction coupled with oxidative stress. We highlight how the dysregulation of these interconnected mechanisms contributes to ovarian reserve depletion, follicular atresia, and declining oocyte competence across species. We propose that laying hens are a powerful and underutilized model for studying female reproductive aging. Laying hens exhibit a well-defined and highly reproducible reproductive lifespan characterized by distinct phases of peak and declining reproductive output, closely paralleling the age-related fertility decline in women. At the molecular level, hens share conserved regulatory features with humans, including hormonal signaling via the hypothalamic-pituitary-ovarian axis, age-associated oxidative stress, mitochondrial dysfunction, and epigenetic modulation of reproductive tissues. The daily ovulation cycle, measurable reproductive output, and responsiveness to metabolic and environmental interventions in hens further facilitate high-resolution and high-throughput investigations into aging-related mechanisms. By integrating evidence from human studies, mammalian models, and avian systems, this review highlights the translational value of laying hens in elucidating conserved genetic and epigenetic drivers of female reproductive aging. We discuss the current limitations and future perspectives for cross-species validation and multi-omics integration, aiming to facilitate the identification of actionable targets for delaying reproductive aging and improving female reproductive health.","Junnan Zhang, Mingyue Gao, Congjiao Sun, Ning Yang",Journal of animal science and biotechnology,2026-06-07,2026 Jun 07,10.1186/s40104-026-01435-6,https://pubmed.ncbi.nlm.nih.gov/42251437/,0,,2,mitochondrial dysfunction,1,cellular senescence,0,,0,,18.0,0.2727272727272727,99,0.43718654,135,0.4181970894018737,0.375,0.3922788357607495,134,0,0,0,0,0,0,0,0,Moderate,,batch003,,,,,,Mechanistic understanding of female reproductive aging based on the chicken model.,2,0,0,2,0.3922788357607495,0.6666666666666666,0.0,0.0,0.6666666666666666,0.0,37.06309258495956,153,Low
42360208,Molecular and Cellular Hallmarks of Age-Related Vestibular Hair Cell Degeneration.,"Age-related vestibular dysfunction (ARVD) is a prevalent and debilitating condition among the elderly, yet its etiology and underlying molecular mechanisms remain poorly understood. We focused on mechanosensitive hair cells (HCs), which are widely recognized as susceptible to aging. Using single-cell RNA-seq transcriptomic analysis of young and old mice, we show that old vestibular HCs exhibit conserved transcriptomic hallmarks of cellular aging, including cellular senescence, mitochondrial dysfunction, and impaired proteostasis, along with prominent cell type-specific changes linked to hair bundle architecture and the mechanotransduction machinery. Consistent with these transcriptomic findings, imaging and electrophysiological recordings from old vestibular sensory epithelia reveal hair bundle degeneration and reduced mechanotransduction activity. Importantly, this structural and functional deterioration precedes HC loss, underscoring impaired hair bundle function as a key driver of ARVD. Furthermore, our comparative analysis identifies both shared and distinct aging signatures in vestibular and cochlear HCs, providing broader insight into the mechanisms that may underlie their different rates of age-related degeneration.","Samadhi Kulasooriya, Huizhan Liu, Sarath Vijayakumar, Celia Bloom, Zhenhang Xu, Shu Tu, Benjamin J Borgmeier, Mi Zhou, Litao Tao, Bechara Kachar, David Z He","Advanced science (Weinheim, Baden-Wurttemberg, Germany)",2026-06-26,2026 Jun 26,10.1002/advs.76340,https://pubmed.ncbi.nlm.nih.gov/42360208/,0,,2,mitochondrial dysfunction,1,cellular senescence,0,,1,transcriptomics,21.0,0.3181818181818182,81,0.50401044,105,0.557489630481916,0.4375,0.4854958521927664,102,0,0,0,0,0,0,0,0,Moderate,,batch003,,,,,,Molecular and Cellular Hallmarks of Age-Related Vestibular Hair Cell Degeneration.,1,0,0,2,0.4854958521927664,0.6666666666666666,0.0,0.0,0.3333333333333333,0.0,36.99235482674682,154,Low
42468696,Manganese overload as a previously underappreciated trigger of cellular senescence: Unraveling mechanisms and therapeutic rescue by the senolytic quercetin.,"Manganese (Mn) is an essential trace element, but excessive Mn exposure is associated with neurotoxicity and aging-related dysfunction. Whether Mn overload promotes cellular senescence and the mechanisms involved remain insufficiently defined. Here, we investigated Mn-induced senescence-associated injury using Caenorhabditis elegans and neuron-like PC12 cells. Mn exposure shortened lifespan, impaired locomotor behavior, altered dopaminergic neuronal signals, and increased senescence-associated β-galactosidase activity in C. elegans. In PC12 cells, Mn induced senescence-associated phenotypes, including reduced viability, enhanced β-galactosidase positivity, telomere attrition, p53/p21 activation, oxidative stress, mitochondrial dysfunction, DNA damage-related alterations, inflammatory responses, and activation of interferon genes (STING)-related signaling. Quercetin, as a senolytic, attenuated Mn-induced oxidative, mitochondrial, inflammatory, and senescence-associated changes, while STING inhibition partially alleviated cell injury and β-galactosidase positivity. These findings suggest the involvement of STING-related signaling in Mn-induced senescence-associated changes and suggest that this process may be pharmacologically attenuated.","Zehua Tao, Chongyang Guo, Siyu Xu, Xiang Xiao, Bobo Yang, Suhua Wang, Anatoly V Skalny, Alexey A Tinkov, Michael Aschner, Rongzhu Lu",Neurotoxicology,2026-07-17,2026 Sep,10.1016/j.neuro.2026.103528,https://pubmed.ncbi.nlm.nih.gov/42468696/,0,,2,mitochondrial dysfunction,3,cellular senescence,0,,0,,30.0,0.4545454545454545,33,0.6004194,21,0.6968424720117744,0.5,0.5787369888047098,24,0,0,0,1,0,0,0,5,High,pubmed_articles.csv,batch_001,canonical_literature_v1,phd_evidence_strength_v1,phd_biological_score_v1,sentence-transformers/all-MiniLM-L6-v2,pubmed_phd_priority_features_v1,,0,0,0,2,0.5787369888047098,0.6666666666666666,0.0,0.0,0.0,0.0,36.922461274831505,155,Low
42501684,Cadmium induces renal injury via a BMAL1-dependent inflammatory and senescence cascade: Attenuation by Lycium barbarum polysaccharide and melatonin.,"Cadmium (Cd) exposure induces renal injury by triggering inflammation, cellular senescence, and fibrosis. BMAL1, a core component of the circadian clock, participates in the regulation of cellular stress responses. Lycium barbarum polysaccharide (LBP) and melatonin (MT) possess anti-ageing and anti-inflammatory activities. However, their effect on Cd-induced nephrotoxicity has not yet been elucidated. In this study, wild-type and Bmal1-deficient mice were exposed to Cd for 8 weeks. For protective effect experiments, mice were treated with Cd exposure alone or in combination with LBP and MT. Our analysis revealed that chronic Cd exposure induces renal dysfunction and cellular senescence, accompanied by marked upregulation of BMAL1. Genetic ablation of Bmal1 further aggravated Cd-induced renal injury by increasing Cd accumulation, aggravating mitochondrial dysfunction, enhancing the activation of the NLRP3 inflammasome, senescence pathways, and fibrotic signaling. LBP or MT alone attenuated Cd-induced renal damage, whereas combined administration conferred the most robust protection, improving renal function, preserving mitochondrial homeostasis, suppressing inflammatory activation, alleviating cellular senescence, and reducing collagen deposition. Notably, the protective effects of LBP and MT were associated with modulation of BMAL1 signaling. Together, these data suggest that BMAL1 is an important modulator of Cd-induced inflammatory and senescence responses in the kidney, and demonstrate that LBP plus MT provides superior mitigation of Cd nephrotoxicity.","Gengsheng Yu, Xiaohui Fu, Dehui Zhou, Yonggang Ma, Hui Zou, Ruilong Song, Jianchun Bian, Zongping Liu, Xishuai Tong",Ecotoxicology and environmental safety,2026-07-25,2026 Sep 01,10.1016/j.ecoenv.2026.120563,https://pubmed.ncbi.nlm.nih.gov/42501684/,0,,2,mitochondrial homeostasis;mitochondrial dysfunction,2,cellular senescence,1,kidney,0,,27.0,0.4090909090909091,45,0.46302414,75,0.4187222916500805,0.4375,0.4299889166600322,63,0,0,1,1,0,0,0,7,Moderate,pubmed_articles.csv,batch_001,canonical_literature_v1,phd_evidence_strength_v1,phd_biological_score_v1,sentence-transformers/all-MiniLM-L6-v2,pubmed_phd_priority_features_v1,,0,0,1,2,0.4299889166600322,0.6666666666666666,0.0,0.5,0.0,0.0,36.71627874976779,156,Low
42171843,Alkaloids from Dendrobium Nobile Lindl Improves Mitochondrial Function by Enhancing the Activity of v-ATPase in APP/PS1 Mice.,"Alzheimer's disease (AD) is a neurodegenerative disorder characterized by neuronal loss and cognitive deficiency. Mitochondrial dysfunction and lysosomal abnormalities are critical during AD pathogenesis. The vesicular ATPase (v-ATPase) is a core regulator of lysosomal function, and its dysfunction impairs iron-sulfur protein synthesis and mitochondrial function. In this study, 4-month-old amyloid precursor protein/presenilin 1 (APP/PS1) double transgenic mice were treated with alkaloids from Dendrobium nobile Lindl (DNLA) at 20 and 40 mg/kg/day via oral gavage for 5 months (n = 10 per group). The Y-maze test showed that DNLA alleviated cognitive dysfunction in APP/PS1 mice. HE, Nissl, and β-galactosidase staining indicated that DNLA mitigated brain damage. DNLA also increased the protein levels of v-ATPase subunits ATP6V1A and ATP6V0a1 in the cortex, promoted mitochondrial iron uptake and utilization, enhanced mitochondrial function, and reduced neuronal damage. Dendrobine (DDB) accounted for 84.6% in DNLA used for animal experiments, and purified DDB (99.7%) was applied for in vitro assays. In PC12 cells, DDB restored ATP6V1A expression, enhanced v-ATPase activity, delayed cellular senescence, improved iron utilization, and elevated mitochondrial membrane potential and ATP levels in ATP6V1A-knockdown cells. These findings suggest that DNLA may attenuate learning and memory impairment in APP/PS1 mice. The mechanism may be related to enhanced v-ATPase activity, promoted mitochondrial iron uptake and utilization, and improved mitochondrial function.","Qiye Li, Yan Yang, Bin Guo, Xuejia Liu, Guohui Luo, Yajuan Wu, Jing Nie",Neurochemical research,2026-05-22,2026 May 22,10.1007/s11064-026-04778-8,https://pubmed.ncbi.nlm.nih.gov/42171843/,0,,3,mitochondrial dysfunction;mitochondrial membrane potential,1,cellular senescence,0,,0,,24.0,0.3636363636363636,59,0.3905209,145,0.3209238746280208,0.5,0.4283695498512083,123,0,0,1,0,0,0,0,2,Moderate,,batch003,,,,,,Alkaloids from Dendrobium Nobile Lindl Improves Mitochondrial Function by Enhancing the Activity of v-ATPase in APP/PS1 Mice.,0,0,1,2,0.4283695498512083,0.6666666666666666,0.0,0.5,0.0,0.0,36.65960091145895,157,Low
42598138,MnO2-armored human embryonic stem cell exosomes delay intervertebral disc degeneration via synergistic antioxidant defense and regenerative signal delivery.,"The oxidative and inflammatory microenvironment impairs the regeneration and homeostasis of nucleus pulposus cells. This microenvironment is characterized by high levels of reactive oxygen species (ROS), mitochondrial dysfunction, and NLRP3 inflammasome-induced pyroptosis. These changes accelerate cellular senescence and disrupt the metabolic homeostasis of the extracellular matrix (ECM). Exosomes derived from human embryonic stem cells (hESCs) hold great potential for regeneration and inflammation control but lack inherent antioxidant protection. In the highly oxidative microenvironment of degenerated intervertebral discs, these exosomes degrade rapidly, which significantly limits their therapeutic efficacy. To address this issue, we developed a manganese dioxide nanoplate-armored exosome system (hESC-Exos@MnO2). The system exerts its therapeutic effects through a synergistic, multilevel mechanism. First, the MnO2 nanoarmor shields the exosomes; second, MnO2 is degraded in the acidic, H2O2-rich degenerative microenvironment to scavenge reactive oxygen species (ROS); finally, the released Mn2+ may exert a synergistic effect with exosomes on ECM remodeling and microenvironment repair. In the restored microenvironment, exosomes efficiently deliver regenerative signaling molecules to regulate key signaling pathways such as p53 and can partially alleviate oxidative stress-induced cell-cycle arrest, inhibit cell death and senescence, and promote ECM synthetic metabolism. Our study revealed that hESC-Exos@MnO2 attenuates oxidative injury, partially preserved mitochondrial membrane potential, and ameliorates ECM homeostasis. In a rat model of intervertebral disc degeneration, this treatment effectively maintenance intervertebral disc height. This work introduces a new ""catalytic scavenging-bioremediation"" strategy, providing a modular nanoplatform with high applicability for intervertebral disc regeneration and potential utility in treating other degenerative diseases.","Honglei Li, Hanlin Mao, Runze Mao, Qingsheng Ma, Qi Tan, Luoyuan Liu, Hui Ma, Zhi Ruan",Materials today. Bio,2026-07-30,2026 Oct,10.1016/j.mtbio.2026.103515,https://pubmed.ncbi.nlm.nih.gov/42598138/,0,,2,mitochondrial dysfunction;mitochondrial membrane potential,3,cellular senescence,0,,0,,30.0,0.4545454545454545,33,0.4138114,93,0.3191041816447343,0.5,0.4276416726578937,64,0,0,1,1,0,0,0,7,Moderate,pubmed_articles.csv,batch_001,canonical_literature_v1,phd_evidence_strength_v1,phd_biological_score_v1,sentence-transformers/all-MiniLM-L6-v2,pubmed_phd_priority_features_v1,,0,0,1,2,0.4276416726578937,0.6666666666666666,0.0,0.5,0.0,0.0,36.63412520969294,158,Low
42318360,"The metabolic-epigenetic landscape of aging: interplay between histone acetylation, lactylation, and glycation.","BACKGROUND: The aging epigenome is shaped by three mechanistically distinct histone post-translational modifications-acetylation, lactylation, and glycation-each driven by a different metabolic flux: mitochondrial oxidative phosphorylation, glycolytic lactate production, and reactive carbonyl stress, respectively. Understanding their interplay is central to a molecular physiology of epigenetic aging. SCOPE: This mini review synthesizes current evidence on the mechanisms of histone acetylation, lactylation, and glycation in aging; their crosstalk and convergence on shared regulatory nodes; and their modulation by environmental, nutritional, and behavioral factors. Key controversies and research gaps are critically appraised. KEY FINDINGS: NAD + decline in aging disables the sirtuin deacetylase family, dysregulating the histone acetylation landscape and impairing autophagy, mitochondrial biogenesis, and DNA repair. Histone lactylation, written by p300 at H3K18 and related lysine residues, is context-dependent: physiological pulses during exercise and sleep are adaptive, while chronic accumulation in diabetic microglia drives neuroinflammation via TLR4/NF-κB, and excess in tumor cells enables senescence bypass. Histone glycation by methylglyoxal irreversibly displaces regulatory marks and inactivates sirtuin proteins; pharmacological induction of glyoxalase I and glycation-lowering interventions reduce this burden and extend healthspan. These three axes may converge on a unified metabolic-epigenetic collapse that we propose constitutes the cellular basis of an 'aging' metabolic memory. CONTROVERSIES AND GAPS: Lactylation erasers remain uncharacterized; the pro-versus anti-senescence duality of H3K18la is unresolved; and genome-wide histone glycation mapping in human tissues is absent. CONCLUSION: Combinatorial interventions targeting NAD + restoration, modulation of lactylation, and reduction of carbonyl stress offer the most evidence-based approach to slowing metabolic-epigenetic aging.","Olena Bolgova, Inna Shypilova, Volodymyr Mavrych",Frontiers in aging,2026-06-03,2026,10.3389/fragi.2026.1854915,https://pubmed.ncbi.nlm.nih.gov/42318360/,0,,2,mitochondrial biogenesis,0,,0,,0,,12.0,0.1818181818181818,136,0.56952906,60,0.6940613520943586,0.25,0.4276245408377435,125,0,0,1,0,0,0,0,2,Moderate,,batch003,,,,,,"The metabolic-epigenetic landscape of aging: interplay between histone acetylation, lactylation, and glycation.",0,0,1,2,0.4276245408377435,0.6666666666666666,0.0,0.5,0.0,0.0,36.633525595987685,159,Low
42450582,Mitochondrial-Targeted SS-31 Attenuates the Doxorubicin-Induced Cardiomyoblast H9C2 Cell Senescence.,"Doxorubicin (DOX), an effective chemotherapeutic agent for many types of cancer, is known for significant cardiotoxic side effects, which largely limit its clinical usage. A 3 h treatment of cardiomyoblast H9C2 cells with a low concentration of DOX (100 nM) can induce senescence-associated β-galactosidase (SA β-gal) staining, a gold standard of cell senescence. In the current study, we comprehensively characterized the phenotype of the DOX-induced senescent cardiomyocytes for the first time. Establishing this in vitro model will facilitate an expanded capacity for searching for effective treatments for DOX-induced cell senescence. Using SA β-gal staining and cell growth rate as readouts, we assessed the concentration-dependent effect of DOX on H9C2 cell senescence. The cells were treated with DOX for 3 h and subsequently cultured for 3 days. We found that a 50 nM concentration of DOX induced ~50% SA β-gal staining and completely inhibited cell growth. The DOX-induced H9C2 cell senescence was further confirmed by several well-accepted senescence markers, including cell hypertrophy, increased p16 and p21 expression, increased Senescence Associated Secretory Phenotype (SASP) markers, arrested cell cycle, and increased ROS production. Interestingly, we found that 50 nM DOX increased mitochondrial respiration. Translationally, we found that mitochondrial-targeted tetrapeptide SS-31 (elamipretide, 1 µM) partially attenuated 50 nM DOX-induced SA β-gal staining from 51.4% to 35.8%. SS-31 also prevented increases in the p16, p21, and SASP markers and mitigated mitochondrial ROS production. Additionally, SS-31 reversed the 50 nM DOX-induced elevation of mitochondrial respiration. However, 1 µM SS-31 failed to prevent the cell cycle arrest induced by 50 nM DOX. Using a 3 h treatment of 50 nM DOX, we established an H9C2 cell senescence model. Treatment with SS-31 attenuates this DOX-induced cell senescence but not the cell cycle arrest. These data suggest that SS-31 is a promising drug to treat DOX-induced cardiomyocyte senescence.","Jiaojiao Fan, Jinzi Wu, Shuo Yan, Songlin Li, Peter S Rabinovitch, Xingyun Qi, Huiliang Zhang",Biology,2026-06-28,2026 Jun 28,10.3390/biology15131034,https://pubmed.ncbi.nlm.nih.gov/42450582/,0,,2,mitochondrial ros,0,,0,,0,,12.0,0.1818181818181818,136,0.56898445,61,0.6929261278587541,0.25,0.4271704511435016,126,0,0,1,0,0,0,0,2,Moderate,,batch003,,,,,,Mitochondrial-Targeted SS-31 Attenuates the Doxorubicin-Induced Cardiomyoblast H9C2 Cell Senescence.,0,0,1,2,0.4271704511435016,0.6666666666666666,0.0,0.5,0.0,0.0,36.61763245668922,160,Low
41967814,"Age-associated regulation of chondrocyte hypertrophy in osteoarthritis: Mechanisms, therapeutic implications, and cartilage fate reprogramming.","Osteoarthritis (OA) is a prevalent age-associated joint disease marked by progressive cartilage loss, subchondral bone remodeling, osteophyte formation, and low-grade inflammation. In OA, articular chondrocytes shift from a stable extracellular matrix (ECM)-maintaining state toward a hypertrophy-like program with increased collagen type X alpha 1 chain (COL10A1), runt-related transcription factor 2 (RUNX2), and matrix metalloproteinase 13 (MMP-13), promoting ECM degradation, calcification, and pro-angiogenic remodeling. Ageing lowers the threshold for this conversion by reshaping stress responses and signaling through senescence and the senescence-associated secretory phenotype (SASP), oxidative stress, mitochondrial dysfunction, impaired autophagy, and epigenetic drift. Context-dependent modules including Wnt/β-catenin, transforming growth factor-β and bone morphogenetic protein (TGF-β and BMP), Indian hedgehog and parathyroid hormone-related protein (IHH and PTHrP), hypoxia-inducible factor 1α and hypoxia-inducible factor 2α (HIF-1α and HIF-2α), Notch, nuclear factor κB (NF-κB), and metabolic regulators such as fibroblast growth factor 19 (FGF19) and AMP-activated protein kinase (AMPK) interact and converge on shared executors. We synthesize primary mechanistic evidence using a trigger, gate, and executor framework that highlights crosstalk and convergence, and we critically appraise in vivo, ex vivo, and three-dimensional in vitro platforms, emphasizing age mismatch as a major translational bias. We also evaluate therapeutic strategies and constraints that determine clinical interpretability, including cartilage-restricted delivery, patient stratification, and mechanism-aligned structural and molecular outcome metrics alongside symptom assessment. This evidence-tiered network perspective positions chondrocyte hypertrophy as a tractable phenotype-level node for advancing disease-modifying OA drugs (DMOADs).","Jong Seong Ha, Anna Jo, Eon Ji Yeo, Yea Woon Kim, Jung-Yeon Lim, Sanguk Yun, Sang Won Moon, Wan-Su Choi",Ageing research reviews,2026-04-10,2026 Jun,10.1016/j.arr.2026.103139,https://pubmed.ncbi.nlm.nih.gov/41967814/,0,,2,mitochondrial dysfunction,0,,2,fibroblast,0,,18.0,0.2727272727272727,99,0.47752637,121,0.5022843310539911,0.375,0.4259137324215964,127,0,0,0,0,1,0,0,3,Moderate,,batch003,,,,,,"Age-associated regulation of chondrocyte hypertrophy in osteoarthritis: Mechanisms, therapeutic implications, and cartilage fate reprogramming.",0,0,0,2,0.4259137324215964,0.6666666666666666,0.0,0.0,0.0,1.0,36.57364730142253,161,Low
42650270,"A Pyrazole-Based Small Molecule, KB3409, Restores Mitochondrial Function via VCP Activation and RCN2-Dependent Ca2+ Regulation.","Cellular senescence is characterized by the accumulation of reactive oxygen species (ROS), and the selective elimination of excessive ROS remains a key therapeutic challenge. Through antioxidant screening, we identified the pyrazole-based small molecule KB3409 as a potent regulator that reduces ROS levels in senescent fibroblasts. To elucidate its mechanism of action, we performed target identification and found that KB3409 directly binds to valosin-containing protein (VCP) and reticulocalbin-2 (RCN2). Functionally, KB3409 acts as an allosteric activator of VCP, enhancing its ATPase activity and promoting autophagic flux. This activation facilitates the selective clearance of dysfunctional mitochondria, thereby improving mitochondrial quality control and limiting ROS generation at its source. Concurrently, KB3409 modulates RCN2-dependent Ca2+ homeostasis, alleviating mitochondrial Ca2+ overload and suppressing the opening of the mitochondrial permeability transition pore (mPTP). This coordinated regulation preserves mitochondrial structural integrity and sustains oxidative phosphorylation efficiency. Collectively, these findings identified the novel mechanism in which KB3409 restores mitochondrial function, reduces ROS levels, and functionally reverses cellular senescence phenotypes.","Yoo Jin Lee, Jee Hee Yoon, Hyunwoong Lim, Eun Seon Song, Ji Ho Park, Dongwoo Kim, Ji-Eun Yang, Moon Kyoung So, Minseon Kim, Jihyun Song, Sehui Lim, Hyung Wook Kwon, Youngjoo Byun, Joon Tae Park","Antioxidants (Basel, Switzerland)",2026-08-13,2026 Aug 13,10.3390/antiox15081006,https://pubmed.ncbi.nlm.nih.gov/42650270/,0,,2,mitochondrial quality control,1,cellular senescence,0,,0,,18.0,0.2727272727272727,75,0.5955719,27,0.6870299968630443,0.25,0.4248119987452177,66,0,0,1,0,0,0,0,2,Moderate,pubmed_articles.csv,batch_001,canonical_literature_v1,phd_evidence_strength_v1,phd_biological_score_v1,sentence-transformers/all-MiniLM-L6-v2,pubmed_phd_priority_features_v1,,0,0,1,2,0.4248119987452177,0.6666666666666666,0.0,0.5,0.0,0.0,36.53508662274928,162,Low
42397379,Advancements in longevity pharmacology research - are we finally seeing clinical progression?,"INSTRUCTION: Longevity pharmacology has evolved from descriptive gerontology into a mechanistically driven field aiming to modulate fundamental processes of biological aging. Despite rapid scientific advances, whether this progress has translated into meaningful clinical outcomes remains uncertain. AREAS COVERED: This critical perspective evaluates recent developments in longevity pharmacology and examines whether they represent genuine clinical progression or continued translational delay. A narrative literature review was conducted using PubMed/MEDLINE, Scopus, and Web of Science to identify English-language publications related to longevity pharmacology, gerotherapeutics, biomarkers of aging, and translational geroscience published between January 2000 and April 2026. We review evidence from senescence biology (including frailty), autophagy and mitophagy modulation, metabolic and nutrient-sensing pathways, stem cell and natural product - based rejuvenation strategies, microbiome-targeted interventions, and AI-enabled biomarker development. Particular emphasis is placed on systemic chronic inflammation as a central integrative driver of age-related disease. While selected interventions show early clinical signals, most remain preclinical or lack long-term validation. Key barriers include biomarker deficits, biological heterogeneity, safety concerns, regulatory misalignment, and limitations of animal models. EXPERT OPINION: Although mechanistic maturity is advancing rapidly, clinical translation remains incremental and fragmented. Near-term progress is most likely to arise from low-risk, system-level interventions supported by validated biomarkers and geroscience-informed clinical trial designs.",Madia Lozupone,Expert opinion on investigational drugs,2026-07-16,2026 Jul,10.1080/13543784.2026.2698526,https://pubmed.ncbi.nlm.nih.gov/42397379/,0,,2,mitophagy,0,,0,,0,,12.0,0.1818181818181818,136,0.55540764,72,0.664625649068068,0.25,0.4158502596272272,130,0,0,1,0,0,0,0,2,Moderate,,batch003,,,,,,Advancements in longevity pharmacology research - are we finally seeing clinical progression?,0,0,1,2,0.4158502596272272,0.6666666666666666,0.0,0.5,0.0,0.0,36.22142575361961,163,Low
42572354,Simulated Microgravity Induced Mesenchymal Stem Cell Senescence via the Activation of Cytosolic mtDNA-cGAS-STING Axis.,"Microgravity brings various pathological changes to astronauts, which may be related to the senescence of adult stem cells. However, how microgravity affects the senescence of stem cells remains barely known. In this study, it was found that microgravity simulated by Rotating Flat Chamber induced MSC senescence and promoted the expression of cyclic GMP-AMP synthase (cGAS) and stimulator of interferon genes (STING), and C176, a STING inhibitor, alleviated the rotating culture-induced MSC senescence. Rotating culture also promoted the cytosolic leakage of mitochondrial DNA (mtDNA), while the depletion of mtDNA inhibited cGAS-STING activation and reversed MSC senescence. Knockdown of either BAK or BAX, proteins forming pores on the mitochondrial outer membrane, suppressed mtDNA leakage, cGAS-STING activation, and MSC senescence, suggesting that BAK/BAX mediates the activation of mtDNA-cGAS-STING axis and the associated MSC senescence. Recovering mitochondrial function by Mito TEMPO inhibited the activation of mtDNA-cGAS-STING axis and reversed MSC senescence. In vivo, using rat hindlimb unloading (HU) model to simulate microgravity, it was found that inhibition of STING ameliorated MSC senescence induced by HU. Together, our study demonstrated that simulated microgravity induces MSC senescence by the activation of cytosolic mtDNA-cGAS-STING axis and indicated cGAS-STING pathway as a therapeutic target of MSC senescence under microgravity.","Lei Huang, Rui Huang, Wenjun Lv, Zimeng Li, Yun Tu, Guanbin Song, Qing Luo",Journal of cellular physiology,,2026 Aug,10.1002/jcp.70220,https://pubmed.ncbi.nlm.nih.gov/42572354/,0,,0,,0,,0,,0,,0.0,0.0,149,0.6189782,24,0.7971366943719385,0.0,0.3188546777487754,146,0,0,0,0,0,0,0,0,Moderate,,batch003,,,,,,Simulated Microgravity Induced Mesenchymal Stem Cell Senescence via the Activation of Cytosolic mtDNA-cGAS-STING Axis.,0,0,0,3,0.3188546777487754,1.0,0.0,0.0,0.0,0.0,36.15991372120714,164,Low
41831577,Lactate-lactylation axis as an emerging metabolic-epigenetic pathway in diabetic microvascular complications.,"Lactate, once viewed merely as a glycolytic byproduct, is now recognized as a key signaling molecule and epigenetic regulator through the recently identified post-translational modification known as lactylation. In diabetic microvascular complications, including diabetic retinopathy (DR), diabetic kidney disease (DKD), and diabetic peripheral neuropathy (DPN), persistent hyperglycemia promotes metabolic reprogramming toward glycolysis and leads to excessive lactate production. This sustained metabolic stress drives cellular changes, such as mitochondrial dysfunction, chronic inflammation, and epigenetic alterations, which closely mirror hallmarks of premature aging. This review synthesizes emerging evidence linking the lactate-lactylation axis to the development of microvascular injury in diabetes, framing these complications as manifestations of accelerated cellular and metabolic aging. We outline the molecular framework of lactylation, including its writers, erasers, and readers, and summarize how lactate-induced histone and non-histone lactylation reshapes gene transcription in retinal, renal, and peripheral nerve cells. In DR and DKD, accumulating studies indicate that lactylation contributes to cellular dysfunction across multiple microvascular cell types, while in DPN, although evidence remains limited, lactylation may influence Schwann cell biology and axonal integrity under metabolic stress. Notably, lactate-driven epigenetic remodeling reinforces features of metabolic memory and tissue-specific aging, such as mitochondrial dysfunction, chronic inflammation, and cellular senescence, by maintaining maladaptive transcriptional programs that persist despite glycemic control. We further discuss the therapeutic potential of modulating lactylation pathways and the possible utility of lactate as a biomarker. By integrating metabolic, epigenetic, and aging perspectives, this review highlights the lactate-lactylation axis as a converging pathway that mechanistically links hyperglycemia to the premature aging phenotype of diabetic microvasculature, and outlines future avenues for diagnostic and therapeutic innovation.","Yue Zhou, Yunkao Zeng, Junming Wang, Minzhi Zeng",Ageing research reviews,2026-03-12,2026 Jun,10.1016/j.arr.2026.103100,https://pubmed.ncbi.nlm.nih.gov/41831577/,0,,2,mitochondrial dysfunction,3,cellular senescence,1,kidney,0,,33.0,0.5,20,0.40571764,142,0.3526010519662593,0.6875,0.5535404207865038,74,0,0,0,1,0,0,0,5,High,,batch003,,,,,,Lactate-lactylation axis as an emerging metabolic-epigenetic pathway in diabetic microvascular complications.,0,0,0,2,0.5535404207865038,0.6666666666666666,0.0,0.0,0.0,0.0,36.04058139419429,165,Low
42442011,Immuno-metabolic reprogramming in pulmonary fibrosis: Emerging therapeutic targets beyond inflammation.,"Pulmonary fibrosis is a progressive interstitial lung disease characterized by excessive extracellular matrix deposition, tissue remodeling, and irreversible loss of lung function. Although inflammation contributes to disease progression, increasing evidence indicates that immunometabolic reprogramming is a central driver of fibrotic persistence. Alterations in glycolysis, mitochondrial function, lipid metabolism, and redox homeostasis actively regulate immune responses, fibroblast activation, and epithelial cell dysfunction, thereby sustaining a profibrotic microenvironment. This review synthesizes current advances in understanding how metabolic pathways regulate immune and structural cell behavior during pulmonary fibrosis. Particular emphasis is placed on metabolic checkpoints, including mammalian target of rapamycin (mTOR), AMP-activated protein kinase (AMPK), and nicotinamide adenine dinucleotide (NAD+)-dependent signaling, which integrate metabolic and inflammatory responses. We further discuss how mitochondrial dysfunction, hypoxia-inducible factor-1α (HIF-1α), reactive oxygen species (ROS), cellular senescence, and metabolic memory contribute to disease persistence. Emerging evidence supports metabolic crosstalk between immune cells and fibroblasts as a key mechanism driving fibrotic remodeling. Finally, we evaluate therapeutic strategies targeting immunometabolic pathways and discuss current translational challenges, including cellular heterogeneity, pathway redundancy, and limited clinical validation. Collectively, this review highlights immunometabolic regulation as a promising therapeutic framework and identifies opportunities for precision-based interventions in pulmonary fibrosis.","Hemraj Singh, Anushka Purwar, Rajeev Taliyan",International immunopharmacology,2026-07-13,2026 Oct 01,10.1016/j.intimp.2026.117127,https://pubmed.ncbi.nlm.nih.gov/42442011/,0,,2,mitochondrial dysfunction,1,cellular senescence,2,fibroblast,0,,24.0,0.3636363636363636,59,0.4835332,66,0.4602374317375101,0.375,0.409094972695004,69,0,0,0,0,1,0,0,3,Moderate,pubmed_articles.csv,batch_001,canonical_literature_v1,phd_evidence_strength_v1,phd_biological_score_v1,sentence-transformers/all-MiniLM-L6-v2,pubmed_phd_priority_features_v1,,0,0,0,2,0.409094972695004,0.6666666666666666,0.0,0.0,0.0,1.0,35.9849907109918,166,Low
42219134,Cell senescence in chronic pain: An integrative perspective on cellular and neural mechanisms.,"Chronic pain is characterized by persistent neural sensitization, yet the cellular processes underlying its maintenance remain incompletely understood. Cell senescence, has recently emerged as a potential contributor to chronic pain. In this review, we summarize evidence of senescence across multiple cell types involved in pain processing and discuss how senescent cells influence neural function through mechanisms including the senescence-associated secretory phenotype (SASP), mitochondrial dysfunction, and epigenetic alterations. We further propose that cell senescence acts as a key link between cellular dysfunction and neural sensitization, forming a self-reinforcing network that sustains chronic pain. Importantly, targeting senescence-related pathways, including senolytics and modulators of SASP, may represent promising strategies for chronic pain therapies. This integrative perspective provides a framework for understanding chronic pain and highlights new directions for therapeutic intervention.","Lulin Ma, Yaoling Wang, Jia Wang, Yue Li, Xiangyu Hu, Xian Zou, Donghang Zhang, Tao Zhu, Cheng Zhou",Neuroscience and biobehavioral reviews,2026-05-30,2026 Aug,10.1016/j.neubiorev.2026.106789,https://pubmed.ncbi.nlm.nih.gov/42219134/,0,,2,mitochondrial dysfunction,2,senescent cells,0,,0,,24.0,0.3636363636363636,59,0.5353615,85,0.6228400337501013,0.5,0.5491360135000405,76,0,0,0,1,0,0,0,5,High,,batch003,,,,,,Cell senescence in chronic pain: An integrative perspective on cellular and neural mechanisms.,0,0,0,2,0.5491360135000405,0.6666666666666666,0.0,0.0,0.0,0.0,35.886427139168084,167,Low
41935581,Endothelial cell senescence and mitochondrial dysfunction in vascular ageing.,"The vascular endothelium performs numerous regulatory functions that impact inflammatory responses, thrombosis, vascular tone and angiogenesis. Endothelial dysfunction is a key contributor to the pathogenesis of various human diseases, either as a primary trigger or as a consequence of organ damage. This review examines how ageing reshapes endothelial cell metabolism and mitochondrial function, progressively undermining endothelial homeostasis and resilience. Age-related endothelial alterations, including reduced nitric oxide bioavailability, heightened oxidative stress, impaired vasodilatory capacity and pro-inflammatory activation, arise from coordinated shifts in energy production, substrate utilization and redox signaling. In this context, cellular senescence, a stable arrest of the cell cycle accompanied by distinct metabolic, secretory and inflammatory changes, appears to be an important response to cumulative metabolic and mitochondrial stress. Senescent endothelial cells not only reflect this stress burden but also actively propagate dysfunction through sustained pro-inflammatory and pro-oxidant signalling, thereby accelerating vascular ageing. We highlight the central role of mitochondria in these events. Age-associated mitochondrial dysfunction disrupts bioenergetics, enhances reactive oxygen species generation and fuels chronic low-grade inflammation, amplifying endothelial decline. By bringing together current evidence-based knowledge on endothelial cell bioenergetics, mitochondrial impairment and metabolic reprogramming, this review identifies mitochondria-driven metabolic deterioration as a key mechanism underlying endothelial ageing and underscores mitochondrial metabolism as a promising, yet underexploited, therapeutic target in age-related vascular dysfunction.","Iga Walczak, Maria Tarnawska, Klaudia Stawarska, Alicja Braczko, Aleksandra Paterek, Filip Rolski, Przemysław Leszek, Dorota Smolarek, Małgorzata Kapusta, Magdalena Narajczyk, Jean-Luc Cracowski, Beata Schlichtholz, Marcin Hellmann, Michał Mączewski, Barbara Kutryb-Zając",Ageing research reviews,2026-04-02,2026 Jun,10.1016/j.arr.2026.103119,https://pubmed.ncbi.nlm.nih.gov/41935581/,0,,2,mitochondrial dysfunction,1,cellular senescence,0,,0,,18.0,0.2727272727272727,99,0.624518,21,0.8086842517440047,0.375,0.5484737006976019,77,0,0,0,0,0,0,0,0,High,,batch003,,,,,,Endothelial cell senescence and mitochondrial dysfunction in vascular ageing.,0,0,0,2,0.5484737006976019,0.6666666666666666,0.0,0.0,0.0,0.0,35.86324619108273,168,Low
42551124,FABP5 drives silica-induced myofibroblast senescence and pulmonary fibrosis through a FASN/UCP2 metabolic-mitochondrial axis.,"Silicosis is a devastating occupational lung disease driven by chronic oxidative stress and the persistent accumulation of senescent cells. However, the metabolic mechanisms underlying silica-induced senescence and subsequent fibrotic remodeling remain elusive. Here, we identify fatty acid binding protein 5 (FABP5) as a central metabolic driver of silica-induced myofibroblast senescence. Intracellularly, FABP5 interacts with and shields fatty acid synthase (FASN) from ubiquitin-proteasomal degradation, disrupting lipid homeostasis and causing uncoupling protein 2 (UCP2)-dependent mitochondrial dysfunction and cellular senescence. Extracellularly, senescent fibroblasts secrete FABP5 as an unconventional senescence-associated secretory phenotype (SASP) factor. This secreted FABP5 activates β-catenin signaling, creating a paracrine feed-forward loop that drives the activation of neighboring quiescent fibroblasts. Therapeutically, systemic silencing of FABP5 using lipid nanoparticles (siFabp5-LNPs) robustly attenuates cellular senescence, metabolic disruption, and fibrotic remodeling in young and aged mouse models of pulmonary fibrosis induced by silica dust. Collectively, our findings uncover a previously unrecognized FABP5/FASN/UCP2 metabolic-redox axis that drives stress-induced senescence. By linking intracellular mitochondrial dysfunction with extracellular pro-fibrotic signaling, FABP5 emerges as a highly promising therapeutic target and potential biomarker for silicosis and other oxidative stress-driven fibrotic diseases.","Wenqing Sun, Ting Wang, Qingyan Yang, Wenxiu Lian, Xinying Jia, Wei Wang, Yi Liu, Chunhui Ni",Redox biology,2026-07-31,2026 Oct,10.1016/j.redox.2026.104325,https://pubmed.ncbi.nlm.nih.gov/42551124/,0,,2,mitochondrial dysfunction,3,cellular senescence;senescent cells,0,,0,,30.0,0.4545454545454545,33,0.5619731,40,0.6190181577651273,0.5,0.5476072631060509,34,0,0,0,1,0,0,0,5,High,pubmed_articles.csv,batch_001,canonical_literature_v1,phd_evidence_strength_v1,phd_biological_score_v1,sentence-transformers/all-MiniLM-L6-v2,pubmed_phd_priority_features_v1,,0,0,0,2,0.5476072631060509,0.6666666666666666,0.0,0.0,0.0,0.0,35.83292087537845,169,Low
42461367,Lipidomics and proteomics in MASLD: reading the molecular script toward precision therapeutics.,"Metabolic dysfunction-associated steatotic liver disease (MASLD) is increasingly recognized as a multisystem disorder characterized by complex metabolic, inflammatory, and fibrogenic interactions. Advances in lipidomics and proteomics have substantially refined understanding of MASLD pathophysiology by revealing how qualitative alterations in lipid species and dynamic protein signaling networks contribute to disease initiation and progression. Bioactive lipids, including ceramides and free cholesterol, promote lipotoxicity, mitochondrial dysfunction, inflammasome activation, and fibrosis, while proteomic analyses have identified key pathways involved in inflammation, cellular senescence, and hepatic stellate cell activation. Emerging translational evidence further suggests that modern pharmacological agents may modulate these molecular signatures beyond their metabolic effects. Integrating lipidomic and proteomic data may therefore facilitate improved disease stratification, biomarker discovery, and the development of mechanism-based therapeutic strategies, supporting a transition toward precision medicine in MASLD.","Anna Sofia Germanidou, Theocharis Koufakis","Hormones (Athens, Greece)",2026-07-16,2026 Jul 16,10.1007/s42000-026-00812-0,https://pubmed.ncbi.nlm.nih.gov/42461367/,0,,2,mitochondrial dysfunction,1,cellular senescence,0,,1,proteomics,21.0,0.3181818181818182,81,0.4572783,129,0.4600777983274281,0.4375,0.4465311193309713,116,0,0,0,0,0,0,0,0,Moderate,,batch003,,,,,,Lipidomics and proteomics in MASLD: reading the molecular script toward precision therapeutics.,1,0,0,2,0.4465311193309713,0.6666666666666666,0.0,0.0,0.3333333333333333,0.0,35.62858917658399,170,Low
42521026,"Complosome as a key modulator of cellular senescence, aging and age-related diseases.","Aging is characterized by progressive physiological decline and accumulation of senescent cells that drive chronic ""inflammaging"" through the senescence-associated secretory phenotype (SASP). The complement system, traditionally viewed as a systemic extracellular defense mechanism, is now recognized as an essential intracellular network (the complosome). This review synthesizes current research on how intracellular C3 (intC3), and intracellular C5 (intC5) in certain contexts engage in extensive crosstalk with the mTOR, NF-κB, and AMPK pathways to modulate core cellular processes. We detail how intC3 intersects with multiple canonical hallmarks of aging-including cellular senescence, mitochondrial dysfunction, proteostasis loss, genomic instability, epigenetic alterations, altered intercellular communication, stem cell exhaustion, and deregulated nutrient sensing. Furthermore, we examine organ-specific consequences of intC3 dysregulation across the aging brain, liver, eye, kidney, vasculature, lung, and immune system, as well as cancer. Finally, we discuss therapeutic strategies-including complement inhibitors, senolytics, senomorphics, RNA interference, proteolysis targeting chimeras (PROTACs), and nanotechnology-enabled delivery-and outline critical gaps in compartment-specific tools, conditional knockouts, and longitudinal models. Precision strategies that preserve systemic complement function while selectively modulating intracellular pools will be essential to translate complosome biology into durable interventions for age-related diseases.","Naheemat Modupeola Gold, Michael Ngozi Okeke, Samuel Ewhea Ajoronor, Yonghan He",Ageing research reviews,2026-07-29,2026 Oct,10.1016/j.arr.2026.103274,https://pubmed.ncbi.nlm.nih.gov/42521026/,0,,2,mitochondrial dysfunction,2,cellular senescence;senescent cells,1,kidney,0,,27.0,0.4090909090909091,45,0.59647274,25,0.6888535079745413,0.4375,0.5380414031898165,36,0,0,0,1,0,0,0,5,High,pubmed_articles.csv,batch_001,canonical_literature_v1,phd_evidence_strength_v1,phd_biological_score_v1,sentence-transformers/all-MiniLM-L6-v2,pubmed_phd_priority_features_v1,,0,0,0,2,0.5380414031898165,0.6666666666666666,0.0,0.0,0.0,0.0,35.49811577831024,171,Low
42559700,"Hyper-aging in systemic sclerosis: linking genome instability, mitochondrial dysfunction, and inflammaging to fibrosis.","PURPOSE OF REVIEW: Systemic sclerosis (SSc) is a progressive autoimmune disease characterized by fibrosis, vasculopathy, and immune dysregulation. Emerging evidence indicates that SSc shares multiple hallmarks of accelerated biological aging, including genomic instability, telomere attrition, mitochondrial dysfunction, cellular senescence, and chronic innate immune activation. This review summarizes recent advances published during the last 18 months supporting the concept of SSc as a disorder of maladaptive or 'hyper-aging'. RECENT FINDINGS: Recent epigenetic clock studies, including DunedinPACE and other DNA methylation-based aging models, demonstrate accelerated biological aging in SSc, particularly in patients with interstitial lung disease and severe organ involvement. Gene expression meta-analysis has confirmed that aging and senescence signatures are markedly enriched in SSc-ILD lung tissue. Multiple aging-associated mechanisms contribute to disease progression, including telomere shortening, mitochondrial dysfunction, micronuclei formation, and chromosomal instability. Cytosolic DNA derived from damaged nuclei or mitochondria activates the cGAS-STING pathway, sustaining type I interferon signaling, inflammaging, and fibrotic remodeling. Recent transcriptomic and spatial studies further support a close relationship between metabolic collapse, mitochondrial stress, immune dysregulation, and tissue fibrosis in SSc. SUMMARY: Current evidence supports the concept that SSc represents a state of accelerated and dysregulated biological aging involving persistent innate immune activation, mitochondrial stress, and defective genome surveillance. Therapeutic strategies targeting aging-associated pathways, particularly mitochondrial dysfunction, cGAS-STING signaling, and cellular senescence, may provide new opportunities to modulate fibrosis, inflammation, and immune imbalance in SSc.","Mohammad Waseem, Azait Imtiaz, Amit Datta, Rafael Contreras-Galindo",Current opinion in rheumatology,2026-08-06,2026 Aug 06,10.1097/BOR.0000000000001181,https://pubmed.ncbi.nlm.nih.gov/42559700/,0,,2,mitochondrial dysfunction,1,cellular senescence,0,,1,transcriptomics,21.0,0.3181818181818182,67,0.56597215,38,0.627113171430631,0.3125,0.4383452685722523,59,0,0,0,0,0,0,0,0,Moderate,pubmed_articles.csv,batch_001,canonical_literature_v1,phd_evidence_strength_v1,phd_biological_score_v1,sentence-transformers/all-MiniLM-L6-v2,pubmed_phd_priority_features_v1,,1,0,0,2,0.4383452685722523,0.6666666666666666,0.0,0.0,0.3333333333333333,0.0,35.34208440002883,172,Low
42405673,"The Molecular Basis of Ocular Aging: Mechanisms, Pathologies, and Emerging Therapeutics.","Age-related eye diseases (AREDs)-including age-related macular degeneration (AMD), glaucoma, and diabetic retinopathy-are leading causes of permanent blindness. Current treatments manage clinical manifestations but do not halt the molecular processes that drive disease progression. This limitation has shifted attention toward ""geroscience,"" a strategy that targets the fundamental biology of aging rather than treating each disease in isolation. Four key hallmarks of aging-mitochondrial dysfunction, loss of proteostasis, cellular senescence, and epigenetic drift-are widely implicated in AREDs. We review evidence that these hallmarks do not act independently; instead, they form an interactive, self-reinforcing network. The way this network engages differs from tissue to tissue. In the high-energy environment of the retinal pigment epithelium, mitochondrial dysfunction dominates and drives AMD. In the mechanically stressed trabecular meshwork (TM), senescence and epigenetic drift take precedence, leading to glaucoma. In the neurovascular unit, chronic hyperglycemia routes the same network into a metabolic-epigenetic amplification loop that sustains diabetic retinopathy. The same aging mechanisms, routed through distinct tissue contexts, thus produce divergent clinical phenotypes. We also evaluate emerging therapies, including senolytics, mitochondria-targeted agents, and partial epigenetic reprogramming, and identify key intervention nodes such as NLRP3, p62, and NAD⁺ metabolism. Dismantling these pathological feedback loops offers a path beyond symptom management toward combination strategies that restore tissue resilience.","Yuan Zong, Qiwei Fan, Shuang Qiu, Huang Zhang, Zhimin Cen",Investigative ophthalmology & visual science,,2026 Jul 01,10.1167/iovs.67.8.13,https://pubmed.ncbi.nlm.nih.gov/42405673/,0,,2,mitochondrial dysfunction,1,cellular senescence,0,,0,,18.0,0.2727272727272727,99,0.6054926,35,0.7690263402622708,0.375,0.5326105361049083,85,0,0,0,0,0,0,0,0,High,,batch003,,,,,,"The Molecular Basis of Ocular Aging: Mechanisms, Pathologies, and Emerging Therapeutics.",0,0,0,2,0.5326105361049083,0.6666666666666666,0.0,0.0,0.0,0.0,35.30803543033846,173,Low
42174261,Molecular mechanisms and therapeutic strategies of glomerular cell senescence in diabetic kidney disease: from heterogeneity to precision intervention.,"Diabetic kidney disease (DKD) has emerged as a major cause of end-stage renal disease (ESRD) worldwide, with approximately 30%-40% of diabetic patients progressing to DKD and 25% eventually requiring renal replacement therapy. Glomerular cell senescence, a central pathological driver of disease progression, persists throughout the entire course of DKD and involves activation of the complement system, transcription factor regulation, mitochondrial dysfunction, oxidative stress, and DNA damage response (DDR). Despite shared senescence mechanisms, podocytes, endothelial cells, and mesangial cells exhibit distinct senescent heterogeneity. This manuscript explores the core mechanisms regulating glomerular cell senescence and their impact on renal filtration barrier injury, inflammation, and glomerulosclerosis, with a specific focus on the senescent characteristics and interactions of different types of glomerular cells. It also discusses senescence-related diagnostic biomarkers and epigenetic clocks. Our findings highlight the critical role of cell type-specific senescence in the pathogenesis of DKD and propose potential precision therapeutic strategies targeting cellular senescence, offering promising breakthroughs for preventing or alleviating the progression of DKD.","Zhitao Zeng, Jiazhen Shang, Shouyu Chai, Baoze Ma, Xiaotian Han, Yifan Xu, Rong Wang, Zhimei Lv",Cellular and molecular life sciences : CMLS,2026-05-22,2026 May 22,10.1007/s00018-026-06243-9,https://pubmed.ncbi.nlm.nih.gov/42174261/,0,,2,mitochondrial dysfunction,1,cellular senescence,1,kidney,0,,21.0,0.3181818181818182,81,0.55036646,74,0.6541174510694195,0.4375,0.5241469804277679,87,0,0,0,0,0,0,0,0,High,,batch003,,,,,,Molecular mechanisms and therapeutic strategies of glomerular cell senescence in diabetic kidney disease: from heterogeneity to precision intervention.,0,0,0,2,0.5241469804277679,0.6666666666666666,0.0,0.0,0.0,0.0,35.01181098163853,174,Low
42692941,"Acute Kidney Injury-to-Chronic Kidney Disease Transition: Clinical Evidence, Pathophysiologic Mechanisms, and Emerging Role of Traditional Chinese Medicine.","Acute kidney injury (AKI) is common in hospitalized patients and is strongly associated with subsequent acute kidney disease (AKD), chronic kidney disease (CKD), end-stage kidney disease, and increased mortality. The Kidney Disease: Improving Global Outcomes 2026 AKI/AKD public review draft emphasizes the AKI-AKD-CKD continuum and the need for structured follow-up, kidney function and proteinuria reassessment, and risk stratification after AKI or AKD. Mechanistically, the AKI-to-CKD transition is driven by maladaptive tubular repair, characterized by G2/M arrest and sustained profibrotic signaling, microvascular rarefaction-induced hypoxia, mitochondrial dysfunction with impaired fatty acid oxidation, and amplification of injury by regulated cell death pathways, including ferroptosis and necroptosis, in concert with chronic inflammation. Cellular senescence in tubular epithelial cells and immune cells further perpetuates a senescence-associated secretory phenotype-mediated proinflammatory and profibrotic milieu, thereby promoting irreversible fibrosis. Effective targeted therapies remain lacking. Traditional Chinese medicine-derived agents may provide mechanistically plausible multitarget candidates for modulating tubular injury and interstitial fibrosis.","Xinyuan Guo, Lan Wang, Wenjing Wu",Seminars in nephrology,2026-09-03,2026 Sep 03,10.1016/j.semnephrol.2026.151720,https://pubmed.ncbi.nlm.nih.gov/42692941/,0,,2,mitochondrial dysfunction,3,cellular senescence,1,kidney,0,,33.0,0.5,19,0.4854098,63,0.4640361095846698,0.5625,0.523114443833868,40,0,0,0,1,0,0,0,5,High,pubmed_articles.csv,batch_001,canonical_literature_v1,phd_evidence_strength_v1,phd_biological_score_v1,sentence-transformers/all-MiniLM-L6-v2,pubmed_phd_priority_features_v1,,0,0,0,2,0.523114443833868,0.6666666666666666,0.0,0.0,0.0,0.0,34.975672200852046,175,Low
42471426,DNA Sensing and Neuroinflammation: Mechanistic Insights into cGAS-STING Biology and Therapeutic Translation in Age-Related Neurodegenerative Diseases.,"Emerging evidence suggests that some of the earliest events contributing to neurodegeneration may occur upstream of classical proteinopathies, underscoring the urgency of identifying molecular pathways that link age-associated genomic instability to chronic neuroinflammation. Among these, DNA sensing through the cyclic GMP-AMP synthase (cGAS)-stimulator of interferon genes (STING) axis has emerged as an important mechanism by which nuclear and mitochondrial stress may promote innate immune activation. In aging and Alzheimer's disease (AD), oxidative stress, impaired DNA repair, and mitochondrial dysfunction can lead to the accumulation of cytosolic DNA and activation of cGAS-STING, contributing to sustained inflammatory signaling, cellular senescence, and synaptic dysfunction. In this review, we synthesize emerging mechanistic and translational insights linking cGAS-STING to genomic instability and neuroinflammation. We highlight the expanding roles of this pathway beyond classical immunity, including its influence on autophagy, cellular senescence, microglial activation, and neurovascular integrity as well as its interactions with key pathological features of age-related neurodegenerative disorders, particularly AD. Finally, we highlight recent advances in pharmacological and genetic modulation of cGAS-STING that support its potential as a therapeutic target for age-related neurodegenerative diseases. By reframing neurodegeneration through the lens of DNA sensing, this review provides an updated perspective on the potential role of cGAS-STING in age-related neurodegenerative diseases.","Ajmal Ahmad, Mohammad Moshahid Khan",Molecular neurobiology,2026-07-18,2026 Jul 18,10.1007/s12035-026-06061-x,https://pubmed.ncbi.nlm.nih.gov/42471426/,0,,2,mitochondrial dysfunction,1,cellular senescence,0,,0,,18.0,0.2727272727272727,99,0.5929219,44,0.7428230694840777,0.375,0.5221292277936311,88,0,0,0,0,0,0,0,0,High,,batch003,,,,,,DNA Sensing and Neuroinflammation: Mechanistic Insights into cGAS-STING Biology and Therapeutic Translation in Age-Related Neurodegenerative Diseases.,0,0,0,2,0.5221292277936311,0.6666666666666666,0.0,0.0,0.0,0.0,34.941189639443756,176,Low
42609608,Targeting cellular senescence through nutritional senotherapeutics in brain aging and neurodegenerative diseases.,"Cellular senescence has emerged as a key contributor to brain aging and neurodegenerative diseases, which are increasing in prevalence as life expectancy rises. Senescent cells accumulate in multiple brain cell populations and secrete the senescence-associated secretory phenotype (SASP), promoting chronic neuroinflammation, mitochondrial dysfunction, blood-brain barrier disruption, and progressive neuronal damage. This review examines the role of cellular senescence in brain aging and neurodegenerative diseases and discusses senotherapeutic strategies aimed at either eliminating senescent cells (senolytics) or modulating the SASP (senomorphics). Particular emphasis is placed on nutritional senotherapeutics, naturally occurring bioactive compounds derived from dietary sources that target molecular pathways involved in cellular senescence. Senomorphic compounds such as sulforaphane, curcumin, and resveratrol primarily attenuate oxidative stress and inflammatory signaling, whereas senolytic agents including quercetin and fisetin selectively promote the elimination of senescent cells by disrupting pro-survival pathways. Current evidence from experimental models and emerging clinical studies suggests that nutritional senotherapeutics represent promising complementary strategies for modulating cellular senescence and promoting brain health. However, their clinical translation remains constrained by limited human evidence, low bioavailability, and unresolved challenges related to optimal dosing and blood-brain barrier penetration, highlighting the need for well-designed clinical trials before their therapeutic potential can be fully established.","Verónica Salas-Venegas, Norma E López-Diazguerrero, Ricardo J Ramírez-Carreto, Mina Konigsberg, Anahí Chavarría",Frontiers in nutrition,2026-08-03,2026,10.3389/fnut.2026.1824908,https://pubmed.ncbi.nlm.nih.gov/42609608/,0,,2,mitochondrial dysfunction,2,cellular senescence;senescent cells,0,,0,,24.0,0.3636363636363636,59,0.6179092,15,0.7322459228330761,0.375,0.5178983691332304,41,0,0,0,1,0,0,0,5,High,pubmed_articles.csv,batch_001,canonical_literature_v1,phd_evidence_strength_v1,phd_biological_score_v1,sentence-transformers/all-MiniLM-L6-v2,pubmed_phd_priority_features_v1,,0,0,0,2,0.5178983691332304,0.6666666666666666,0.0,0.0,0.0,0.0,34.79310958632973,177,Low
42134737,Cellular senescence as a systems-level driver of cardiovascular ageing.,"Cellular senescence is increasingly recognized as a fundamental driver of cardiovascular ageing; however, its molecular heterogeneity, cell-type specificity, and translational relevance remain incompletely understood. Accumulating evidence indicates that cardiovascular senescence is not a uniform or cell-autonomous process, but rather an emergent property of interacting endothelial, vascular smooth muscle, immune, and stromal cell networks shaped by metabolic stress, immune dysregulation, and chromatin reorganization. In this review, we synthesize recent advances in the molecular hallmarks of cardiovascular senescence, including DNA damage responses, telomere attrition, mitochondrial dysfunction, SASP, and epigenetic remodeling, with an emphasis on how these features diverge across cardiovascular cell types. We highlight key transcriptional and post-transcriptional regulators as nodal integrators of oxidative stress, inflammation, and metabolic reprogramming. At the systems level, we propose an inflammation-coagulation-senescence axis to conceptualize how chronic inflammatory burden, immunothrombosis, arterial stiffening, and heart failure. We further discuss emerging metabolic checkpoints in vascular smooth muscle cell ageing, as modulators of senescence initiation and progression. Finally, we critically assess current senescence-targeted strategies emphasizing that their efficacy is constrained by senescence heterogeneity, disease stage, and context-dependent cellular interactions. Rather than supporting uniform anti-senescence approaches, accumulating evidence underscores the need for precision-guided interventions that account for temporal hierarchy, cell-type specificity, and metabolic state. We argue that integrating single-cell and spatial multi-omics with biological age metrics and machine-learning will be essential to define biologically vulnerable states, identify actionable therapeutic windows, and translate senescence biology into stage-specific and cell-targeted strategies for healthier cardiovascular ageing.","Miao-Miao Wang, Tao Liu, Chen-Qin Xu, Yi-Lang Zhong, Zhi-Qiang Liang, Ji Li, Yong-Bing Cao, Jian Chen",Ageing research reviews,2026-05-14,2026 Jul,10.1016/j.arr.2026.103175,https://pubmed.ncbi.nlm.nih.gov/42134737/,0,,2,mitochondrial dysfunction,1,cellular senescence,1,cardiovascular,0,,21.0,0.3181818181818182,81,0.59798926,38,0.7533858389567868,0.4375,0.5638543355827148,69,0,0,0,0,0,0,0,0,High,,batch003,,,,,,Cellular senescence as a systems-level driver of cardiovascular ageing.,2,0,0,1,0.5638543355827148,0.3333333333333333,0.0,0.0,0.6666666666666666,0.0,34.734901745395014,178,Low
42433677,From molecular damage to regulatory constraint: epigenetic and metabolic limits of cellular plasticity in aging.,"Aging is most often portrayed as the progressive buildup of molecular damage, yet this conventional view leaves much unexplained. Over time, cells and tissues appear to lose the regulatory flexibility that allows them to adapt, repair, and reconfigure their functional states. Genomic instability, metabolic imbalance, mitochondrial dysfunction, and proteostatic decline converge on aging, but their effects focus on chromatin organization, transcriptional coordination, and signaling networks that maintain cellular identity. In this review, we propose that aging can be usefully viewed as a progressive restriction of epigenetic and regulatory plasticity, rather than as the simple accumulation of lesions. Pathways such as Wnt signaling, TET-dependent DNA demethylation, and metabolic sensors including AMPK, mTOR, and sirtuins create an interconnected landscape that links environmental and metabolic conditions with long-term cellular behavior. As this landscape becomes increasingly rigid and constrained, cells retain viability but lose their capacity for dynamic responses, stabilizing in low-plasticity states that include cellular senescence. Framing aging as a shift from adaptive plasticity toward regulatory rigidity offers a possible integrative lens on classical hallmarks and epigenetic aging signatures, without replacing existing models. Rather than targeting individual hallmarks in isolation, future approaches may need to complement hallmark-focused strategies by restoring dynamic balance within epigenetic and signaling networks that preserve tissue-level homeostasis and regenerative potential, thereby suggesting specific, testable predictions for interventions acting on metabolic-epigenetic axes.","Antoni R Godlewski, Tomasz Dziaman",Frontiers in aging,2026-06-26,2026,10.3389/fragi.2026.1872180,https://pubmed.ncbi.nlm.nih.gov/42433677/,0,,2,mitochondrial dysfunction,1,cellular senescence,0,,0,,18.0,0.2727272727272727,99,0.58251846,53,0.7211373912525803,0.375,0.513454956501032,89,0,0,0,0,0,0,0,0,High,,batch003,,,,,,From molecular damage to regulatory constraint: epigenetic and metabolic limits of cellular plasticity in aging.,0,0,0,2,0.513454956501032,0.6666666666666666,0.0,0.0,0.0,0.0,34.63759014420278,179,Low
42509801,The Inflammaging-Redox-InflammamiR Axis in Metabolic Aging: From Diagnostic Clusters to Integrated Risk Phenotypes.,"Age-associated metabolic dysfunction is commonly defined by abnormalities in adiposity, glucose regulation, lipid metabolism, and blood pressure. Although clinically useful, these criteria do not fully capture the biological heterogeneity that explains why older adults with similar metabolic profiles may follow divergent trajectories toward type 2 diabetes, cardiovascular disease, metabolic dysfunction-associated steatotic liver disease, frailty or multimorbidity. This narrative Review summarizes clinical, translational, and mechanistic evidence on the biological processes that shape metabolic aging, with particular emphasis on inflammaging, immunosenescence, cellular senescence, oxidative stress, mitochondrial dysfunction, adipose tissue dysfunction, endothelial injury, and inflammation-related microRNAs. We first discuss how chronic low-grade inflammation and immune remodeling alter the interpretation of conventional metabolic syndrome components in older adults. We then review redox imbalance and mitochondrial stress as amplifiers of insulin resistance, lipid injury, vascular dysfunction, and tissue remodeling. The review also examines inflammation-related microRNAs, including circulating and extracellular-vesicle-associated miRNAs, as post-transcriptional regulators that may connect inflammatory, metabolic, and redox pathways. Finally, we discuss how conventional metabolic markers may be integrated with inflammatory mediators, oxidative-stress indicators, adipokines, endothelial and senescence-related markers, and miRNA profiles to improve biological interpretation of metabolic risk. Within this context, we present the Inflammaging-Redox-InflammamiR Axis as a conceptual framework for organizing these overlapping mechanisms rather than as an established diagnostic or causal model. The proposed biomarker tiers and candidate risk phenotypes are author-derived, hypothesis-generating constructs intended to guide future longitudinal and interventional research. Clinical translation will require standardized assays, longitudinal validation, external replication, and intervention studies.","Nurzhanyat Ablaikhanova, Ingkar Okhas, Aidos Bolatov, Beibarys Mukhitdin, Zhazira Zhunusbayeva, Gulmira Assan, Marzhan Kulbayeva, Anar Tolebaeva, Arailym Yessenbekova, Iryna Rusanova",Biomolecules,2026-07-10,2026 Jul 10,10.3390/biom16071008,https://pubmed.ncbi.nlm.nih.gov/42509801/,0,,2,mitochondrial dysfunction,1,cellular senescence,1,cardiovascular,0,,21.0,0.3181818181818182,81,0.53321576,88,0.6183672990384623,0.4375,0.509846919615385,90,0,0,0,0,0,0,0,0,High,,batch003,,,,,,The Inflammaging-Redox-InflammamiR Axis in Metabolic Aging: From Diagnostic Clusters to Integrated Risk Phenotypes.,0,0,0,2,0.509846919615385,0.6666666666666666,0.0,0.0,0.0,0.0,34.511308853205136,180,Low
41785972,"Growth differentiation factor-15 as a clinical biomarker of frailty, sarcopenia and functional decline: A systematic literature review.","BACKGROUND: With an aging population globally, prevention of frailty and sarcopenia will become a public health priority. Growth Differentiation Factor-15 (GDF-15), a stress-responsive cytokine of the TGF-β superfamily, has emerged as a promising biomarker linking mitochondrial dysfunction, cellular senescence, and systemic inflammation to biological and phenotypic aging. OBJECTIVES: This systematic literature review systematically synthesizes the clinical evidence on GDF-15 as a biomarker of frailty, sarcopenia, and physical function, highlighting patterns, gaps, and the biological plausibility of its role as a predictive marker and therapeutic target. METHODS: Following PRISMA guidelines, we searched CENTRAL, Embase, MEDLINE, and PubMed up to February 2026. Studies involving adult human participants with measured serum GDF-15 levels and assessments of frailty or sarcopenia were included. Data were extracted and grouped thematically by population type, study design, and outcome domains. Narrative synthesis was used to compare findings and explore heterogeneity. RESULTS: From 1027 records, 35 studies were included, spanning community-dwelling adults, hospitalized patients, and individuals with cardiovascular, metabolic, gastrointestinal, and respiratory diseases. Elevated GDF-15 levels were consistently associated with poorer physical performance and greater frailty severity. Longitudinal studies suggested predictive value for future functional decline, although associations with sarcopenia were less consistent. Sex-specific variations and methodological heterogeneity, including assay techniques and diagnostic criteria, were key sources of variability. Interventional studies demonstrated limited modulation of GDF-15 levels through physical activity alone. CONCLUSIONS: These findings support the integration of GDF-15 into precision geriatric care, though further longitudinal and interventional studies, including those evaluating the incremental value of adding GDF-15 to existing screening tools for frailty, sarcopenia, and functional status, are required to establish its clinical utility.","Ainsley Ryan Yan Bin Lee, S Nachammai Vidhya, Anjin Hong, Weiling Amanda Tan, Chun En Yau, Chen Ee Low, Reshma Aziz Merchant",Ageing research reviews,2026-03-03,2026 Jun,10.1016/j.arr.2026.103085,https://pubmed.ncbi.nlm.nih.gov/41785972/,0,,2,mitochondrial dysfunction,1,cellular senescence,1,cardiovascular,0,,21.0,0.3181818181818182,81,0.5319517,89,0.6157324015021371,0.4375,0.5087929606008549,91,0,0,0,0,0,0,0,0,High,,batch003,,,,,,"Growth differentiation factor-15 as a clinical biomarker of frailty, sarcopenia and functional decline: A systematic literature review.",0,0,0,2,0.5087929606008549,0.6666666666666666,0.0,0.0,0.0,0.0,34.47442028769658,181,Low
42265429,Hyperbranched poly(β-amino ester)s-mediated delivery of engineered Klotho mRNA rescues senescence and restores cellular homeostasis in aged and Klotho deficient iMSCs.,"A decline in Klotho expression is a defining feature of aging and contributes to cellular dysfunctions. Here, we developed an engineered IVT Klotho mRNA incorporating ARCA capping. Ψ-modification and poly(A) tailing, delivered using a hyperbranched poly(β-amino ester) (HPAE)-based platform to enhance intracellular delivery and translation. Using CRISPR edited KL (-/-) iPSCs and derived iMSCs, we show that loss of KL induces a robust senescent phenotype characterized by activation of p53-p21-p16 pathways, mitochondrial depolarization, elevated ROS, and altered Ca2+ homeostasis. A single dose of an engineered KL mRNA restored its protein expression within 24 h and rapidly suppressed senescence markers at both transcript and protein levels. Mechanistically, KL mRNA treatment rejuvenated mitochondrial functions by restoring membrane potential, increasing SOD2 expression, reducing mitochondrial ROS, and normalizing Ca2+ homeostasis consistent with Klotho's known roles. Importantly, the rejuvenation response was selective; old and KL (-/-) iMSCs displayed substantial recovery. Whereas young iMSCs remained largely unaffected, indicating that KL acts as a stress responsive factor. These findings support engineered KL mRNA as a promising non-integrating transcript-based therapeutic approach for ameliorating senescence-associated cellular dysfunction. This work supports the potential of KL mRNA to restore regenerative capacity in older conditions and highlighting mRNA-based therapeutics as a promising direction for anti-aging and regenerative medicine.","Syed Aqib Ali Zaidi, Haiyang Yong, Arshad Ahmed Padhiar, Abdullah Faqeer, Jingwei Song, Liangge He, Syed Saqib Ali Zaidi, Nawaz Khan, Dezhong Zhou, Guangqian Zhou",Drug delivery and translational research,2026-06-09,2026 Jun 09,10.1007/s13346-026-02166-x,https://pubmed.ncbi.nlm.nih.gov/42265429/,0,,2,mitochondrial ros,0,,0,,0,,12.0,0.1818181818181818,136,0.49524188,109,0.5392118136527155,0.25,0.3656847254610862,138,0,0,1,0,0,0,0,2,Moderate,,batch003,,,,,,Hyperbranched poly(β-amino ester)s-mediated delivery of engineered Klotho mRNA rescues senescence and restores cellular homeostasis in aged and Klotho deficient iMSCs.,0,0,1,2,0.3656847254610862,0.6666666666666666,0.0,0.5,0.0,0.0,34.465632057804676,182,Low
42327492,Neonatal muscle-derived extracellular vesicles containing miR-542-3p rejuvenate aged skeletal muscle via a functional microneedle patch.,"Age-related skeletal muscle aging can lead to sarcopenia and is closely associated with cellular senescence and mitochondrial dysfunction. Neonatal mammalian muscle exhibits a strong regenerative capacity, and neonatal muscle extracellular vesicles (NMEVs) show therapeutic potential against skeletal muscle aging. In this study, we isolated NMEVs for the first time and found that they significantly alleviated palmitic acid (PA)-induced senescence, mitochondrial dysfunction, and lipid accumulation in C2C12 cells. in vivo, we developed a bilayer microneedle (MN) system loaded with NMEVs (NMEVs@PLGA@Fucoidan-HA MN) and applied it to aged mice. The MN effectively enhanced mitochondrial function, reduced muscle aging and fibrosis, and decreased lipid deposition. Mechanistically, miR-542-3p enriched in NMEVs directly targeted and downregulated Asxl2-PPARγ, leading to reduced lipid accumulation. At the same time, it suppressed Eef1a1 to activate the AMPK pathway, thereby improving mitochondrial function and attenuating cellular senescence. Our findings demonstrate the protective role of NMEVs delivered via an innovative MN system against muscle aging, where miR-542-3p plays a central role by concurrently targeting Eef1a1 and Asxl2 to mitigate senescence and lipid dysregulation. This study reveals a novel molecular mechanism underlying the anti-aging potential of NMEVs and offers a promising therapeutic strategy for skeletal muscle aging.","Feifei Yuan, Yong Chen, Wenjie Li, Lin Zhang, Ruixue Du, Sheng Xu, Zhiyu Hu, Tao Zhang, Ling Qin, Hongbin Lu, Chengjun Li",Bioactive materials,2026-06-13,2026 Nov,10.1016/j.bioactmat.2026.06.011,https://pubmed.ncbi.nlm.nih.gov/42327492/,0,,2,mitochondrial dysfunction,2,cellular senescence,1,skeletal muscle,0,,27.0,0.4090909090909091,45,0.5581745,42,0.6113289018393994,0.4375,0.5070315607357598,45,0,0,0,1,0,0,0,5,High,pubmed_articles.csv,batch_001,canonical_literature_v1,phd_evidence_strength_v1,phd_biological_score_v1,sentence-transformers/all-MiniLM-L6-v2,pubmed_phd_priority_features_v1,,0,0,0,2,0.5070315607357598,0.6666666666666666,0.0,0.0,0.0,0.0,34.412771292418256,183,Low
41795854,Endothelial cell senescence: A core mechanism in the development of cardiovascular metabolic diseases.,"Endothelial cells (ECs), as integral components of the vascular intima, play a pivotal role in the regulation of vascular tone, maintenance of blood flow homeostasis, and control of inflammatory responses. In response to pathological insults such as oxidative stress, mitochondrial dysfunction, and persistent inflammatory stimulation, ECs undergo senescence-associated phenotypic transitions, characterized by cell cycle arrest, endothelial dysfunction, and the establishment of a chronic pro-inflammatory microenvironment. Senescent ECs exacerbate inflammatory signaling, impair vascular homeostasis, and reshape intercellular communication networks, thereby constituting a fundamental pathological mechanism underlying the development and progression of cardiometabolic diseases, including atherosclerosis (AS), diabetes mellitus (DM), and hypertension (HTN). This review comprehensively summarizes the major triggers, molecular regulatory pathways, and functional consequences of endothelial cell senescence, with a particular focus on the central role of inflammation in mediating senescence-driven cardiometabolic disease progression. Furthermore, potential therapeutic strategies targeting endothelial cell senescence are briefly discussed, providing theoretical insights for the prevention and management of cardiometabolic disorders.","Xu Yang, Lijin Wang, Yunyun Liu, Haiyang Guan, Yu Wu, Bowen Wang, Lili Zhu, Saijun Zhang, Qing Li",International journal of cardiology,2026-03-05,2026 Jun 01,10.1016/j.ijcard.2026.134276,https://pubmed.ncbi.nlm.nih.gov/41795854/,0,,2,mitochondrial dysfunction,0,,1,cardiovascular,0,,15.0,0.2272727272727272,132,0.6143338,28,0.7874555731295065,0.3125,0.5024822292518026,92,0,0,0,0,0,0,0,0,High,,batch003,,,,,,Endothelial cell senescence: A core mechanism in the development of cardiovascular metabolic diseases.,0,0,0,2,0.5024822292518026,0.6666666666666666,0.0,0.0,0.0,0.0,34.25354469047976,184,Low
42621049,The dual role of the cGAS-STING signaling pathway in kidney diseases: from acute injury to chronic fibrosis - molecular mechanisms and precision therapeutic strategies.,"The cyclic GMP-AMP synthase (cGAS)-stimulator of interferon genes (STING) signaling pathway, a central sensor of cytosolic DNA, plays a critical role in mediating innate immune responses. In recent years, research on this pathway in the field of kidney diseases has expanded explosively, extending from acute kidney injury (AKI) to various pathological conditions including chronic kidney disease (CKD), diabetic kidney disease (DKD), lupus nephritis (LN), and renal cell carcinoma (RCC). This review systematically summarizes the activation mechanisms and functional diversity of the cGAS-STING pathway in different kidney diseases. In AKI, mitochondrial DNA leakage, metabolic disturbances (lipid accumulation, lactate accumulation), and post-translational modifications (e.g., LDHB K156 lactylation) collectively activate this pathway, driving sterile inflammation. In CKD and renal fibrosis, the pathway promotes metabolic reprogramming, cellular senescence, and extracellular matrix deposition through canonical (TBK1-IRF3/NF-κB) and non-canonical (STING-PERK-eIF2α) signaling axes, as well as epitranscriptional regulation (e.g., METTL3-mediated m6A modification). In DKD and LN, its overactivation mediates podocyte injury and type I interferonopathy, respectively. Of note, in RCC, this pathway primarily exerts anti-tumor immune surveillance, highlighting its highly context-dependent functions. Although preclinical studies have demonstrated the therapeutic potential of various small-molecule inhibitors (e.g., RU.521, H-151) and natural product monomers or herbal formulas, clinical translation still faces four major challenges: the dual nature of pathway function (balancing host defense versus sterile inflammation), insufficient specificity and safety of existing inhibitors, lack of predictive biomarkers for therapeutic efficacy, and drug delivery difficulties arising from renal anatomical heterogeneity. To address these bottlenecks, this review proposes next-generation precision modulation strategies, including the development of tissue/cell-specific targeted delivery systems (e.g., biomimetic nanoscavengers), application of proteolysis-targeting chimera (PROTAC) technology, intervention in upstream metabolic and mitochondrial homeostasis, modulation of post-translational modifications, and combination therapies (e.g., with SGLT2 inhibitors, immune checkpoint inhibitors, or senolytics). Finally, we discuss key future directions in this field: advancing highly selective STING inhibitors/degraders into clinical trials, establishing combinatorial biomarker panels based on urinary mtDNA/cGAMP, and achieving precision medicine stratification based on patient-specific pathway activation subtypes. In conclusion, the cGAS-STING pathway has emerged as a central hub linking kidney injury to inflammation, metabolism, and fibrosis, and its precise modulation holds transformative therapeutic promise for hundreds of millions of patients with kidney diseases worldwide.","Guangdong Qi, Fei Xue, Hualin Sun, Xinlei Yao, Qingyuan Liu",Frontiers in pharmacology,2026-08-05,2026,10.3389/fphar.2026.1882994,https://pubmed.ncbi.nlm.nih.gov/42621049/,0,,2,mitochondrial homeostasis,1,cellular senescence,1,kidney,0,,21.0,0.3181818181818182,67,0.4636816,74,0.4200531446487983,0.3125,0.3555212578595194,80,0,0,1,0,0,0,0,2,Moderate,pubmed_articles.csv,batch_001,canonical_literature_v1,phd_evidence_strength_v1,phd_biological_score_v1,sentence-transformers/all-MiniLM-L6-v2,pubmed_phd_priority_features_v1,,0,0,1,2,0.3555212578595194,0.6666666666666666,0.0,0.5,0.0,0.0,34.10991069174984,185,Low
41985718,Inhibition of S100A9 mitigates aging-related mitochondrial dysfunction and neurodegeneration in Parkinson's disease.,"Aging is the most important risk factor for Parkinson's disease (PD). S100A9, a calcium-binding protein, is closely related to a variety of aging-related diseases, but its role in the pathogenesis of PD is still unclear. This study aims to investigate the role of S100A9 in aging-related mechanisms in PD. C57BL/6J mice were intraperitoneally injected with 1-methyl-4-phenyl-1,2,3, 6-tetrahydropyridine (MPTP; 15 mg/kg four times daily), followed by Paquinimod (a S100A9 inhibitor; 7 mg/kg, once a day for 7 days after model establishment, totaling 8 doses). We found that MPTP induced significant motor deficits and dopaminergic nerve damage, accompanied by up-regulation of p21 expression, down-regulation of Lamin B1 expression, and significant increases in SASP factors such as MMP9, IL-1α, IL-1β, and IL-6. Treatment with recombinant S100A9 protein induced senescence-like molecular alterations and reduced expression of mitochondrial biogenesis-associated genes in astrocytes in vitro. Inhibition of S100A9 effectively improved movement disorders, restore TH-positive fiber density, reduce the expression of cell senescence markers and SASP factors, and up-regulate mitochondrial function-related genes. Studies have shown that S100A9 plays a key bridge between aging and neurodegeneration in PD. Inhibition of S100A9 may be a potential therapeutic strategy to alleviate cell senescence and mitochondrial damage in PD.","Lu-Lu Tan, Xiao-Yu Ma, Yi-Meng Xia, Ting Li, Ming-An Li, Jian Wu, Xin Nie, Shu-Bing Huang, Chun Cui, Wei-Jiang Zhao, Chen-Meng Qiao, Yan-Qin Shen",Neurochemistry international,2026-04-13,2026 Jun,10.1016/j.neuint.2026.106160,https://pubmed.ncbi.nlm.nih.gov/41985718/,0,,2,mitochondrial biogenesis;mitochondrial dysfunction,0,,0,,0,,12.0,0.1818181818181818,136,0.48134363,119,0.5102413022179489,0.25,0.3540965208871796,141,0,0,1,0,0,0,0,2,Moderate,,batch003,,,,,,Inhibition of S100A9 mitigates aging-related mitochondrial dysfunction and neurodegeneration in Parkinson's disease.,0,0,1,2,0.3540965208871796,0.6666666666666666,0.0,0.5,0.0,0.0,34.06004489771795,186,Low
42712045,3D Culture Reverses Limbal Niche Cell Replicative Aging via FOSL1 Upregulation.,"Limbal niche cells (LNCs) serve as essential regulators of limbal microenvironmental homeostasis and corneal epithelial wound repair, representing a promising therapeutic resource for limbal stem cell deficiency (LSCD). However, their clinical application is constrained by replicative aging during in vitro expansion. In this study, we investigated whether a three-dimensional (3D) Matrigel-based culture system could modulate replicative aging in LNCs. Compared with conventional two-dimensional (2D) culture, 3D-cultured LNCs restored stemness marker expression and enhanced proliferative capacity. Concurrently, these cells displayed reduced senescence-associated β-galactosidase (SA-β-gal) activity and decreased expression of senescence-associated proteins, including p16, p21, p53, and γ-H2AX. Single-cell RNA sequencing (scRNA-seq) analysis revealed prominent upregulation of FOS-like antigen 1 (FOSL1). FOSL1 is a component of the AP-1 transcription factor family and participates in cell proliferation and stress adaptation. Functional assays using an in vitro replicative aging model showed that FOSL1 knockdown in early-passage (P4) LNCs accelerated senescence, whereas FOSL1 overexpression in late-passage (P11) LNCs attenuated senescence. Mechanistically, FOSL1 knockdown induced mitochondrial dysfunction characterized by elevated levels of mitochondrial superoxide and cellular reactive oxygen species (ROS), as well as a decrease in mitochondrial membrane potential, while FOSL1 overexpression preserved mitochondrial integrity and function. Collectively, our findings demonstrate that 3D culture reverses LNC replicative aging through FOSL1-mediated enhancement of mitochondrial function, providing a microenvironment-based strategy to counteract replicative aging in adult stem cells for corneal regenerative therapy.","Xuying Wang, Shen Li, Zibin Liu, Xinghan Guo, Jiachao Shen, Tianyu Zhou, Shuying Liao, Xiaoyu Huang, Wei Wang, Lingjuan Xu, Xinjie Zang, Guigang Li",Aging cell,,2026 Sep,10.1111/acel.70705,https://pubmed.ncbi.nlm.nih.gov/42712045/,0,,2,mitochondrial dysfunction;mitochondrial membrane potential,0,,0,,0,,12.0,0.1818181818181818,91,0.48251492,67,0.4581761945648543,0.125,0.2582704778259417,93,0,0,1,0,0,0,0,2,Moderate,pubmed_articles.csv,batch_001,canonical_literature_v1,phd_evidence_strength_v1,phd_biological_score_v1,sentence-transformers/all-MiniLM-L6-v2,pubmed_phd_priority_features_v1,,1,0,1,2,0.2582704778259417,0.6666666666666666,0.0,0.5,0.3333333333333333,0.0,34.03946672390796,187,Low
42150705,Rethinking insulin resistance in aging: A reserve-oriented clinical framework.,"Ageing represents one of the strongest non-modifiable determinants of insulin resistance (IR), a condition that extends well beyond impaired glucose handling and underling a broad spectrum of metabolic, cardiovascular, and neuropsychiatric disorders. In older adults, IR emerges from the progressive loss of physiological reserve across multiple organ systems rather than from isolated defects in insulin signalling. This narrative review examines the metabolic, inflammatory, and hormonal mechanisms linking ageing to insulin resistance, with a specific focus on skeletal muscle deterioration, adipose tissue remodelling, mitochondrial dysfunction, chronic low-grade inflammation, and cellular senescence. Age-related sarcopenia and myosteatosis compromise peripheral glucose disposal, while visceral adipose tissue expansion and adipocyte senescence promote a pro-inflammatory and insulin-desensitizing milieu. These peripheral alterations are amplified by inflammageing, mitochondrial-endoplasmic reticulum dysfunction, and endocrine dysregulation involving growth hormone, sex steroids, and adipokines. Importantly, insulin resistance in ageing is increasingly recognized as a systemic condition affecting brain metabolism, thereby contributing to cognitive decline, depression, and frailty. Understanding insulin resistance as a multisystem failure of metabolic resilience provides a conceptual framework for integrated preventive and therapeutic strategies in older adults, combining lifestyle interventions, targeted pharmacological approaches, and emerging geroscience-based therapies.","Virginia Boccardi, Alan J Sinclair",Ageing research reviews,2026-05-17,2026 Jul,10.1016/j.arr.2026.103180,https://pubmed.ncbi.nlm.nih.gov/42150705/,0,,2,mitochondrial dysfunction,1,cellular senescence,1,skeletal muscle;cardiovascular,0,,21.0,0.3181818181818182,81,0.5164138,99,0.5833440857341621,0.4375,0.4958376342936648,95,0,0,0,0,0,0,0,0,Moderate,,batch003,,,,,,Rethinking insulin resistance in aging: A reserve-oriented clinical framework.,0,0,0,2,0.4958376342936648,0.6666666666666666,0.0,0.0,0.0,0.0,34.02098386694493,188,Low
42445133,Mechanistic redundancy and hierarchy of aging mechanisms: implications for strategies to extend healthspan and biomarker integration.,"Aging involves a network of interrelated biological processes that differ in causality and impact. This review proposes a hierarchical framework of primary, secondary, and tertiary drivers of human aging while emphasizing the extensive feedback loops and mechanistic redundancy. Primary mechanisms include molecular damage, particularly genomic and mitochondrial DNA damage, and mutation accumulation that cumulatively result in genomic instability, and telomere attrition, which represents a separate primary driver. Although rarely recognized as an independent aging mechanism, female sex hormone decline, particularly the abrupt loss of sex steroid signaling at menopause and earlier perimenopausal changes, may constitute a primary sex-specific driver of human aging as an evolved process that amplifies molecular and physiological deterioration. Mechanisms acting as both primary and secondary include damage to molecules other than DNA including protein damage with loss of proteostasis and lipid damage, which may arise directly from molecular insults or emerge as downstream consequences of DNA damage and other primary mechanisms, while also feeding back to accelerate upstream deterioration. Secondary mechanisms comprise cellular senescence, impaired macroautophagy, deregulated nutrient sensing, epigenetic alterations, mitochondrial dysfunction, and altered intercellular communication. These processes emerge downstream of initial damage and further reciprocally reinforce it. Tertiary mechanisms of aging comprise stem cell exhaustion, chronic inflammation, and dysbiosis, which represent the system-level deterioration exacerbating molecular dysfunction. This hierarchical network-based model suggests that many hallmarks of aging may represent manifestations of redundant upstream molecular insults. This review focuses on primary mechanisms as the causative drivers of aging and proposes that the strategy to extend healthspan may require preventive approaches targeting distinct redundant primary mechanisms. Complex preventive interventions that simultaneously reduce molecular damage, slow telomere attrition, and compensate for estrogen depletion may delay the initiation and amplification of secondary and tertiary aging mechanisms. This framework supports coordinated multi-target strategies for healthspan extension and underscores the need for validated biomarkers that reflect these upstream processes as part of an integrated preventive approach.",Maria Shvedova,Frontiers in aging,2026-06-29,2026,10.3389/fragi.2026.1776669,https://pubmed.ncbi.nlm.nih.gov/42445133/,0,,2,mitochondrial dysfunction,1,cellular senescence,0,,0,,18.0,0.2727272727272727,99,0.55893964,68,0.6719880037808984,0.375,0.4937952015123593,96,0,0,0,0,0,0,0,0,Moderate,,batch003,,,,,,Mechanistic redundancy and hierarchy of aging mechanisms: implications for strategies to extend healthspan and biomarker integration.,0,0,0,2,0.4937952015123593,0.6666666666666666,0.0,0.0,0.0,0.0,33.949498719599234,189,Low
42518051,AGGF1 delays endothelial cellular senescence through the TGFB3-TAK1-AMPK signaling axis.,"Endothelial senescence is a critical contributor to vascular aging and age-related vasculopathies. Our previous work identified AGGF1 as a regulator of cell cycle progression and anti-inflammatory signaling. However, whether AGGF1 modulates endothelial senescence remains unclear. Here, we demonstrate that AGGF1 is downregulated in both replicative and DOX-induced senescent HUVECs. AGGF1 knockdown accelerated cellular senescence as evidenced by senescence markers, including increased SA-β-gal activity, enhanced formation of γH2AX foci, elevated IL-6 levels, and impaired proliferation, whereas AGGF1 overexpression prevented DOX- and MMC-induced senescence using adenovirus and lentivirus-mediated gene manipulation. To investigate the underlying mechanisms, we performed RNA sequencing, small-molecule drug intervention, transmission electron microscopy (TEM), and other imaging techniques in subsequent experiments. Transcriptomic and functional analyses revealed that AGGF1 transcriptionally upregulates TGFB3, which is associated with TAK1 activation and AMPK phosphorylation, ultimately inhibiting excessive mitochondrial fragmentation and suppressing cellular senescence. This signaling module reduced DRP1 expression and attenuated its activating phosphorylation at Ser616. TEM results further confirmed that AGGF1 overexpression significantly reduced mitochondrial fragmentation in cells. Additionally, this proposed association was supported by pharmacological inhibition (Takinib, Compound C) and TGFB3 knockdown, which abrogated AGGF1-mediated protection. Collectively, we identified that AGGF1 is critical for regulating a proposed TGFB3-TAK1-AMPK regulatory module, which delays endothelial senescence partially through maintenance of mitochondrial morphology. Our study provides evidence that AGGF1 plays an important role in metabolic control and cellular senescence.","Xiaojuan Zhong, Weixin Lv, Xueer Li, Limei Wang, Minhong Zhang, Kang Liu, Jiayi Dong, Qiang Yuan, Shilin Zhang, Andong Wu, Xueting Gong, Jiankun Liu, Bingbing Zhou, Shihui Ye, Qiquan Wang, Yang Xiang, Xiao-Li Tian",Biogerontology,2026-07-28,2026 Jul 28,10.1007/s10522-026-10474-5,https://pubmed.ncbi.nlm.nih.gov/42518051/,2,DNM1L,0,,3,cellular senescence,0,,1,transcriptomics,29.0,0.4393939393939394,54,0.5924225,45,0.7417820842225863,0.6041666666666666,0.6592128336890345,38,1,1,0,0,0,0,0,4,High,,batch003,,,,,,AGGF1 delays endothelial cellular senescence through the TGFB3-TAK1-AMPK signaling axis.,1,1,0,0,0.6592128336890345,0.0,0.5,0.0,0.3333333333333333,0.0,33.90578251244954,190,Low
42710703,Senotherapeutic Potential of Anti-Diabetic Medications: Bridging Type 2 Diabetes and Accelerated Aging.,"Aging and type 2 diabetes (T2D) are increasingly recognized as interconnected biological processes that share core pathogenic mechanisms, including cellular senescence, mitochondrial dysfunction, chronic low-grade inflammation, impaired autophagy, stem cell exhaustion, dysregulated nutrient sensing, and gut microbiota imbalance. Chronic hyperglycemia and insulin resistance accelerate tissue degeneration across multiple organ systems, thereby establishing T2D as a clinically relevant model of accelerated biological aging. In this context, anti-diabetic medications have attracted growing interest not only as glycemic control agents, but also for their potential to modulate aging biology and delay age-related functional decline. Here, we review the emerging evidence supporting the senotherapeutic properties of metformin, sodium-glucose cotransporter-2 inhibitors (SGLT-2i), dipeptidyl peptidase-4 inhibitors (DPP-4i), glucagon-like peptide-1 receptor agonists (GLP-1RAs), alpha-glucosidase inhibitors (AGIs), sulfonylureas (SUs), thiazolidinediones (TZDs), and insulin. These agents have been reported to influence key aging-related pathways, including AMPK, mTOR, SIRT1, NF-κB, ROS/c-JNK, and insulin/IGF-1 signaling, and to exert beneficial effects on cellular senescence, inflammaging, mitochondrial homeostasis, proteostasis, immunosenescence, autophagy, and gut microbiota composition. Despite strong preclinical support, translational relevance remains uncertain due to model heterogeneity, limited randomized clinical evidence, and insufficient long-term follow-up. Clarifying tissue specificity, timing, dose, and patient selection will be essential for determining whether anti-diabetic agents can be safely repurposed as gerotherapeutics.","Haoling Cui, Ayesha Nisar, Zhongping Duan, Jian Mao, Hong Zhu, Lintong Li, Xiaoyan Cao, Yonghan He, Wen Li",Pharmacological research,2026-09-08,2026 Sep 08,10.1016/j.phrs.2026.108443,https://pubmed.ncbi.nlm.nih.gov/42710703/,0,,2,mitochondrial homeostasis;mitochondrial dysfunction,1,cellular senescence,0,,0,,18.0,0.2727272727272727,75,0.5012306,61,0.4960611135729171,0.25,0.3484244454291668,82,0,0,1,0,0,0,0,2,Moderate,pubmed_articles.csv,batch_001,canonical_literature_v1,phd_evidence_strength_v1,phd_biological_score_v1,sentence-transformers/all-MiniLM-L6-v2,pubmed_phd_priority_features_v1,,0,0,1,2,0.3484244454291668,0.6666666666666666,0.0,0.5,0.0,0.0,33.8615222566875,191,Low
41489261,TCAB1: a key promoter of tumor growth through telomere maintenance and senescence evasion.,"TCAB1 (telomerase Cajal body protein 1), encoded by the WRAP53 gene on chromosome 17p13.1, is a molecular scaffold critical for protein-nucleic acid interactions. In normal cells, TCAB1 plays a pivotal role in localizing telomerase to Cajal bodies, thereby ensuring proper telomere maintenance and genomic stability. In cancer cells, however, TCAB1 is frequently overexpressed, which supports unchecked proliferation and therapy resistance. Conversely, knockdown of TCAB1 triggers multiple tumor-suppressive mechanisms, including G1 cell cycle arrest - mediated by impaired p21 ubiquitination and subsequent Cyclin E/CDK2 inactivation - as well as telomere shortening and genomic instability due to mitochondrial dysfunction and defective DNA repair. Notably, the induction of cellular senescence emerges as a key anticancer mechanism upon TCAB1 depletion, particularly in early-stage tumors retaining wild-type p53. This review delineates the dual roles of TCAB1, highlighting its function as a context-dependent oncoprotein and the therapeutic potential of targeting it to induce senescence.","Mei-Yu Lin, Dian Jiang, Nini Tian, Xiang Yao, Xing-Hua Pan, Li-Hua Ma, Jing Gao, Zi-An Li, Xiang-Qin Zhu, Xi-Long Zhao, Guang-Ping Ruan","Cell cycle (Georgetown, Tex.)",2026-01-05,2026 Dec,10.1080/15384101.2025.2609646,https://pubmed.ncbi.nlm.nih.gov/41489261/,0,,2,mitochondrial dysfunction,3,cellular senescence,0,,0,,30.0,0.4545454545454545,33,0.49155125,62,0.4764678425402486,0.5,0.4905871370160994,48,0,0,0,1,0,0,0,5,Moderate,pubmed_articles.csv,batch_001,canonical_literature_v1,phd_evidence_strength_v1,phd_biological_score_v1,sentence-transformers/all-MiniLM-L6-v2,pubmed_phd_priority_features_v1,,0,0,0,2,0.4905871370160994,0.6666666666666666,0.0,0.0,0.0,0.0,33.837216462230145,192,Low
42406505,Machine Learning-Assisted Label-Free SERS Decoding of Mitochondrial Molecular Dynamics in Ovarian Granulosa Cells during Aging.,"Ovarian aging is a pivotal determinant of female reproductive decline, of which ovarian granulosa cell senescence is the core executive link and amplifier, while mitochondrial dysfunction is considered an initiator of granulosa cell senescence. Consequently, nondestructive and in situ dynamic measurements of dynamic molecular events within mitochondria during granulosa cell senescence are crucial for deciphering this complex biological process. Herein, we developed mitochondria-targeting gold nanobipyramids (Au NBs) as a SERS substrate for monitoring the associated molecular stress responses within mitochondria during the oxidative aging process of an ovarian granulosa cell at the single-cell level. The label-free SERS spectra revealed key aging-induced biomolecular events and signatures within mitochondria, including DNA damage, protein conformational changes, and lipid peroxidation. Notably, accurate discrimination between senescence cells and normal cells can be achieved using the machine learning-based SERS spectra of mitochondria, achieving 100% identification accuracy. This study established a machine learning-assisted label-free SERS sensing platform for decoding mitochondrial molecular dynamics, offering profound insights into the mechanisms of ovarian aging at the cellular level and important evidence for clinical evaluation of ovarian reserve in the future.","Hongjin Xue, Zhanfeng Li, Zhi Wang, Zutao Chen, Peng Zhao, Yongdong Jin, Guohua Qi",Analytical chemistry,2026-07-06,2026 Jul 21,10.1021/acs.analchem.5c08173,https://pubmed.ncbi.nlm.nih.gov/42406505/,0,,2,mitochondrial dysfunction,0,,1,ovarian granulosa,0,,15.0,0.2272727272727272,132,0.5978425,39,0.7530799218623206,0.3125,0.4887319687449283,98,0,0,0,0,0,0,0,0,Moderate,,batch003,,,,,,Machine Learning-Assisted Label-Free SERS Decoding of Mitochondrial Molecular Dynamics in Ovarian Granulosa Cells during Aging.,0,0,0,2,0.4887319687449283,0.6666666666666666,0.0,0.0,0.0,0.0,33.77228557273916,193,Low
42343000,"Targeting oxidative stress, senescence, and neurodegeneration: anti-aging perspectives of Urtica dioica and Centella asiatica.","The aging process is essentially a result of a network of biological events including oxidative stress, chronic inflammation, cellular senescence, mitochondrial dysfunction, and neurodegeneration. In the search for effective multi-target anti-aging strategies, there is a growing trend towards the use of plant compounds with strong bioactivities. Among numerous medicinal plants, Urtica dioica and Centella asiatica are two of the most extensively studied for their antioxidant, anti-inflammatory, neuroprotective, and skin-regenerative effects. This paper is a comprehensive review of the phytochemical contents, pharmacological effects, and combined potentials of these plants in the alleviation of aging-related biological markers. Urtica dioica is a plant that is packed with flavonoids, phenolic acids, sterols, and vitamins and it has a strong capability to scavenge free radicals. It also changes the inflammatory pathways and keeps cells alive. Centella asiatica, which is known to have triterpenoids like asiaticoside, madecassoside, and asiatic acid, not only facilitates collagen production but also improves brain function and is effective in getting rid of oxidative and inflammatory stressors that lead to aging. As a result, the duo of these natural products exhibits the most similar functions that can navigate the senescence-associated pathways, attack neuronal loss and preserve skin morphology and physiology. Although there is sufficient preclinical evidence and some clinical trials to support the fact that these two plant extracts have therapeutic effects, the problems related to standardization, bioavailability, safety, and regulatory approval of combined herbal formulations remain. This review bridges the gap between the present mechanistic understanding, clinical utilization, drawbacks, and future directions, thereby, reflecting the potential of U. dioica and C. asiatica as two synergistic anti-aging agents in nutraceutical, cosmeceutical, and integrative medicine frameworks.","Pratiksha Dobriyal, Vaishnavi Singh, Falguni Goel, Vipin Kumar Garg",Inflammopharmacology,2026-06-24,2026 Jul,10.1007/s10787-026-02309-z,https://pubmed.ncbi.nlm.nih.gov/42343000/,0,,2,mitochondrial dysfunction,2,cellular senescence,0,,0,,24.0,0.3636363636363636,59,0.46185318,126,0.4696140070841193,0.5,0.4878456028336477,100,0,0,0,1,0,0,0,5,Moderate,,batch003,,,,,,"Targeting oxidative stress, senescence, and neurodegeneration: anti-aging perspectives of Urtica dioica and Centella asiatica.",0,0,0,2,0.4878456028336477,0.6666666666666666,0.0,0.0,0.0,0.0,33.74126276584434,194,Low
42539827,Breaking barriers in pulmonary health of patients with metabolic diseases: senolytics and beyond.,"Aging is the primary risk factor for most chronic diseases and is accompanied by the progressive accumulation of senescent cells within tissues. While cellular senescence initially serves as a protective mechanism that limits the proliferation of damaged cells, its persistent presence contributes to tissue dysfunction through the secretion of a broad spectrum of inflammatory and profibrotic mediators. The resulting chronic low-grade inflammation, oxidative stress, immune dysregulation, and impaired regenerative capacity are increasingly recognized as hallmarks of age-related pathology. Chronic pulmonary diseases, including chronic obstructive pulmonary disease and idiopathic pulmonary fibrosis, increase markedly with age and are increasingly regarded as manifestations of accelerated lung aging. Their development and progression are further exacerbated by obesity and type 2 diabetes mellitus, two highly prevalent metabolic disorders characterized by chronic metabolic stress, mitochondrial dysfunction, systemic inflammation, and enhanced accumulation of senescent cells. Emerging evidence suggests that cellular senescence represents a common biological denominator linking metabolic and pulmonary disease. Through persistent inflammatory and profibrotic signaling, senescent cells establish a self-perpetuating cycle of chronic inflammation, extracellular matrix remodeling, fibrosis, endothelial dysfunction, and impaired tissue repair, thereby driving progressive deterioration of both metabolic and pulmonary function. The recognition of cellular senescence as one of the important drivers of both chronic pulmonary and metabolic diseases has stimulated growing interest in therapeutic strategies aimed at reducing senescent-cell burden or attenuating its detrimental effects. Current approaches include both novel senotherapies specifically targeting cellular senescence, as well as established therapies used in metabolic diseases that have recently been shown to exert senescence-modulating effects. Although clinical evidence remains limited, targeting cellular senescence offers a unique opportunity to address the underlying biology of aging rather than individual disease manifestations. This review highlights the emerging role of cellular senescence as a mechanistic link between chronic pulmonary diseases and metabolic disorders and discusses its potential as a therapeutic target.","Michaela Rennerova, Marie Zaloudikova, Martin Haluzik, Sona Stemberkova Hubackova",Frontiers in aging,2026-07-17,2026,10.3389/fragi.2026.1812724,https://pubmed.ncbi.nlm.nih.gov/42539827/,0,,2,mitochondrial dysfunction,1,cellular senescence;senescent cells,0,,0,,18.0,0.2727272727272727,99,0.54960203,75,0.6525240182231202,0.375,0.4860096072892481,101,0,0,0,0,0,0,0,0,Moderate,,batch003,,,,,,Breaking barriers in pulmonary health of patients with metabolic diseases: senolytics and beyond.,0,0,0,2,0.4860096072892481,0.6666666666666666,0.0,0.0,0.0,0.0,33.67700292179035,195,Low
42459836,Microenvironmental remodeling in FLASH radiotherapy.,"FLASH radiotherapy (FLASH-RT), characterized by ultra-high dose rate irradiation (>40 Gy/s), has emerged as a promising strategy for expanding the therapeutic window by sparing normal tissues while preserving tumor control. This review proposes a microenvironment-centered framework that interprets FLASH-RT as a physical-chemical-biological continuum: beam parameters and energy deposition shape oxygen dynamics and radical chemistry, which subsequently influence cellular stress responses, tissue repair, immune regulation, and late remodeling. Within this framework, we integrate current evidence regarding physical prerequisites, organ-specific normal-tissue responses, tumor-control outcomes, early clinical translation, and biological mechanisms. Preclinical studies across the central nervous system, lung, gastrointestinal tract, skin, and other organ systems suggest that FLASH-RT can attenuate acute inflammation, preserve stem and progenitor cell populations and regenerative capacity, reduce persistent DNA damage and cellular senescence, and mitigate late fibrosis. In several tumor models, FLASH-RT has maintained tumor control comparable to that achieved with conventional dose rate radiotherapy, without clear evidence of compromised antitumor efficacy. Early clinical studies have demonstrated feasibility and preliminary safety in superficial skin lesions and palliative treatment of bone metastases. Mechanistically, FLASH-induced microenvironmental remodeling may involve altered oxygen dynamics and radical chemistry, attenuation of inflammatory and fibrotic signaling, preservation of mitochondrial homeostasis, and modulation of immune responses. However, these responses are not uniform and depend on radiation modality, linear energy transfer, dose-rate structure, tissue context, and postirradiation time. By linking upstream irradiation conditions to downstream microenvironmental remodeling, this framework clarifies both shared responses and beam- or context-specific mechanisms. Standardized dosimetry, dynamic in vivo measurements, and paired tumor-normal tissue evaluations remain essential for testing causal relationships and guiding clinical translation.","Yubo Zhao, Hang Li, Jiaqiao Zhong, Jianguo Xu, Liangxue Zhou, Yi Liu, Yuelong Wang",Frontiers in cell and developmental biology,2026-07-01,2026,10.3389/fcell.2026.1883109,https://pubmed.ncbi.nlm.nih.gov/42459836/,0,,2,mitochondrial homeostasis,2,cellular senescence,0,,0,,24.0,0.3636363636363636,59,0.2843717,149,0.0996588511616616,0.5,0.3398635404646646,142,0,0,1,1,0,0,0,7,Moderate,,batch003,,,,,,Microenvironmental remodeling in FLASH radiotherapy.,0,0,1,2,0.3398635404646646,0.6666666666666666,0.0,0.5,0.0,0.0,33.56189058292993,196,Low
42547759,Targeting the NO-cGMP axis in age-related vascular dysfunction: a systematic review and meta-analysis of preclinical animal studies.,"Vascular dysfunction in aging is driven by multiple interconnected hallmarks of aging, including DNA damage, oxidative stress, chronic inflammation, mitochondrial dysfunction, and cellular senescence and features by endothelial impairment, inflammation, and reduced nitric oxide-cyclic guanosine monophosphate (NO-cGMP) signaling. Targeting this pathway may offer therapeutic benefit beyond traditional atherosclerosis-focused treatments. A systematic review and meta-analysis were conducted following PRISMA 2020 guidelines and registered in PROSPERO (CRD42025597982, CRD42025597983, CRD42025598016). PubMed and Embase were systematically searched (August 2024, updated September 2025) for preclinical studies investigating the effect of anti-inflammatory agents (DMARDs), phosphodiesterase (PDE) inhibitors, and soluble guanylate cyclase (sGC) modulators targeting the NO-cGMP pathway in aged animal models of vascular dysfunction. Studies were screened in duplicate using predefined criteria, and data extraction was performed using standardized forms. Risk of bias was assessed using the SYRCLE tool with additional reporting quality items. Meta analyses was conducted using multi-level models accounted for data clustering, and heterogeneity was assessed using I2 statistics. Thirteen studies in total were included. DMARDs (n = 6 studies) significantly improved ACh-induced vasorelaxation (2.55 [1.68; 3.42]). PDE inhibitors enhanced SNP-induced vasorelaxation (0.5 [0.04; 0.96], n = 5) and microvascular perfusion (0.76 [0.28; 1.25], n = 4) but showed no significant effect on ACh-induced vasorelaxation. Similarly, sGC modulators improved microvascular perfusion (1.12 [0.46; 1.78], n = 2) without significantly affecting ACh-induced vasorelaxation (0.45 [-0.23; 1.13], n = 3). Pooled analysis (of DMARDS, PDE, and sGC) demonstrated overall improvement in both ACh-induced vasorelaxation (1.73 [0.63; 2.82], n = 13) and microvascular function via any modulation within the NO-cGMP pathway (0.89 [0.49; 1.28], n = 6). The risk of bias assessment showed mixed quality across studies, with generally low risk in randomization (except PDE inhibitors), but high risk in power reporting and some concerns in baseline comparability, allocation, and incomplete outcome data. Modulation of the NO-cGMP pathway improves vascular function through complementary mechanisms. While PDE inhibitors and sGC modulators primarily act on downstream smooth muscle signaling, anti-inflammatory strategies may target upstream endothelial dysfunction. These findings support multi-level therapeutic targeting of vascular aging, although they should be interpreted cautiously given potential bias, heterogeneity, and reliance on the quality of included studies.","Soroush Mohammadi Jouabadi, Keivan Golshiri, Ehsan Ataei Ataabadi, Youri Boon, Forough Kheiri, Armin Amiri, Mohammad Hosein Khajehali, Arman Amiri, A H Jan Danser, Wichor M Bramer, Anton J M Roks, Carlijn R Hooijmans",GeroScience,2026-08-04,2026 Aug 04,10.1007/s11357-026-02427-0,https://pubmed.ncbi.nlm.nih.gov/42547759/,0,,2,mitochondrial dysfunction,2,cellular senescence,0,,0,,24.0,0.3636363636363636,59,0.5732483,34,0.6418418029011689,0.375,0.4817367211604675,51,0,0,0,1,0,0,0,5,Moderate,pubmed_articles.csv,batch_001,canonical_literature_v1,phd_evidence_strength_v1,phd_biological_score_v1,sentence-transformers/all-MiniLM-L6-v2,pubmed_phd_priority_features_v1,,0,0,0,2,0.4817367211604675,0.6666666666666666,0.0,0.0,0.0,0.0,33.52745190728302,197,Low
42250782,"Ferro-aging: A novel paradigm linking iron overload, lipid peroxidation and cellular senescence.","Iron is a double-edged sword in aging, and age-related iron accumulation acts as a critical amplifier, rather than a sole driver, of ageing; disrupted iron homeostasis with progressive iron accumulation drives oxidative stress, mitochondrial damage and inflammaging. Ferroptosis and cellular senescence, two critical aging-related processes, share upstream drivers like oxidative stress and lipid peroxidation. This study proposed the novel ferro-aging paradigm, a cascade pathway where age-related iron overload initiates iron-catalyzed reactive oxygen species production and lipid peroxidation, ultimately inducing cellular senescence and ferroptosis to exacerbate, rather than independently cause, tissue dysfunction and age-related diseases. Iron accumulation in senescent cells stems from dysregulated iron uptake, storage, efflux, impaired ferritinophagy, and critical mitochondrial dysfunction. Senescent cells acquire ferroptosis resistance, leading to persistent tissue accumulation and chronic inflammation. Ferroptosis and senescence interact dynamically and form a positive feedback loop, with lipid peroxidation as the core executor. Ferro-aging participates in multiple age-related diseases of the nervous, cardiovascular, metabolic and skeletal systems. Targeting iron homeostasis, lipid peroxidation, senescent cells, and mitochondrial function provides promising anti-aging interventions. This review clarifies the connotation and mechanism of ferro-aging, and reveals its potential as a unified target for delaying aging and treating age-related diseases.","Shang Gao, Lijie Qi, Wenjun Bai, Jie Zhang, Zhaoyao Xu, Zhaoqi Zhang, Nianhu Li, Wei Liu",Free radical biology & medicine,2026-06-06,2026 Sep,10.1016/j.freeradbiomed.2026.06.012,https://pubmed.ncbi.nlm.nih.gov/42250782/,0,,2,mitochondrial dysfunction,1,cellular senescence;senescent cells,1,cardiovascular,0,,21.0,0.3181818181818182,67,0.59843206,23,0.6928196304724084,0.3125,0.4646278521889633,56,0,0,0,0,0,0,0,0,Moderate,pubmed_articles.csv,batch_001,canonical_literature_v1,phd_evidence_strength_v1,phd_biological_score_v1,sentence-transformers/all-MiniLM-L6-v2,pubmed_phd_priority_features_v1,,0,0,0,2,0.4646278521889633,0.6666666666666666,0.0,0.0,0.0,0.0,32.92864149328038,198,Low
41130360,The brain-joint axis: links between osteoarthritis and neurodegenerative disorders in aging.,"BACKGROUND: Osteoarthritis (OA) and neurodegenerative disorders such as Alzheimer's and Parkinson's diseases are prevalent age-related conditions that severely impair quality of life in the elderly. Growing evidence suggests shared pathological drivers, including chronic low-grade inflammation, oxidative stress, mitochondrial dysfunction, and cellular senescence, link the degeneration of articular cartilage with neuronal loss in the aging brain. AIM OF REVIEW: This review introduces and defines the emerging concept of the ""brain-joint axis"" as a bidirectional communication network integrating neural, endocrine, and immune signaling between the central nervous system (CNS) and joint tissues. By consolidating evidence of systemic crosstalk between OA and neurodegenerative disorders, we highlight how aging-related biological processes simultaneously influence joint and brain homeostasis. KEY SCIENTIFIC CONCEPTS OF REVIEW: We discuss how proinflammatory cytokines (e.g., interleukin-1β, tumor necrosis factor-α) and metabolic stress mediators propagate systemic inflammation that exacerbates both cartilage degradation and neuronal damage. Furthermore, we propose that OA is not merely a localized musculoskeletal disorder but part of a broader systemic neuro-immuno-endocrine network whose dysfunction contributes to neurodegeneration. Indeed, this work delineates the mechanistic framework of the brain-joint axis, emphasizing its translational potential as a therapeutic target to simultaneously mitigate OA progression and neurodegenerative decline.","Mostafa A Rabie, Henning Madry, Magali Cucchiarini, Nesrine S El-Sayed",Journal of advanced research,2025-10-21,2026 Jul,10.1016/j.jare.2025.10.023,https://pubmed.ncbi.nlm.nih.gov/41130360/,0,,2,mitochondrial dysfunction,1,cellular senescence,0,,0,,18.0,0.2727272727272727,99,0.5231731,92,0.5974336565751683,0.375,0.4639734626300673,109,0,0,0,0,0,0,0,0,Moderate,,batch003,,,,,,The brain-joint axis: links between osteoarthritis and neurodegenerative disorders in aging.,0,0,0,2,0.4639734626300673,0.6666666666666666,0.0,0.0,0.0,0.0,32.90573785871902,199,Low
42646271,Visceral Obesity and Its Complications: The Role of Bioelectrical Impedance Analysis in Longevity Medicine.,"Background: Visceral obesity is increasingly recognised not as a simple excess of adipose tissue, but as a systemic pathological condition characterised by profound metabolic, endocrine, and immune dysregulation. Visceral adipose tissue (VAT) operates as an autonomous neuro-immune-endocrine organ whose dysfunctional expansion drives insulin resistance, atherogenesis, and accelerated cellular ageing through mechanisms converging on chronic low-grade sterile inflammation, referred to as inflammaging. Objectives: This narrative review integrates evidence across four domains: (1) the multi-system clinical complications of visceral obesity and the methodological controversies surrounding its measurement; (2) the cellular heterogeneity, immunometabolic reprogramming, and molecular mechanisms through which excess VAT accelerates biological ageing, with a focus on genomic instability, mitochondrial dysfunction, the NAD+/sirtuin regulatory axis, cellular senescence, and inter-organ communication; (3) the role of bioelectrical impedance analysis (BIA)-particularly phase angle-as a non-invasive functional biomarker of biological age and longevity, positioned critically against alternative assessment methods; and (4) current knowledge gaps and priorities for future research. Methods: A narrative review of PubMed/MEDLINE, Google Scholar, and the Cochrane Library was conducted using MeSH terms and free-text keywords including visceral obesity, bioelectrical impedance analysis, phase angle, sarcopenia, inflammaging, mitochondrial dysfunction, cellular senescence, epigenetic clocks, NAD+, sirtuin, and longevity, supplemented by citation-tracking of retrieved reviews. English-language articles published up to April 2025 were considered, prioritising systematic reviews, meta-analyses, and prospective cohort studies; formal risk-of-bias tools and quantitative synthesis were not applied, consistent with a narrative review design. Results and Discussion: BIA-derived phase angle constitutes a macroscopic electrobiological correlate of inflammaging: low phase angle values in visceral obese subjects overlap with those of frail elderly individuals, reflecting impaired membrane integrity, loss of active cell mass, and altered ICW/ECW balance. However, this evidence base remains largely cross-sectional and correlative; the directionality and population-specific calibration of BIA-derived indices constitute the principal unresolved methodological questions. Integration with epigenetic clocks, circulating NAD+ levels, and gut microbiome indices offers a framework for dynamic biological age assessment, though prospective interventional validation is still lacking. Sarcopenic obesity, evaluated through EWGSOP2 combined with BIA-derived skeletal muscle mass index and handgrip dynamometry, represents a critical comorbidity demanding integrated therapeutic targeting. Conclusions: BIA provides a quantitative, accessible correlate for translating cellular metabolic health into clinically actionable parameters, complementary to rather than a replacement for anthropometric and imaging-based methods. Optimising phase angle and reducing VAT through anti-inflammatory nutrition, exercise, and nutraceutical strategies targeting the NAD+/sirtuin and mTOR/AMPK axes constitutes a measurable objective for the promotion of healthy longevity, contingent on the longitudinal, mechanistic studies identified as priorities in this review.","Mario Mariotti, Valentina Merenda, Francesca Arrigoni, Nadia Tamburlin",Metabolites,2026-07-29,2026 Jul 29,10.3390/metabo16080535,https://pubmed.ncbi.nlm.nih.gov/42646271/,0,,2,mitochondrial dysfunction,1,cellular senescence,1,skeletal muscle,0,,21.0,0.3181818181818182,81,0.47804308,120,0.5033613985238854,0.4375,0.4638445594095541,110,0,0,0,0,0,0,0,0,Moderate,,batch003,,,,,,Visceral Obesity and Its Complications: The Role of Bioelectrical Impedance Analysis in Longevity Medicine.,0,0,0,2,0.4638445594095541,0.6666666666666666,0.0,0.0,0.0,0.0,32.90122624600106,200,Low
42541586,Research progress of traditional Chinese medicine interventions for aging-related nervous system diseases.,"Aging-related neurological disorders, including stroke, Alzheimer's disease (AD), Parkinson's disease (PD), epilepsy, and various neuroinflammatory conditions, affect over three billion individuals worldwide and constitute leading causes of morbidity, disability, and socioeconomic burdens. Aging contributes not only to the increased incidence of these disorders but also to their progression through interconnected mechanisms, including endothelial dysfunction, oxidative stress, chronic inflammation, mitochondrial dysfunction, cellular senescence, metabolic imbalance, and gut microbiota dysbiosis. These processes collectively impair neuronal survival, synaptic plasticity, and cognitive and motor functions. Traditional Chinese medicine (TCM), with its characteristic multi-component and multi-target therapeutic strategies, has emerged as a promising approach to counteract age-associated neurological decline. Accumulating preclinical studies suggest that TCM interventions may exert neuroprotective, anti-inflammatory, and antioxidant effects, modulate autophagy, restore metabolic homeostasis, and potentially delay cellular senescence. However, high-quality clinical evidence on safety and efficacy remains limited. This review summarizes current insights into the molecular interplay between aging and neurological disorders and highlights the therapeutic potential of TCM in targeting hallmarks of aging, providing perspectives for integrative prevention and treatment strategies for neurodegenerative and neurovascular diseases.","Xingyuan Du, Ziheng Shen, Yuanhao Xu, Weichu Song, Yanan Guo, Junping Kou, Shuaishuai Gong, Qianqian Ren",Biogerontology,2026-08-01,2026 Aug 01,10.1007/s10522-026-10484-3,https://pubmed.ncbi.nlm.nih.gov/42541586/,0,,2,mitochondrial dysfunction,1,cellular senescence,0,,0,,18.0,0.2727272727272727,99,0.52074516,93,0.5923726838963833,0.375,0.4619490735585533,111,0,0,0,0,0,0,0,0,Moderate,,batch003,,,,,,Research progress of traditional Chinese medicine interventions for aging-related nervous system diseases.,0,0,0,2,0.4619490735585533,0.6666666666666666,0.0,0.0,0.0,0.0,32.83488424121603,201,Low
41850336,The aging cornea: From mechanisms to clinical applications.,"Aging is a multifactorial process characterized by a gradual decline in function, increased susceptibility to diseases, and diminished regenerative capacity. As the primary refractive structure and barrier of the eye, the cornea undergoes significant structural and functional changes during aging, making individuals more prone to various ocular surface diseases. Key age-related corneal changes include epithelial thinning, stromal remodeling with increased collagen cross-linking, endothelial cell loss, and a decline in corneal nerve density and function. These changes are driven by core aging mechanisms such as genomic instability, telomere shortening, mitochondrial dysfunction, cellular senescence, impaired autophagy, stem cell exhaustion, and chronic inflammation. This review systematically explores the clinical manifestations, molecular mechanisms, and potential therapeutic approaches for corneal aging, providing a scientific basis for delaying corneal aging, maintaining ocular health, and preserving visual function.","Xueer Zheng, Yiming Wu, Yuchong Feng, Minqing Cai, Meng Zhang, Liying Zhang, Dan Yang, Ting Mao, Hao Gu, Shangkun Ou",Ageing research reviews,2026-03-16,2026 Jun,10.1016/j.arr.2026.103103,https://pubmed.ncbi.nlm.nih.gov/41850336/,0,,2,mitochondrial dysfunction,1,cellular senescence,0,,0,,18.0,0.2727272727272727,99,0.5192672,95,0.5892919178229475,0.375,0.460716767129179,113,0,0,0,0,0,0,0,0,Moderate,,batch003,,,,,,The aging cornea: From mechanisms to clinical applications.,0,0,0,2,0.460716767129179,0.6666666666666666,0.0,0.0,0.0,0.0,32.791753516187924,202,Low
42665979,Biomaterials for metabolic reprogramming in skeletal disorders.,"Metabolic reprogramming is a central regulator of cell fate and tissue homeostasis. By systematically remodeling metabolic pathways, cells adapt to specific physiological or pathological conditions to support survival and proliferation, often through enhanced glycolysis and lactate accumulation. Emerging evidence suggests that lactate accumulation can drive histone and nonhistone lactylation, thereby reshaping gene regulation and promoting inflammatory activation, matrix catabolism, and cellular senescence, which contribute to the initiation and progression of skeletal disorders such as osteoarthritis, osteoporosis, intervertebral disc degeneration, and rheumatoid arthritis. Importantly, these mechanisms also reveal actionable therapeutic opportunities involving lactate clearance and redox balance, mitochondrial quality control, and epigenetic modulation. Biomaterial-based strategies have emerged as powerful tools for modulating metabolic reprogramming through spatiotemporal and stimuli-responsive regulation. Representative systems include metabolism-responsive nanoparticles, cell-derived systems, composite hydrogels, and scaffold-based platforms. By restoring metabolic homeostasis, such biomaterials offer promising opportunities to slow degeneration and promote tissue regeneration. Overall, biomaterials represent an emerging strategy for modulating metabolic reprogramming in skeletal disorders, although most current evidence remains preclinical, and further mechanistic and translational validation is still needed.","Kaibo Sun, Yuangang Wu, Yuan Liu, Peiting Ma, Bin Shen, Huiqi Xie",Chinese medical journal,2026-08-28,2026 Aug 28,10.1097/CM9.0000000000004285,https://pubmed.ncbi.nlm.nih.gov/42665979/,0,,2,mitochondrial quality control,1,cellular senescence,0,,0,,18.0,0.2727272727272727,75,0.452448,79,0.3973137076543115,0.25,0.3089254830617246,88,0,0,1,0,0,0,0,2,Moderate,pubmed_articles.csv,batch_001,canonical_literature_v1,phd_evidence_strength_v1,phd_biological_score_v1,sentence-transformers/all-MiniLM-L6-v2,pubmed_phd_priority_features_v1,,0,0,1,2,0.3089254830617246,0.6666666666666666,0.0,0.5,0.0,0.0,32.479058573827025,203,Low
42467131,"Microplastics, the gut microbiome and ageing: mechanisms and intervention strategies.","As a pervasive global environmental concern, micro- and nanoplastic (MNPs) pollution leads to widespread systemic human exposure via three main routes: oral ingestion, inhalation, and dermal absorption. Accumulating evidence demonstrates that MNPs are strongly associated with ageing and age-related pathologies, including cardiovascular and neurodegenerative disorders. Meanwhile, the gut microbiome, an intensely studied regulatory mediator, plays a critical role in modulating human ageing. This review systematically summarizes the routes of human exposure to MNPs and their mechanistic links to human ageing. It delineates the interplay among MNPs, the gut microbiome and human ageing, and elucidates how the MNPs-gut microbiome Axis drives oxidative stress, chronic inflammation, cellular senescence, and mitochondrial dysfunction, disrupts epigenetic modulation, and activates core ageing-related pathways such as TLR4/NF-κB, ultimately exacerbating systemic inflammation and organ dysfunction. Furthermore, this review proposes multi-pronged intervention strategies, providing a scientific basis for mitigating MNPs pollution and its associated health risks, and offering novel theoretical insights for the development of anti-ageing interventions.","Zixuan Li, Yuxin Li, Tan Yurong, Wu Guojun",Environmental geochemistry and health,2026-07-17,2026 Jul 17,10.1007/s10653-026-03370-x,https://pubmed.ncbi.nlm.nih.gov/42467131/,0,,2,mitochondrial dysfunction,1,cellular senescence,1,cardiovascular,0,,21.0,0.3181818181818182,81,0.4546986,131,0.4547004861947303,0.4375,0.4443801944778921,118,0,0,0,0,0,0,0,0,Moderate,,batch003,,,,,,"Microplastics, the gut microbiome and ageing: mechanisms and intervention strategies.",0,0,0,2,0.4443801944778921,0.6666666666666666,0.0,0.0,0.0,0.0,32.21997347339289,204,Low
41760079,"Heart failure in the elderly: epidemiology, mechanisms, and management.","There is no consensus on an age cut-off for being considered elderly, but the majority of patients with heart failure (HF) have an advanced age. The lifetime risk for developing HF is ∼25%, with a sharp increase in incidence after the age of 70. The lifetime risk for men and women is almost equal, but women exhibit a higher propensity towards developing HF with preserved ejection fraction, whereas men are more prone to HF with reduced ejection fraction. During the biological ageing process, several systemic and local pathophysiological alterations impact the myocardium, including impaired autophagy and proteostasis, mitochondrial dysfunction, and oxidative stress, as well as cellular senescence, clonal haematopoiesis of indeterminate potential, and chronic low-grade inflammation or inflammaging. Collectively, these changes compromise cardiac energy homeostasis and promote cell loss and dysfunction, increasing the risk of HF. Despite their relevance, these ageing-related mechanisms are hitherto not addressed by guideline-recommended medical therapy. Guideline-recommended medical therapy remains the cornerstone of HF treatment across age groups, including in elderly patients who tolerate it. However, a high burden of comorbidities and several features specific to advanced age, such as low blood pressure and frailty, often preclude full-dose guideline-recommended medical therapy. Similarly, the risk-benefit ratio of device therapies needs careful consideration in light of competing non-cardiac risks due to comorbidities that are prevalent in this population. Finally, HF is a mortal condition, and advanced care planning and end-of-life decisions should be discussed in a timely manner in elderly patients.","Rudolf A de Boer, Mahmoud Abdellatif, Johann Bauersachs, Veronique L Roger",European heart journal,,2026 Jun 23,10.1093/eurheartj/ehag110,https://pubmed.ncbi.nlm.nih.gov/41760079/,0,,2,mitochondrial dysfunction,1,cellular senescence,0,,0,,18.0,0.2727272727272727,99,0.49667257,106,0.5421940467399463,0.375,0.4418776186959785,119,0,0,0,0,0,0,0,0,Moderate,,batch003,,,,,,"Heart failure in the elderly: epidemiology, mechanisms, and management.",0,0,0,2,0.4418776186959785,0.6666666666666666,0.0,0.0,0.0,0.0,32.13238332102591,205,Low
41887334,Testicular aging revisited: Current understanding of mechanisms and emerging interventions.,"Male reproductive aging is a complex physiological process characterized by progressive deterioration in spermatogenesis, hormonal imbalance, and increased susceptibility to infertility and genetic disorders. This review comprehensively summarizes the pivotal molecular mechanisms underlying testicular aging, with emphasis on mitochondrial dysfunction, oxidative stress, DNA damage, autophagy impairment, chronic inflammation, cellular senescence, and dysregulated apoptosis. Accumulating evidence indicates that age-related declines in Sertoli and Leydig cell function disrupt the blood-testis barrier (BTB), impair steroidogenesis, and compromise germ cell support, ultimately leading to reduced sperm quantity and quality. Furthermore, we highlight emerging therapeutic strategies targeting these pathways, including antioxidant agents, DNA repair enhancers, autophagy modulators, and anti-inflammatory compounds. This review provides a mechanistic framework for understanding male reproductive aging and identifies promising targets for intervention to delay testicular aging and preserve fertility in aging men.","Feng Jiang, Xianglong Wang, Na Wang, Dong Niu, Huaming Xi",Ageing research reviews,2026-03-24,2026 Jun,10.1016/j.arr.2026.103111,https://pubmed.ncbi.nlm.nih.gov/41887334/,0,,2,mitochondrial dysfunction,1,cellular senescence,0,,0,,18.0,0.2727272727272727,99,0.4959119,107,0.5406084515079508,0.375,0.4412433806031803,120,0,0,0,0,0,0,0,0,Moderate,,batch003,,,,,,Testicular aging revisited: Current understanding of mechanisms and emerging interventions.,0,0,0,2,0.4412433806031803,0.6666666666666666,0.0,0.0,0.0,0.0,32.11018498777798,206,Low
42065350,"Do menopausal symptoms signal early biological aging? Mitochondrial, endocrine and clinical insights.","The menopausal transition represents a pivotal period in female aging, marked by profound endocrine, metabolic and cellular shifts. Increasing evidence indicates that menopausal symptoms - vasomotor instability, sleep disturbances, fatigue and cognitive complaints - are more than consequences of estrogen withdrawal, and may serve as a potential clinical indicator of biological aging. Experimental and clinical data suggest that declining estrogen signaling contributes to mitochondrial dysfunction, inflammation and telomere attrition, processes that are closely linked to cellular senescence and tissue deterioration. In addition to estrogen decline, the menopausal transition involves broader endocrine changes. Rising follicle stimulating hormone (FSH) levels, alteration in androgen balance and cortisol dysregulation of the hypothalamic-pituitary-adrenal axis may influence metabolic regulation, musculoskeletal health, stress physiology and body composition. Through these mechanisms, menopausal hormonal changes may contribute to increased cardiometabolic, musculoskeletal and neurocognitive vulnerability in midlife women. Clinical observations increasingly show that severe menopausal symptoms are associated with adverse cardiometabolic profiles, vascular dysfunction and markers of accelerated biological aging. Sleep disturbances and fatigue may further exacerbate metabolic dysregulation and systemic vulnerability, while cognitive complaints may reflect neuroinflammatory and vascular processes associated with aging. By restoring estrogen signaling, menopausal hormone therapy alleviates menopausal symptoms and may influence biological pathways involved in aging. Whether these effects translate into a modification of the aging trajectory remains unclear.","Juan E Blümel, Peter Chedraui, María S Vallejo",Climacteric : the journal of the International Menopause Society,2026-05-01,2026 Jun,10.1080/13697137.2026.2663898,https://pubmed.ncbi.nlm.nih.gov/42065350/,0,,2,mitochondrial dysfunction,1,cellular senescence,0,,0,,18.0,0.2727272727272727,99,0.4932165,112,0.5349899659776667,0.375,0.4389959863910666,121,0,0,0,0,0,0,0,0,Moderate,,batch003,,,,,,"Do menopausal symptoms signal early biological aging? Mitochondrial, endocrine and clinical insights.",0,0,0,2,0.4389959863910666,0.6666666666666666,0.0,0.0,0.0,0.0,32.031526190354,207,Low
42680955,"Frailty assessment in naturally aged mouse models: classification, limitations, and future directions.","Naturally aged mice provide an important platform for studying frailty because functional decline emerges during biological aging rather than through acute injury or artificial manipulation. This review critically examines major frailty assessment tools used in aged mice, including the mouse frailty index, mouse frailty phenotype, physical function score/vitality score, mouse social frailty index, and mouse cognitive frailty index. We compare their conceptual foundations, scoring procedures, dimensional coverage, reproducibility, mortality associations, intervention responsiveness, and translational correspondence with clinical models such as the Fried phenotype and deficit accumulation frailty index. We also discuss how biological mechanisms linked to the hallmarks of aging, including inflammaging, immunosenescence, mitochondrial dysfunction, cellular senescence, altered nutrient sensing, and impaired stress resilience, may contribute to frailty development. Current instruments capture complementary aspects of frailty but differ in their dependence on subjective observation, cohort-specific thresholds, testing conditions, and validation across sex, strain, laboratory, and outcome. Digital phenotyping, longitudinal trajectories, secondary prognostic models, and measures of latent vulnerability may extend current approaches, but these strategies remain exploratory. Alternative weighting systems and the proposed distinction between pre-frailty and subclinical frailty require prospective validation before they can be considered standardized methods. Clear separation of established instruments from conceptual future directions will improve methodological rigor and translational relevance.","Fujue Ji, Sihan Li, Lei Yang",GeroScience,2026-09-02,2026 Sep 02,10.1007/s11357-026-02500-8,https://pubmed.ncbi.nlm.nih.gov/42680955/,0,,2,mitochondrial dysfunction,2,cellular senescence,0,,0,,24.0,0.3636363636363636,59,0.5172653,53,0.5285191012505537,0.375,0.4364076405002214,60,0,0,0,1,0,0,0,5,Moderate,pubmed_articles.csv,batch_001,canonical_literature_v1,phd_evidence_strength_v1,phd_biological_score_v1,sentence-transformers/all-MiniLM-L6-v2,pubmed_phd_priority_features_v1,,0,0,0,2,0.4364076405002214,0.6666666666666666,0.0,0.0,0.0,0.0,31.940934084174412,208,Low
42464641,From cell to disease: Regulatory networks and mechanisms of super‑enhancers in aging (Review).,"Aging is accompanied by a gradual loss of cellular function and systemic weakening of the homeostasis of multiple tissues, leading to a variety of age‑related diseases and eventual mortality. Super‑enhancers are a distinct class of cis‑regulatory elements with strong transcriptional activation properties; they are bound by a large number of key transcription factors and cofactors, and possess distinct characteristic modification marks of enhancers. The past decade has seen an exponential growth in the field of super‑enhancer research, partly because of the strong transcriptional activity of super‑enhancers. Super‑enhancers are notably activated in response to aging or aging‑related factors, and serve a pivotal role in aging and aging‑related diseases by modulating key biological processes, including cell proliferation, differentiation and senescence. In the present review, the changes in super‑enhancers under aging‑related stimuli are initially discussed. The mechanistic contributions of super‑enhancers to cellular senescence from the perspective of DNA damage and mitochondrial dysfunction, two hallmarks of aging, are then systematically summarized. Furthermore, the pathogenic involvement of super‑enhancer dysregulation in specific age‑related disorders, including atherosclerosis and type Ⅱ diabetes, is explored, highlighting the potential of super‑enhancers as therapeutic targets. Finally, the current challenges and prospects of super‑enhancers within the context of aging biology are discussed, aiming to provide novel theoretical guidance for the treatment of age‑associated diseases.","Xiaodan Wang, Weiqian Deng, Shuangxi Tu, Haojun Tang, Kai Yin, Xiao Zhu",Molecular medicine reports,2026-07-17,2026 Sep,10.3892/mmr.2026.13964,https://pubmed.ncbi.nlm.nih.gov/42464641/,0,,2,mitochondrial dysfunction,1,cellular senescence,0,,0,,18.0,0.2727272727272727,75,0.6028875,20,0.7018384843716673,0.25,0.4307353937486669,62,0,0,0,0,0,0,0,0,Moderate,pubmed_articles.csv,batch_001,canonical_literature_v1,phd_evidence_strength_v1,phd_biological_score_v1,sentence-transformers/all-MiniLM-L6-v2,pubmed_phd_priority_features_v1,,0,0,0,2,0.4307353937486669,0.6666666666666666,0.0,0.0,0.0,0.0,31.742405447870002,209,Low
42463241,Muscle satellite cells and aging.,"Aging is associated with a progressive decline in skeletal muscle mass and function, contributing to reduced physical capacity in older adults. Central is the deterioration of satellite cells, our tissue-resident muscle stem cells, which participate in adaptation, repair, and regeneration of skeletal muscle. Evidence from in vitro, murine, and human studies indicates an age-related reduction in satellite cell content, notably within type II muscle fibers, alongside impairments in myogenic potential. There is no single causative mechanism behind satellite cell age-related dysfunction, but a convergence of morphological changes and intrinsic and extrinsic factors that affect satellite cell dynamics and its niche. Intrinsic factors such as signaling pathways, cellular senescence, impaired autophagy, mitochondrial dysfunction, and epigenetic modifications can impact satellite cell function. Concurrently, extrinsic factors can impact the satellite cell niche and their function such as systemic circulating factors and vasculature and extracellular matrix remodeling. These age-related alterations can diminish regenerative capacity, blunt hypertrophic responses, and impair recovery from disuse or injury. Satellite cell dysfunction is a pivotal contributor to age-related skeletal muscle decline, frailty, and the quality of life in older adults. Despite growing insights from in vitro and animal models, the key mechanistic changes that underlie human satellite cell dysfunction with age are not fully understood. Improved characterization of age-related satellite cell changes in humans is essential to preserving muscle health across the lifespan.","Amanda L Johnson, Ryan T Bevington, Samuel Rumelski, Natasha Kassamali, Gianni Parise",American journal of physiology. Cell physiology,2026-07-16,2026 Aug 01,10.1152/ajpcell.00232.2026,https://pubmed.ncbi.nlm.nih.gov/42463241/,0,,2,mitochondrial dysfunction,1,cellular senescence,1,skeletal muscle,0,,21.0,0.3181818181818182,81,0.4354096,137,0.4144931079229901,0.4375,0.428297243169196,124,0,0,0,0,0,0,0,0,Moderate,,batch003,,,,,,Muscle satellite cells and aging.,0,0,0,2,0.428297243169196,0.6666666666666666,0.0,0.0,0.0,0.0,31.657070177588526,210,Low
42034933,Therapeutic potential of plant-derived exosome-like nanovesicles as a phytomedicine in age-related diseases.,"Plant-derived exosome-like nanovesicles (PDEVs) are emerging as breakthrough platforms for the treatment of age-related diseases (ARDs). These endogenous nanocarriers contain a variety of bioactive molecules, including microRNAs, proteins, lipids, and phytochemicals, which play crucial roles in therapy. PDEVs have strong potential to treat chronic inflammation, oxidative stress, cellular senescence, and mitochondrial dysfunction, all of which are related to aging. Their pleiotropic effects support wide therapeutic applications in neurodegenerative, cardiovascular, and metabolic diseases; sarcopenia; cachexia; and skin ageing. PDEVs have several advantages over synthetic nanoparticles and mammalian exosome-like nanovesicles, including good biocompatibility, low immunogenicity, and excellent in vivo stability. Being of natural origin, they can be produced on a large scale at low cost, and drugs can be effectively delivered via various routes, including oral, intravenous, and intramuscular routes. However, translating PDEVs into the clinic presents several challenges, including mass production, batch-to-batch consistency, standardized isolation and characterization methods, and regulatory issues. By combining natural plant compounds with modern nanomedicines, safe, effective, and targeted therapies for complex ARDs can be developed. However, oral delivery faces key limitations due to gastrointestinal barriers, including acidic pH, enzymatic degradation, bile salts, and mucus layers, which can compromise vesicle stability and bioavailability. Variability in intestinal uptake and microbiota interactions further affects therapeutic consistency. Protective strategies, including encapsulation, enteric coating, and surface engineering, may enhance stability and absorption. Emerging approaches such as ligand-functionalized PDEVs, hybrid nanovesicles, and stimuli-responsive delivery systems offer safer and more precise therapeutic options, improving targeting, controlled release, and translational potential.","Md M N Azim, Young Keun Lee, Md Jahangir Alam, Jong-Hoon Kim, Jun Hong Park",Biomedicine & pharmacotherapy = Biomedecine & pharmacotherapie,2026-04-24,2026 Jun,10.1016/j.biopha.2026.119441,https://pubmed.ncbi.nlm.nih.gov/42034933/,0,,2,mitochondrial dysfunction,1,cellular senescence,1,cardiovascular,0,,21.0,0.3181818181818182,81,0.43252552,138,0.4084813242366424,0.4375,0.4258925296946569,128,0,0,0,0,0,0,0,0,Moderate,,batch003,,,,,,Therapeutic potential of plant-derived exosome-like nanovesicles as a phytomedicine in age-related diseases.,0,0,0,2,0.4258925296946569,0.6666666666666666,0.0,0.0,0.0,0.0,31.572905205979655,211,Low
41988659,The complex relationship between oxidative stress and aging: new perspectives on similarities and differences.,"The association of oxidative stress with aging is considered one of the key theoretical cornerstones in aging research, but accumulating evidence has cast some doubt on the validity of a single ""cumulative oxidative damage"" hypothesis as its mechanism. This review aims to provide a comprehensive and updated overview of the complex interplay between oxidative stress and aging, with a particular focus on their shared mechanisms and context-dependent effects. ROS should not be regarded only as deleterious metabolic waste, but indeed act as pivotal signaling mediators in metabolic, stress, and cell fate regulation within the frame of physiological ranges. In addition, emerging evidence highlights the dual roles of ROS in maintaining cellular homeostasis and mediating stress responses depending on their concentration and spatial distribution. Only when the fine-tuned equilibrium that usually couples ROS production and disposal is perturbed and quality-control activity becomes defective does this signaling network gradually shift from a physiological into a pathological source of stress promoting cellular senescence and tissue malfunction. Aging should thus be considered the outcome of structural derangement in homeostatic regulatory networks caused by chronic stress. This view of the aging process is developed through a discussion of key events comprising oxidative DNA damage, mitochondrial dysfunction, decline in autophagy and lysosomal degradation, as well as senescent cell secretion (SASP), indicating that their reciprocal interactions together define phenotypic features characterizing the aging cell. This network-centric model further mechanistically justifies why peripheral effects of broad-spectrum antioxidant interventions are heterogeneous, and points to rolling back the damage with compensatory quality-control mechanisms and homeostatic regulation as a more effective path toward understanding how to restore homeostasis. These insights may contribute to the development of more precise therapeutic strategies targeting aging-related diseases and improving healthspan. Future research should further clarify the spatiotemporal dynamics of ROS signaling and its integration with cellular stress-response networks. Moreover, elucidating the threshold-dependent and context-specific effects of oxidative signaling may provide a conceptual basis for precision interventions in aging and age-related diseases.","Xue-Song Liu, Chenglong Zhu, Haoling Zhang, Wangzheqi Zhang",Critical reviews in clinical laboratory sciences,2026-04-16,2026 Sep,10.1080/10408363.2026.2651307,https://pubmed.ncbi.nlm.nih.gov/41988659/,0,,2,mitochondrial dysfunction,1,cellular senescence,0,,0,,18.0,0.2727272727272727,75,0.5900246,28,0.6758009626407544,0.25,0.4203203850563017,67,0,0,0,0,0,0,0,0,Moderate,pubmed_articles.csv,batch_001,canonical_literature_v1,phd_evidence_strength_v1,phd_biological_score_v1,sentence-transformers/all-MiniLM-L6-v2,pubmed_phd_priority_features_v1,,0,0,0,2,0.4203203850563017,0.6666666666666666,0.0,0.0,0.0,0.0,31.377880143637228,212,Low
42690451,Stress biology and metabolic ageing in older adults during prolonged crises: Ukraine as an example.,"Prolonged crises expose older adults to chronic psychological and social stress, irregular nutrition, reduced physical activity, reduced access to health care, and interruptions in treatment of chronic disease. Together, these factors can compound age-related vulnerabilities and increase the risk of metabolic deterioration, multimorbidity and functional decline. This Perspective argues that prolonged crises should be viewed not only as social or psychological events, but also as conditions that may affect stress-related and ageing-related biological pathways. Severe or prolonged stress, however, can make these responses maladaptive and contribute to physiological dysregulation. Under prolonged crisis conditions, such maladaptive stress responses may be linked to abdominal obesity, sarcopenic obesity, physical frailty, and functional decline through chronic activation of the hypothalamic-pituitary-adrenal axis, altered glucocorticoid signalling, sleep disturbance, inflammation, cellular senescence and senescence-associated secretory phenotype, immunometabolic dysregulation, adipose tissue inflammation, insulin resistance, mitochondrial dysfunction and anabolic resistance in skeletal muscle. Ukraine is a timely example of this broader problem, as prolonged war, population ageing, non-communicable diseases, displacement, mental health needs, and new screening initiatives now intersect. Thus, a biologically informed framework for healthy ageing needs to incorporate mental health assessment, metabolic screening, nutritional assessment, muscle function and rehabilitation rather than address these in isolation. Functional ability reflects the combined effects of psychological stress, metabolic ageing, muscle loss, multimorbidity, and changes in the living environment. It should be considered a key indicator for older adults during and after prolonged crises.","Oleh Lushchak, Olha Strilbytska, Pavlo Petakh, Oleksandr Kamyshnyi",Biogerontology,2026-09-03,2026 Sep 03,10.1007/s10522-026-10502-4,https://pubmed.ncbi.nlm.nih.gov/42690451/,0,,2,mitochondrial dysfunction,2,cellular senescence,1,skeletal muscle,0,,27.0,0.4090909090909091,45,0.44503462,83,0.3823072905283511,0.4375,0.4154229162113405,68,0,0,0,1,0,0,0,5,Moderate,pubmed_articles.csv,batch_001,canonical_literature_v1,phd_evidence_strength_v1,phd_biological_score_v1,sentence-transformers/all-MiniLM-L6-v2,pubmed_phd_priority_features_v1,,0,0,0,2,0.4154229162113405,0.6666666666666666,0.0,0.0,0.0,0.0,31.20646873406358,213,Low
42697334,"Posttranslational Oxidation of SOD1 and Skin Aging: Evidence, Gaps, and Future Directions.","As the body's primary barrier against environmental insults, the skin is continually exposed to oxidative stress, which may contribute to progressive proteotoxic stress. Excess reactive oxygen species (ROS) can overwhelm cellular protein-quality-control systems, promoting the accumulation of damaged and misfolded proteins, proteome instability, and eventual Protein homeostasis (proteostasis) collapse. Superoxide dismutase 1 (SOD1), a Cu/Zn-dependent cytosolic antioxidant enzyme and key component of cellular defense against superoxide radicals, is itself vulnerable to oxidative modification. ROS-mediated post-translational oxidation of SOD1 may promote its misfolding and the formation of toxic protein species, potentially establishing a self-amplifying cycle of superoxide accumulation, further protein damage, and impaired cellular homeostasis. In cutaneous cell types, including dermal fibroblasts and epidermal cells, these processes may be especially relevant to age-associated declines in proteostatic capacity and skin aging. This review distinguishes established skin-specific evidence from hypotheses extrapolated from other systems and synthesizes current evidence on the interplay among ROS-induced protein damage, proteostasis failure, SOD1 dysfunction, and cutaneous aging. We highlight the bidirectional relationship between proteostasis collapse and mitochondrial dysfunction, which may establish a self-reinforcing cycle of oxidative stress, cellular senescence, and chronic low-grade inflammation. These interconnected processes may converge to promote extracellular-matrix remodeling and tissue dysfunction, contributing to wrinkles, reduced elasticity, and impaired barrier function. By positioning SOD1 oxidation as a potential contributor to cutaneous proteostatic dysfunction, this review provides a framework for evaluating whether the SOD1 proteotoxic axis represents a candidate therapeutic target for skin aging.","Chiyang Li, Xiangdong Qi, Jiming Kong, Teng Guan",Ageing research reviews,2026-09-04,2026 Sep 04,10.1016/j.arr.2026.103351,https://pubmed.ncbi.nlm.nih.gov/42697334/,0,,2,mitochondrial dysfunction,3,cellular senescence,0,,1,proteomics,33.0,0.5,19,0.526027,50,0.5462548337952939,0.5625,0.5560019335181176,30,0,0,0,1,0,0,0,5,High,pubmed_articles.csv,batch_001,canonical_literature_v1,phd_evidence_strength_v1,phd_biological_score_v1,sentence-transformers/all-MiniLM-L6-v2,pubmed_phd_priority_features_v1,,1,0,0,1,0.5560019335181176,0.3333333333333333,0.0,0.0,0.3333333333333333,0.0,31.126734339800777,214,Low
42171935,Skin as a sentinel and modulator of systemic aging: a translational framework for evidence-based gerotherapeutics.,"Aging is increasingly recognized as a dynamic and potentially modifiable biological process, yet translation of mechanistic discoveries into clinically validated interventions that extend human healthspan remains limited. Because dermatologists can directly observe, sample, and quantify age-related changes in vivo, the skin provides an accessible platform for gerotherapeutic evaluation. As the largest and most environmentally exposed organ, the skin integrates intrinsic hallmarks of aging, including cellular senescence, mitochondrial dysfunction, extracellular matrix remodeling, epigenetic alterations, and chronic low-grade inflammation, with lifelong environmental stressors. These mechanisms manifest as structural, functional, and molecular phenotypes that can be monitored longitudinally using non-invasive technologies. Beyond serving as a visible indicator of organismal aging, cutaneous dysfunction may also influence systemic aging through inflammatory, immune, vascular, and neuroendocrine signaling. Here we examine how skin-based biomarkers and functional endpoints can support three translational priorities: aligning interventions with heterogeneous aging trajectories, defining functionally meaningful outcome measures, and responsibly integrating emerging diagnostic technologies. Anchoring gerotherapeutic development in dermatologic science may accelerate validation of interventions aimed at preserving resilience, physiological function, and independence across the lifespan.","Diala Haykal, Frederic Flament",GeroScience,2026-05-22,2026 May 22,10.1007/s11357-026-02331-7,https://pubmed.ncbi.nlm.nih.gov/42171935/,0,,2,mitochondrial dysfunction,1,cellular senescence,0,,0,,18.0,0.2727272727272727,99,0.46187526,125,0.469660032223434,0.375,0.4128640128893736,131,0,0,0,0,0,0,0,0,Moderate,,batch003,,,,,,Skin as a sentinel and modulator of systemic aging: a translational framework for evidence-based gerotherapeutics.,0,0,0,2,0.4128640128893736,0.6666666666666666,0.0,0.0,0.0,0.0,31.11690711779474,215,Low
42717261,NAD+ Metabolic Reprogramming Drives CD8+ T Cells Senescence and Exacerbates Ulcerative Colitis.,"While immunosenescence is increasingly implicated in chronic inflammatory disorders, its precise pathogenic contribution to ulcerative colitis (UC) remains elusive. Here, we identify senescent CD8+ T cells as a distinct pathogenic population that exacerbates colitis, demonstrating that systemic senolytic treatment significantly attenuates disease severity. Mechanistically, nicotinamide adenine dinucleotide (NAD+) metabolic dysregulation triggers mitochondrial dysfunction and cytosolic mitochondrial DNA leakage, promoting CD8+ T cell senescence through the activation of the cGAS-STING signaling pathway. Spatial transcriptomic mapping reveals that senescent CD8+ T cells are enriched within mucosal niches experiencing NAD+ metabolic dysregulation. Crucially, this senescent-metabolic signature correlates with severe disease phenotypes and predicts non-response to biologic therapies in UC patients. Collectively, our findings uncover a critical NAD+-cGAS-STING axis driving T cell senescence, establishing the clearance of senescent immune cells as a promising therapeutic strategy for UC.","Maolin Ye, Qi Zhou, Mingjia Kong, Suhan Zhao, Lingxi Lin, Lirong Chen, Jianghong Yu, Feifei Luo, Jie Liu, Jun Zhang",Aging cell,,2026 Sep,10.1111/acel.70706,https://pubmed.ncbi.nlm.nih.gov/42717261/,0,,2,mitochondrial dysfunction,0,,0,,1,transcriptomics,15.0,0.2272727272727272,90,0.50208783,59,0.4977963478321737,0.1875,0.3116185391328695,87,0,0,0,0,0,0,0,0,Moderate,pubmed_articles.csv,batch_001,canonical_literature_v1,phd_evidence_strength_v1,phd_biological_score_v1,sentence-transformers/all-MiniLM-L6-v2,pubmed_phd_priority_features_v1,,1,0,0,2,0.3116185391328695,0.6666666666666666,0.0,0.0,0.3333333333333333,0.0,30.906648869650432,216,Low
42260650,Study on the mechanism of erectile dysfunction in D-galactose induced aging rats: the construction of aging model.,"BACKGROUND: The incidence of erectile dysfunction (ED) rises sharply with age, which has brought a huge social burden. The exploration of aging-related ED is hindered due to the limitations of natural aging models. As an ideal inducer of accelerated aging models, the mechanism of D-galactose (D-gal) in ED has not been fully elucidated. Therefore, this study aimed to verify the feasibility of aging-related ED induced by D-gal and explore its potential mechanism. METHODS: Primary corpus cavernosum smooth muscle cells (CCSMCs) and human umbilical vein endothelial cells (HUVECs) were incubated with concentration gradients of D-gal. Meanwhile, aging rat models were established via intraperitoneal and subcutaneous injection of D-gal, and the erectile function of all subjects was measured by electrical stimulation. Samples from both cells and animals were then collected for subsequent detection. RESULTS: Cellular senescence was confirmed in both cells and was accompanied by oxidative stress, mitochondrial dysfunction, and cell cycle arrest in vitro. The erectile function of rats treated with D-gal was affirmed to be impaired compared with normal rats. In addition to the above-mentioned pathological alterations, tissue fibrosis was also associated with D-gal administration in vivo. Moreover, no significant difference was found between the two administration methods in inducing senescence of rats. CONCLUSIONS: D-gal could promote the progression of aging-related ED, accompanied by the exacerbation of oxidative stress, mitochondrial dysfunction, cell cycle arrest, and fibrosis. Our data suggested that D-gal may be an ideal mediator for the induced model of aging-related ED, which could facilitate preclinical exploration of this disease.","Taotao Sun, Yipiao Liu, Wenjia Deng, Yinwei Chen, Wenchao Xu, Penghui Yuan",Biological research,2026-06-08,2026 Jun 08,10.1186/s40659-026-00705-x,https://pubmed.ncbi.nlm.nih.gov/42260650/,0,,2,mitochondrial dysfunction,2,cellular senescence,0,,0,,24.0,0.3636363636363636,59,0.35821107,147,0.2535749422465796,0.5,0.4014299768986318,132,0,0,0,1,0,0,0,5,Moderate,,batch003,,,,,,Study on the mechanism of erectile dysfunction in D-galactose induced aging rats: the construction of aging model.,0,0,0,2,0.4014299768986318,0.6666666666666666,0.0,0.0,0.0,0.0,30.716715858118782,217,Low
42484787,PHLDA3 hypomethylation at the mercy of PTBP1-mediated DNMT3a decay prompts ferroptosis of cardiomyocytes to accelerate microvascular endothelial cell senescence following ischemia/reperfusion injury.,"Myocardial ischemia-reperfusion (I/R) injury is a complex condition characterized by oxidative stress, inflammation, and mitochondrial dysfunction. Ferroptosis, an iron-dependent form of regulated cell death, plays a critical role in cardiomyocyte damage during I/R. Inhibiting ferroptosis has been shown to reduce myocardial injury and improve cardiac function, making it a promising therapeutic target for enhancing clinical outcomes. An in vivo I/R model was established, and infarct size was assessed using triphenyltetrazolium chloride (TTC) staining. Histological changes were analyzed using hematoxylin and eosin (H&E) staining, Masson, immunohistochemistry (IHC), and terminal deoxynucleotidyl transferase dUTP nick-end labeling (TUNEL) assays. Cellular experiments included analyses of reactive oxygen species (ROS), lipid peroxidation, and iron content using specific fluorescent probes, as well as enzymatic markers measured with commercial assay kits. Cell viability and senescence were evaluated using the Cell Counting Kit-8 (CCK-8) assay and senescence-associated β-galactosidase (SA-β-gal) staining, respectively. Mitochondrial ultrastructure was examined using transmission electron microscopy (TEM), while molecular mechanisms, including DNA methylation, were investigated using methylation-specific polymerase chain reaction (MSP). Interactions among pleckstrin homology-like domain family A member 3 (PHLDA3), DNA (cytosine-5)-methyltransferase 3 A (DNMT3a), and polypyrimidine tract binding protein 1 (PTBP1) were evaluated using chromatin immunoprecipitation (ChIP) and RNA pull-down assays. Silencing of PHLDA3 demonstrated protective effects against I/R injury by attenuating cardiomyocyte ferroptosis and cardiac microvascular endothelial cells (CMECs) senescence under hypoxia/reoxygenation (H/R) conditions in vitro and I/R injury in vivo. Mechanistically, downregulated DNMT3a was responsible for PHLDA3 hypomethylation. Furthermore, PTBP1 was identified as an upstream RNA-binding protein that destabilized DNMT3a mRNA during H/R injury, indirectly enhancing PHLDA3 expression. Our findings suggest that PTBP1-mediated DNMT3a downregulation contributes to PHLDA3 hypomethylation, which may promote cardiomyocyte ferroptosis and subsequent microvascular endothelial cell senescence during I/R injury.","Xiaoxiao Hou, Ying Chen, Qixun Xu, Jiaxin Zhong, Yudan Long, Kai Liu",Molecular and cellular biochemistry,2026-07-22,2026 Jul 22,10.1007/s11010-026-05652-5,https://pubmed.ncbi.nlm.nih.gov/42484787/,0,,2,mitochondrial dysfunction,0,,1,myocardial,0,,15.0,0.2272727272727272,132,0.4927898,114,0.5341005218225238,0.3125,0.4011402087290095,133,0,0,0,0,0,0,0,0,Moderate,,batch003,,,,,,PHLDA3 hypomethylation at the mercy of PTBP1-mediated DNMT3a decay prompts ferroptosis of cardiomyocytes to accelerate microvascular endothelial cell senescence following ischemia/reperfusion injury.,0,0,0,2,0.4011402087290095,0.6666666666666666,0.0,0.0,0.0,0.0,30.706573972181992,218,Low
42370305,"Dementia, mood disorders, and aging: Bridging new avenues of care through shared biological pathways.","With advancing age and lifespan throughout the globe in both developed and developing nations, the risk for developing cognitive loss and mood disorders increases significantly to the extent that after reaching the age of 65, this risk almost doubles every 5 years thereafter. As a result, a corresponding rise in non-communicable diseases will impact individuals with dementia and mood disorders involving Alzheimer's disease, multiple sclerosis, depression, and anxiety. On a clinical basis, multiple risk factors and presentations that involve the loss of intellectual capacity with the onset of mental health conditions, mood disorders preceding dementia, sleep fragmentation initiation, perivascular pathway disruptions, and circadian clock dysfunction can occur in both cognitive loss and mood disorders, but a much broader scope of shared underlying cellular pathways form the underpinning for the connection of these disorders that rests upon metabolic disorders, such as diabetes mellitus. Cognitive impairment and mood disorders can precede one another as well as coexist with related co-morbidities that involve metabolic disorders with diabetes mellitus, but present treatment strategies for these disorders are primarily symptomatic in nature and rely upon disease-altering therapies that may slow disease progression but also may be accompanied by disabling complications. Given these challenges, the institution of innovative avenues is critical at this juncture to address the mutual cellular mechanisms for the treatment of disorders involving Alzheimer's disease, multiple sclerosis, depression, and anxiety. The pathways of cell senescence and telomere biology with aging, cellular metabolic dysfunction, apolipoprotein E, oxidative stress, programmed cell death with autophagy, ferroptosis, and pyroptosis, mechanistic target of rapamycin, glucagon-like peptide-1 receptor agonism, mammalian forkhead transcription factors of the ""O"" class, and mitochondrial dynamics offer a compelling potential to bridge these underlying pathways into unifying strategies for transition into efficacious clinical care for dementia and mood disorders. Tempered with this enthusiasm for these mutual disease mechanisms is the complexity of these pathways that will require meticulous oversight of the interdependence among pathway components and their ultimate biological impact on clinical outcomes.",Kenneth Maiese,Aging advances,2026-06-18,2026,10.4103/agingadv.agingadv-d-26-00011,https://pubmed.ncbi.nlm.nih.gov/42370305/,0,,2,mitochondrial dynamics,0,,0,,0,,12.0,0.1818181818181818,136,0.35726655,148,0.2516061168577453,0.25,0.2506424467430981,147,0,0,1,0,0,0,0,2,Moderate,,batch003,,,,,,"Dementia, mood disorders, and aging: Bridging new avenues of care through shared biological pathways.",0,0,1,2,0.2506424467430981,0.6666666666666666,0.0,0.5,0.0,0.0,30.439152302675097,219,Low
42436024,"A new approach to an old disease: Ageing, arrhythmogenic substrate and the role of risk-factor modification in atrial fibrillation.","Atrial fibrillation (AF) prevalence rises sharply with age due to two independent mechanisms. Ageing produces irreversible arrhythmogenic substrate changes through progressive fibrosis, cellular senescence and mitochondrial dysfunction, while modifiable risk factors such as obesity, hypertension, sleep apnoea, diabetes and alcohol use promote atrial remodelling through inflammatory, haemodynamic and metabolic pathways. These comorbidities accumulate with age but operate through distinct mechanisms. Late gadolinium enhancement magnetic resonance imaging now quantifies fibrosis burden, while circulating biomarkers track inflammation, fibrosis and disease activity, and these measures respond to treatment, providing objective evidence of substrate modification. Landmark trials have transformed management. Weight loss of 10% or more when maintained is associated with reduced AF burden. Structured risk-factor management may improve ablation outcomes and is associated with regression of AF type, with some patients moving from persistent back to paroxysmal patterns. These benefits occur across age groups, preventing arrhythmogenic substrate formation in younger patients and likely enabling reduction in AF burden in older adults. Collectively, this evidence positions risk-factor management as the fourth pillar of AF care and shifts AF from an inevitable consequence of ageing to a modifiable chronic disease when delivered effectively.","Udit Thakur, Jonathan M Kalman",Experimental physiology,2026-07-11,2026 Jul 11,10.1113/EP093597,https://pubmed.ncbi.nlm.nih.gov/42436024/,0,,2,mitochondrial dysfunction,1,cellular senescence,0,,0,,18.0,0.2727272727272727,99,0.43716896,136,0.4181604443860606,0.375,0.3922641777544242,135,0,0,0,0,0,0,0,0,Moderate,,batch003,,,,,,"A new approach to an old disease: Ageing, arrhythmogenic substrate and the role of risk-factor modification in atrial fibrillation.",0,0,0,2,0.3922641777544242,0.6666666666666666,0.0,0.0,0.0,0.0,30.395912888071507,220,Low
42439654,Emerging New Pathways in Malignant Neoplasms and Neurodegenerative Disorders: Perspectives for Therapeutics.,"Neurodegenerative disorders such as Alzheimer's disease (AD) and malignant neoplasms are among the most prevalent age-associated diseases worldwide. Although cancer is characterized by uncontrolled proliferation, resistance to apoptosis, and metabolic reprogramming, AD and other neurodegenerative disorders such as Lewy body disease (LBD) including Parkinson's Disease (PD) and fronto-temporal lobar degeneration (FTLD) are defined by synaptic dysfunction, neuronal loss, neuroinflammation, and impaired proteostasis with misfolded protein aggregates. Despite these contrasting phenotypes, converging epidemiological and molecular data support an inverse relationship between cancer and neurodegenerative disorders, whereby a history of cancer is associated with reduced AD risk, whereas AD is linked to a lower incidence of multiple malignancies. These observations suggest that oncogenesis and neurodegeneration may represent divergent outcomes of shared biological processes dysregulated during aging. This conundrum likely reflects differential regulation of core cellular pathways governing cell survival, stress responses, metabolism, and genomic integrity but could also reflect the differential influence of aging pathways and secreted growth factors. Pro-survival and proliferative signaling pathways commonly activated in cancer, including PI3K-AKT-mTOR signaling, altered p53 function, enhanced DNA damage tolerance, and anabolic metabolism, are often impaired in AD, LBD and FTLD, where neurons exhibit heightened vulnerability to stress, mitochondrial dysfunction, defective autophagy, and activation of pro-apoptotic cascades. Conversely, tumor-suppressive mechanisms that restrain proliferation may protect against malignancy but increase susceptibility to degeneration in post-mitotic neurons. Aging-related processes such as cellular senescence, immune dysregulation, and loss of proteostasis may further exert divergent effects in oncogenesis and neurodegeneration. This review aims to clarify associations between specific cancer types and neurodegenerative disorders, examine shared and opposing selected molecular mechanisms linking specific cancers and neurodegeneration, and contextualize these relationships within broader aging pathways (e.g., cell senescence, proteostasis). By integrating epidemiological, mechanistic, and therapeutic perspectives, we highlight unifying biological principles and translational opportunities at the intersection of cancer, neurodegeneration, and aging.","Wolf Wrasidlo, Eliezer Masliah",Cells,2026-06-29,2026 Jun 29,10.3390/cells15131177,https://pubmed.ncbi.nlm.nih.gov/42439654/,0,,2,mitochondrial dysfunction,1,cellular senescence,0,,0,,18.0,0.2727272727272727,99,0.43198383,139,0.4073521866589547,0.375,0.3879408746635818,136,0,0,0,0,0,0,0,0,Moderate,,batch003,,,,,,Emerging New Pathways in Malignant Neoplasms and Neurodegenerative Disorders: Perspectives for Therapeutics.,0,0,0,2,0.3879408746635818,0.6666666666666666,0.0,0.0,0.0,0.0,30.244597279892027,221,Low
42572701,The Immunometabolic Bridge: Targeting Metainflammation to Prevent the Transition from Obesity to Cardiovascular Disease.,"Obesity and cardiovascular disease are linked by more than excess adiposity. They are connected through a chronic, low-grade inflammatory state that determines who progresses from risk to overt disease. We propose that metainflammation, arising from adipose tissue dysfunction and metabolic surplus, constitutes a key immunometabolic bridge between preclinical obesity and clinical cardiovascular disease. A central tenet of this framework is that metainflammation acts as a contributory driver of this transition; however, its pathogenic potential is realized only within a permissive metabolic environment marked by dyslipidaemia, insulin resistance, and genetic susceptibility. The intensity and persistence of this inflammatory state are governed by three interdependent mechanisms: immune cell heterogeneity within adipose tissue, mitochondrial dysfunction with associated redox stress, and cellular senescence driving a pro-inflammatory secretory phenotype-all sustained by impaired resolution pathways. Epidemiological and genetic evidence supports this dual requirement, demonstrating that inflammation requires a conducive metabolic milieu to precipitate clinical events. This conceptual framework translates directly into a tiered clinical strategy: identifying individuals with a high-inflammatory preclinical obesity phenotype, followed by a stepped intervention approach-from lifestyle modification and statins, highlighting their pleiotropic anti-inflammatory effects, to dual-benefit GLP‑1 receptor agonists, and ultimately to senolytic therapies that target the senescent cell root cause. Screening biomarkers such as hsCRP and IL‑6 can help identify high‑risk individuals. By redefining the trajectory from preclinical to clinical obesity as an immunometabolic continuum and providing actionable strategies to dismantle this bridge before end-organ damage, this framework offers a paradigm shift in the primary prevention of obesity-related cardiovascular disease.","Mingqian Wu, Yubo Han, Li Liu",Journal of inflammation research,2026-08-05,2026,10.2147/JIR.S612935,https://pubmed.ncbi.nlm.nih.gov/42572701/,0,,2,mitochondrial dysfunction,2,cellular senescence,1,cardiovascular,0,,27.0,0.4090909090909091,45,0.395818,95,0.2826813264944177,0.4375,0.3755725305977671,73,0,0,0,1,0,0,0,5,Moderate,pubmed_articles.csv,batch_001,canonical_literature_v1,phd_evidence_strength_v1,phd_biological_score_v1,sentence-transformers/all-MiniLM-L6-v2,pubmed_phd_priority_features_v1,,0,0,0,2,0.3755725305977671,0.6666666666666666,0.0,0.0,0.0,0.0,29.811705237588516,222,Peripheral
42645669,"The Reductive Stress Nexus: Integrated Pathways of Metabolic Dysregulation, Senescence and Blood-Brain Barrier Failure in Neurodegenerative Disease and Brain Aging.","Reductive stress refers to a pathological shift toward a more reduced state in one or more defined redox couples, including NAD+/NADH, NADP+/NADPH, and GSSG/GSH, within specific cellular or subcellular compartments. Low-molecular-weight (LMW) thiols, including cysteine, cysteamine, glutathione, homocysteine, and hydrogen sulfide, contribute to cellular redox buffering, thiol-disulfide exchange, and redox-dependent metabolic regulation. Under chronic activation of antioxidant enzymatic systems, expansion of the reduced thiol pool may shift redox homeostasis toward a hyperreduced state, suppress physiological ROS-dependent signaling, and impair protein thiol-disulfide regulation. This review examines the cellular and molecular mechanisms of reductive stress within the neurovascular unit, the functional complex comprising microcapillary endothelial cells, pericytes, astrocytes, and neurons that maintains blood-brain barrier integrity and metabolic coupling. A reductive imbalance disrupts physiological redox signaling, impairs mitochondrial function, induces endoplasmic reticulum stress and the unfolded protein response (UPR), dysregulates ion channels and calcium homeostasis, promotes DNA damage, and activates cellular senescence programs and inflammasomes. Critically, reductive stress is not isolated but forms an integrated pathological network with oxidative, nitrosative, and glycation stresses, creating a self-sustaining cycle of mitochondrial dysfunction, macromolecular damage, and chronic neuroinflammation. Particular attention is given to compartment-specific redox regulation by mitochondrial glutathione and the peroxiredoxin/thioredoxin system, the dual role of ROS as physiological second messengers and mediators of secondary oxidative injury, and the links between hyperreduction, cellular senescence, AGE/RAGE signaling, and BBB dysfunction. We emphasize that reliable identification of reductive stress requires the simultaneous, compartment-resolved assessment of several redox couples and their functional consequences. This review also summarizes experimental approaches for modeling and detecting reductive stress and discusses emerging therapeutic strategies, including xenotopic enzymes, genetically encoded metabolic tools, and NAD+ modulation, aimed at restoring redox homeostasis and slowing neurodegeneration and aging.","Nataliya Kolotyeva, Svetlana Novikova, Eugenia Namiot, Georgij Zembatov, Pavel Tregub, Natalia Rozanova, Vladimir Makarov, Yulia Komleva, Alla Salmina",Cell biochemistry and biophysics,2026-08-26,2026 Aug 26,10.1007/s12013-026-02132-x,https://pubmed.ncbi.nlm.nih.gov/42645669/,0,,2,mitochondrial dysfunction,1,cellular senescence,0,,0,,18.0,0.2727272727272727,75,0.53130674,48,0.5569422639225258,0.25,0.3727769055690103,74,0,0,0,0,0,0,0,0,Moderate,pubmed_articles.csv,batch_001,canonical_literature_v1,phd_evidence_strength_v1,phd_biological_score_v1,sentence-transformers/all-MiniLM-L6-v2,pubmed_phd_priority_features_v1,,0,0,0,2,0.3727769055690103,0.6666666666666666,0.0,0.0,0.0,0.0,29.713858361582023,223,Peripheral
42468575,Palmitoylation in cardiovascular aging and disease: Mechanistic insights and therapeutic opportunities.,"Cardiovascular aging is a major contributor to the development of cardiovascular diseases (CVDs), yet the mechanisms linking metabolic imbalance to age-related cardiovascular dysfunction remain unclear. Protein palmitoylation, a reversible lipid post-translational modification, regulates protein localization, stability, and signaling, but its role in cardiovascular aging has not been systematically defined. Importantly, protein palmitoylation appears to act as a double-edged sword: whereas its physiological regulation is indispensable for cardiovascular homeostasis, aberrant palmitoylation under metabolic stress may drive aging and disease progression. In this review, we summarize current evidence indicating that dysregulated palmitoylation contributes to key features of cardiovascular aging, including mitochondrial dysfunction, impaired autophagy, oxidative stress, and cellular senescence. We further integrate findings across cardiomyocytes, endothelial cells, fibroblasts, and immune cells to highlight the role of palmitoylation in coordinating cellular dysfunction and intercellular communication during cardiovascular aging and disease. We propose a ""palmitoylation-driven metabolic vicious cycle"" that links metabolic disorders to enhanced palmitoylation and progressive cardiovascular injury. In addition, we discuss emerging detection approaches and therapeutic strategies targeting palmitoylation. Overall, this review provides a mechanistic framework linking palmitoylation to cardiovascular aging and disease and identifies potential targets for intervention in aging-related CVDs.","Yuhao Song, Yan Chen, Yiheng Liu, Wenting Peng, Shengxi Gu, Qihang Kong, Zhewei Zhang, Xiaoqiang Tang, Xiaojing Liu, Ye Zhu",Ageing research reviews,2026-07-17,2026 Oct,10.1016/j.arr.2026.103261,https://pubmed.ncbi.nlm.nih.gov/42468575/,0,,2,mitochondrial dysfunction,1,cellular senescence,1,cardiovascular,0,,21.0,0.3181818181818182,67,0.48397267,65,0.4611270219290753,0.3125,0.3719508087716301,75,0,0,0,0,0,0,0,0,Moderate,pubmed_articles.csv,batch_001,canonical_literature_v1,phd_evidence_strength_v1,phd_biological_score_v1,sentence-transformers/all-MiniLM-L6-v2,pubmed_phd_priority_features_v1,,0,0,0,2,0.3719508087716301,0.6666666666666666,0.0,0.0,0.0,0.0,29.684944973673723,224,Peripheral
42576130,Preserving joint healthspan in knee osteoarthritis: a geroscience-guided review of non-surgical therapies and genicular artery embolization.,"Knee osteoarthritis (KOA) is a leading cause of late-life pain, mobility loss, and disability, and is increasingly recognized as a phenotype-dependent manifestation of joint aging rather than a purely mechanical disorder. Cellular senescence, inflammaging, mitochondrial dysfunction, synovial inflammation, vascular remodeling, and impaired repair capacity converge to shape KOA symptoms and progression. This narrative review synthesizes evidence on conservative and minimally invasive KOA therapies within a geroscience-guided, phenotype-informed framework. A structured search of PubMed/MEDLINE and Embase from January 2010 to May 2026 identified randomized trials, meta-analyses, guidelines, position statements, and high-quality observational studies evaluating lifestyle interventions, pharmacologic and nutritional strategies, intra-articular therapies, genicular nerve ablation, and genicular artery embolization (GAE). Weight reduction, exercise, and education remain core joint healthspan interventions, with consistent evidence for pain reduction, functional benefit, and favorable systemic effects on inflammation and metabolism. Pharmacologic analgesia, intra-articular corticosteroids, and hyaluronic acid are best interpreted as symptom modulators, while platelet-rich plasma, autologous conditioned serum, and mesenchymal stromal/stem cell-based approaches remain limited by heterogeneity and insufficient long-term structural data. Genicular nerve ablation may support functional longevity through pain control without structural modification. GAE is biologically plausible for synovitis/hypervascularity-dominant KOA, but sham-controlled evidence remains inconsistent. Future trials should distinguish symptomatic relief from true modification of joint aging biology.","Ákos Bérczi, Fanni É Szablics, Dóra Hámori, Edit Dósa, Gergő Merkely, Mark Little, Zoltán Ungvári, György Nagy",GeroScience,2026-08-10,2026 Aug 10,10.1007/s11357-026-02467-6,https://pubmed.ncbi.nlm.nih.gov/42576130/,0,,2,mitochondrial dysfunction,2,cellular senescence,0,,0,,24.0,0.3636363636363636,59,0.433908,88,0.3597844061055841,0.375,0.3689137624422336,76,0,0,0,1,0,0,0,5,Moderate,pubmed_articles.csv,batch_001,canonical_literature_v1,phd_evidence_strength_v1,phd_biological_score_v1,sentence-transformers/all-MiniLM-L6-v2,pubmed_phd_priority_features_v1,,0,0,0,2,0.3689137624422336,0.6666666666666666,0.0,0.0,0.0,0.0,29.578648352144842,225,Peripheral
42140386,Immune profile and mitochondrial alterations driven by age and HIV infection: Associations with T-cell senescence in people with HIV receiving suppressive antiretroviral therapy.,"Antiretroviral therapy (ART) has significantly extended the life expectancy of people with HIV (PWH), rendering population ageing and immunosenescence prominent clinical priorities. T-cell senescence is linked to mitochondrial dysfunction and drives age-related immune remodelling, yet how HIV infection and ageing jointly shape CD4+ and CD8+ T-cell immunophenotypes and mitochondrial remodelling remains unclear. This cross-sectional study included 61 PWH on suppressive ART for ≥ 12 months and 61 age- and sex-matched HIV-negative men who have sex with men, stratified into younger (≤ 35 years) and older (≥ 50 years) groups. Multiparameter flow cytometry was used to profile CD4+ and CD8+ T-cell differentiation, stemness, activation/exhaustion, and metabolic phenotypes, together with mitochondrial mass and membrane potential. We found that ageing and HIV infection were associated with T-cell remodelling, characterized by expanded late-differentiated phenotypes and reduced stem-like, homeostatic and costimulatory CD4+ and CD8+ T-cell subsets, as indicated by upregulated CD57 and CX3CR1 and downregulated CD45RA+CD31+, FOXO1, and CD28. Notably, younger PWH had an ageing-like CD4+ T-cell profile, with higher CD57, CX3CR1 and TIGIT expression than younger HIV-negative individuals. In contrast, HIV-related CD8+ T-cell perturbations (KLRG1, CXCR3, NKG2C and CD95) were more pronounced in older PWH. PWH exhibited increased mitochondrial mass and membrane potential in both total and senescent-like CD4+ and CD8+ T cells, particularly in CD8+ T cells from older PWH. In CD4+ T cells, KLRG1 and CX3CR1 expression correlated positively with age, and inversely with CD4+ T-cell counts and CD4/CD8 ratio. By contrast, FOXO1 expression in CD8+ T cells was inversely associated with age, late-differentiation markers, and ART duration in PWH. Overall, age is a major driver of T-cell immunosenescence, and HIV infection modulates and exacerbates these alterations. Mitochondrial stress, FOXO1 downregulation and immune network remodelling support a multifaceted model of HIV-associated immune ageing that may contribute to heterogeneous immune reconstitution in PWH, highlighting potential targets to mitigate immune ageing.","Junyan Jin, Xin Zhang, Qianqian Xu, Wei Xia, Hongxia Yan, Hao Wu, Christiane Moog, Tong Zhang, Bin Su",Virologica Sinica,2026-05-14,2026 Jun,10.1016/j.virs.2026.05.001,https://pubmed.ncbi.nlm.nih.gov/42140386/,0,,2,mitochondrial dysfunction,0,,0,,0,,12.0,0.1818181818181818,136,0.49350908,111,0.5355998407630234,0.25,0.3642399363052093,139,0,0,0,0,0,0,0,0,Moderate,,batch003,,,,,,Immune profile and mitochondrial alterations driven by age and HIV infection: Associations with T-cell senescence in people with HIV receiving suppressive antiretroviral therapy.,0,0,0,2,0.3642399363052093,0.6666666666666666,0.0,0.0,0.0,0.0,29.415064437348992,226,Peripheral
42573875,Chronic subdural hematoma through the hallmarks of aging: a geroscience framework for the commonest neurosurgical condition of older adults.,"Chronic subdural hematoma (CSDH) is among the commonest cranial neurosurgical conditions of older adults and is projected, on the basis of incidence modeling, to become the most common cranial neurosurgical condition in adults by 2030. Despite this clinical centrality, CSDH has not been formally examined through the conceptual lens of geroscience. This minireview reframes CSDH as a geroscience disease by mapping its pathogenesis onto the twelve hallmarks of aging articulated by López-Otín and colleagues. Two hallmarks have strong direct support in the existing CSDH literature. Chronic inflammation and altered intercellular communication both manifest in the inflammaging fingerprint of hematoma fluid and in the dysregulated paracrine signaling of the outer neomembrane. Cellular senescence is the most fertile moderate-evidence hallmark. The molecular signature of the senescence-associated secretory phenotype overlaps closely with the cytokine, chemokine, and matrix remodeling milieu of the CSDH cavity, but no study has yet demonstrated senescent cells in resected neomembrane tissue. Mitochondrial dysfunction, deregulated nutrient sensing, and loss of proteostasis have weak inferential support. Four hallmarks, namely, genomic instability, telomere attrition, epigenetic alterations, and stem cell exhaustion, are essentially unstudied in CSDH and are framed as research priorities. Disabled macroautophagy and dysbiosis have recently received initial direct measurements but remain only partially addressed. The 2024 randomized trials of middle meningeal artery embolization, the success of atorvastatin in the ATOCH trial, and emerging senolytic clinical translation collectively suggest that CSDH may be a tractable target for future mechanism-directed gerotherapeutic interventions. The most actionable contribution of this framework is to specify which experiments would convert CSDH from a surgical emergency of older adults into an exemplar of clinical geroscience.",David Zammit Dimech,GeroScience,2026-08-10,2026 Aug 10,10.1007/s11357-026-02470-x,https://pubmed.ncbi.nlm.nih.gov/42573875/,0,,2,mitochondrial dysfunction,2,cellular senescence;senescent cells,0,,0,,24.0,0.3636363636363636,59,0.4272093,91,0.3462246686576629,0.375,0.3634898674630651,77,0,0,0,1,0,0,0,5,Moderate,pubmed_articles.csv,batch_001,canonical_literature_v1,phd_evidence_strength_v1,phd_biological_score_v1,sentence-transformers/all-MiniLM-L6-v2,pubmed_phd_priority_features_v1,,0,0,0,2,0.3634898674630651,0.6666666666666666,0.0,0.0,0.0,0.0,29.388812027873946,227,Peripheral
42500653,Decoding the tumor-aging axis: from bench to clinical.,"Population aging is a major global health challenge and a principal risk factor for cancer. Aging does not simply increase mutational burden; it reshapes tissue homeostasis across genetic, epigenetic, metabolic, immune, and systemic dimensions. Genomic instability, epigenetic drift, mitochondrial dysfunction, and metabolic rewiring collectively establish a tumor-permissive landscape that enhances clonal diversification and lowers the threshold for malignant transformation. Concurrently, accumulation of senescent cells and the senescence-associated secretory phenotype (SASP) remodel the microenvironment, promote immune suppression, and weaken tumor surveillance, further exacerbated by immunosenescence and gut microbiota dysbiosis. Importantly, cancer progression feeds back to accelerate organismal aging. Tumor burden and therapy-induced stress destabilize hematopoietic and non-hematopoietic stem cell niches, disrupt systemic metabolic homeostasis, and induce neuroendocrine reprogramming, thereby amplifying multi-organ functional decline. Aging and cancer therefore constitute a bidirectional and self-reinforcing network rather than a linear cause-effect relationship. In this review, we synthesize mechanistic, clinical, and translational evidence defining the tumor-aging axis and discuss emerging strategies aimed at interrupting this pathogenic cycle.","Yuxin Wang, Guitong Lv, Xinyue Gao, Zheng Jin, Jiani Huang, Zhongyu Wang",Frontiers in immunology,2026-07-10,2026,10.3389/fimmu.2026.1823423,https://pubmed.ncbi.nlm.nih.gov/42500653/,0,,2,mitochondrial dysfunction,2,senescent cells,0,,0,,24.0,0.3636363636363636,59,0.5886715,48,0.7339632301660103,0.5,0.5935852920664041,59,0,0,0,1,0,0,0,5,High,,batch003,,,,,,Decoding the tumor-aging axis: from bench to clinical.,0,0,0,1,0.5935852920664041,0.3333333333333333,0.0,0.0,0.0,0.0,29.10881855565747,228,Peripheral
42698274,Secreted Frizzled-Related Protein 2 (SFRP2) Induces Follistatin-Like 1 (FSTL1) to Regulate Dihydrotestosterone (DHT)-Induced Dermal Papilla Cell Mitochondrial Dysfunction and Senescence.,"Androgenetic alopecia (AGA) is the most common form of non-scarring hair loss, driven by genetic factors and increased sensitivity of scalp hair follicles to dihydrotestosterone (DHT), which causes progressive miniaturization of dermal papilla cells and shortens the hair growth phase. The precise molecular pathogenesis of AGA remains incompletely understood. The study aimed to elucidate the regulatory mechanism between secreted frizzled-related protein 2 (SFRP2) and follistatin-like 1 (FSTL1), explore their impact on DHT-induced mitochondrial dysfunction and senescence in dermal papilla cells (DPCs), elucidate the effect of the SFRP2-FSTL1 axis on oxidative stress-related DPCs changes, and identify new therapeutic targets for AGA treatment. In the study, SFRP2 was highly expressed in the DPCs of AGA patients. Knocking down SFRP2 improved hair regeneration and follicle morphology within AGA model mice, promoting proliferation, migration, and invasion of DPCs in vitro. SFRP2 knockdown also alleviated inflammation, senescence, mitochondrial dysfunction, and oxidative stress. SFRP2 was found to bind to FSTL1, thereby promoting FSTL1 protein stability. Knocking down FSTL1 counteracted the negative effects of SFRP2 overexpression in vitro. In conclusion, SFRP2 emerges as a critical regulator in AGA by promoting stability and activity of FSTL1, establishing a novel SFRP2-FSTL1 axis that exacerbates DHT-driven pathogenic changes in DPCs. These findings identify SFRP2 and FSTL1 as key mediators of androgen-induced cellular dysfunction and suggest that disrupting this axis could offer a promising therapeutic strategy for slowing or reversing the progression of AGA.","Youming Huang, Qiong Bian, Yeyu Shen, Xiaoxia Ding, Yan Teng, Danfeng Xu, Xianhong Yang, Yibin Fan",Aging cell,,2026 Sep,10.1111/acel.70666,https://pubmed.ncbi.nlm.nih.gov/42698274/,0,,3,mitochondrial dysfunction,0,,0,,0,,18.0,0.2727272727272727,75,0.50154614,60,0.4966998404235474,0.25,0.3486799361694189,81,0,0,0,0,0,0,0,0,Moderate,pubmed_articles.csv,batch_001,canonical_literature_v1,phd_evidence_strength_v1,phd_biological_score_v1,sentence-transformers/all-MiniLM-L6-v2,pubmed_phd_priority_features_v1,,0,0,0,2,0.3486799361694189,0.6666666666666666,0.0,0.0,0.0,0.0,28.870464432596325,229,Peripheral
42037130,"Adipose as a Driver, Not a Bystander: A Modern Synthesis of Obesity-Related Erectile Dysfunction.","BACKGROUND: Obesity and erectile dysfunction (ED) are increasingly co-prevalent, yet adipose tissue is often viewed as a secondary contributor rather than a primary driver of erectile impairment. OBJECTIVE: To evaluate an adipose-centric framework in which depot-specific adipose dysfunction regulates vascular, neuroendocrine, and smooth muscle processes essential for erection. METHODS: A narrative synthesis of mechanistic, preclinical, and clinical studies was conducted, focusing on inflammation, cellular senescence, extracellular vesicle signaling, ferroptosis, mitochondrial dysfunction, and glycocalyx injury across visceral, perivascular, and periprostatic adipose depots. RESULTS: Dysfunctional adipose tissue remodels systemic and local microenvironments through adipokines, cytokines, extracellular vesicle cargo, and oxidized lipid mediators. These processes reduce nitric oxide bioavailability, increase vascular stiffness, disrupt neuroendocrine signaling, and promote cavernosal fibrosis. Perivascular adipose tissue exerts localized effects on penile hemodynamics. Clinical and genetic evidence supports a causal link between central adiposity and ED, while weight loss and adipose-targeted interventions improve erectile outcomes. CONCLUSION: Adipose tissue functions as an upstream regulator of ED pathogenesis. Targeting adipose dysfunction through lifestyle, pharmacological, and emerging strategies such as senolytics and extracellular vesicle modulation may modify disease progression rather than provide symptomatic relief.","Ardie Barry Sailis, Muhamad Alfakri Mat Noh","Diabetes, obesity & metabolism",2026-04-27,2026 Jul,10.1111/dom.70818,https://pubmed.ncbi.nlm.nih.gov/42037130/,0,,2,mitochondrial dysfunction,1,cellular senescence,0,,0,,18.0,0.2727272727272727,99,0.37365305,146,0.2857633154709378,0.375,0.3393053261883751,143,0,0,0,0,0,0,0,0,Moderate,,batch003,,,,,,"Adipose as a Driver, Not a Bystander: A Modern Synthesis of Obesity-Related Erectile Dysfunction.",0,0,0,2,0.3393053261883751,0.6666666666666666,0.0,0.0,0.0,0.0,28.542353083259798,230,Peripheral
42572842,Alterations of actin in aging.,"The actin cytoskeleton is a highly dynamic and evolutionarily conserved multi-protein complex that regulates cellular architecture, mechanics and intracellular organization. Although actin dynamics and organization have been extensively studied in development and some disease contexts, the role of the actin cytoskeleton in aging has only recently begun to be considered. Accumulating evidence across model organisms indicates that aging is accompanied by progressive actin disorganization, which can manifest as filament disassembly, aggregation and mislocalization, impacting cellular homeostasis. In this Review, we synthesize the current understanding of how actin integrity is maintained through chaperone networks, actin-binding proteins, transcriptional programs and post-translational modifications, and how these regulatory layers change during the aging process. We then describe how these changes emerge as links between cytoskeletal decline and core aging hallmarks, including loss of proteostasis, mitochondrial dysfunction and cellular senescence. We further examine how this actin-related cellular dysregulation contributes to age-associated diseases, including neurodegeneration, cancer and muscle degeneration. Finally, we highlight recent studies suggesting that targeted modulation of actin regulatory pathways might preserve cellular resilience and healthspan, while emphasizing the challenges and opportunities in therapeutically targeting such a fundamental cellular system.","Maxim Averbukh, Tiffany Wang, Gilberto Garcia, Ryo Higuchi-Sanabria",Journal of cell science,2026-08-10,2026 Aug 01,10.1242/jcs.264775,https://pubmed.ncbi.nlm.nih.gov/42572842/,0,,2,mitochondrial dysfunction,1,cellular senescence,0,,0,,18.0,0.2727272727272727,75,0.4805348,68,0.4541679679962099,0.25,0.331667187198484,83,0,0,0,0,0,0,0,0,Moderate,pubmed_articles.csv,batch_001,canonical_literature_v1,phd_evidence_strength_v1,phd_biological_score_v1,sentence-transformers/all-MiniLM-L6-v2,pubmed_phd_priority_features_v1,,0,0,0,2,0.331667187198484,0.6666666666666666,0.0,0.0,0.0,0.0,28.275018218613603,231,Peripheral
42429052,Endocrine‑metabolic imbalance drives osteoarthritis: From whole‑joint pathobiology to precision therapy (Review).,"Osteoarthritis (OA) is a chronic degenerative joint disease closely associated with aging and metabolic dysfunction, characterized by cartilage degeneration, synovial inflammation, aberrant subchondral bone remodeling, pain and progressive functional impairment. Beyond mechanical loading, accumulating evidence indicates that OA is increasingly recognized as a whole‑joint disorder shaped by the interplay between local tissue damage and systemic endocrine‑metabolic imbalance. Endocrine factors, including sex hormones, thyroid hormone, melatonin, parathyroid hormone and vitamin D, together with metabolic disturbances, such as obesity, insulin resistance, dysregulated glucose and lipid metabolism and gut microbiota imbalances, can cooperatively remodel the joint microenvironment. Mechanistically, these alterations converge on immuno‑inflammatory amplification, mitochondrial dysfunction, oxidative stress, cellular senescence, metabolic reprogramming and regulated cell death, thereby promoting extracellular matrix degradation, persistent synovitis and uncoupled bone‑cartilage remodeling. The present review systematically summarizes the molecular basis of endocrine‑metabolic crosstalk in OA and discusses emerging therapeutic opportunities targeting hormonal signaling, metabolic pathways, circadian regulation, nutritional support and lifestyle interventions. Nevertheless, the reciprocal interactions among endocrine signals, systemic metabolic abnormalities and local joint pathology remain incompletely understood, and their translation into mechanism‑based clinical stratification remains at an early stage. Thus, targeting endocrine‑metabolic crosstalk may support mechanism‑based phenotyping and subtype‑informed precision therapy for OA, provided that candidate biomarkers and interventions are validated in prospective clinical studies.","Ruhui Yang, Haimin Zeng, Qi Xiao, Yining Xie, Yi Long, Xiang Chen",International journal of molecular medicine,2026-07-10,2026 Sep,10.3892/ijmm.2026.5923,https://pubmed.ncbi.nlm.nih.gov/42429052/,0,,2,mitochondrial dysfunction,1,cellular senescence,0,,0,,18.0,0.2727272727272727,75,0.47633424,71,0.4456650509027082,0.25,0.3282660203610833,84,0,0,0,0,0,0,0,0,Moderate,pubmed_articles.csv,batch_001,canonical_literature_v1,phd_evidence_strength_v1,phd_biological_score_v1,sentence-transformers/all-MiniLM-L6-v2,pubmed_phd_priority_features_v1,,0,0,0,2,0.3282660203610833,0.6666666666666666,0.0,0.0,0.0,0.0,28.15597737930458,232,Peripheral
42676148,Near-Infrared Imaging of Senescence-Associated β-Galactosidase Enables Discovery of a Glycerol-3-Phosphate Dehydrogenase 2-Regulated Neuroprotective Pathway in Alzheimer's Disease.,"Neuronal senescence is increasingly recognized as a contributor to Alzheimer's disease (AD), yet the molecular mechanisms underlying its progression remain incompletely understood. Herein, we introduce XCH-sen, a β-galactosidase (β-Gal)-responsive near-infrared fluorescent probe designed for imaging senescence-associated β-Gal activity in living cells and animals. Utilizing XCH-sen, we identified glycerol-3-phosphate dehydrogenase 2 (GPD2) as a previously unrecognized regulator of neuronal senescence. The deficiency of GPD2 significantly increased β-Gal activity and accelerated neuronal senescence, which was consistent with the results of SA-β-Gal staining. Mechanistically, loss of GPD2 disrupts mitochondrial redox homeostasis, leading to oxidative stress, mitochondrial dysfunction, impaired autophagic flux, and inflammatory activation, which collectively drive activation of the P16/P21/P53 pathway and cell-cycle arrest. In vivo, GPD2 deficiency exacerbates cognitive impairment, neuroinflammation, Aβ accumulation, and neuronal damage in AD models. Together, this work identifies GPD2 as a metabolic regulator of neuronal senescence and demonstrates the utility of molecular imaging in uncovering mechanisms underlying the progression of neurodegenerative diseases.","Chuanhao Xu, Haoyi Liang, Yongjia Chen, Xunkai Wang, Govindaraj Tamil Selvan, Keyu Wang, Qikai Zhu, Yanlong Xing, Kun Dou, Fabiao Yu, Jiao Lu",ACS sensors,2026-08-26,2026 Aug 26,10.1021/acssensors.6c02748,https://pubmed.ncbi.nlm.nih.gov/42676148/,0,,2,mitochondrial dysfunction,0,,0,,0,,12.0,0.1818181818181818,91,0.55624807,43,0.6074293564034492,0.125,0.3179717425613796,85,0,0,0,0,0,0,0,0,Moderate,pubmed_articles.csv,batch_001,canonical_literature_v1,phd_evidence_strength_v1,phd_biological_score_v1,sentence-transformers/all-MiniLM-L6-v2,pubmed_phd_priority_features_v1,,0,0,0,2,0.3179717425613796,0.6666666666666666,0.0,0.0,0.0,0.0,27.795677656314954,233,Peripheral
42473972,Engineering biomaterial-mediated delivery for osteoarthritis: targeting aging mechanisms to reestablish joint homeostasis.,"Biomaterials have emerged as versatile platforms for targeting aging-related pathways in osteoarthritis (OA), owing to their capacity for localized delivery, controlled release, microenvironmental regulation, and tissue repair. OA is a prevalent degenerative joint disease whose incidence continues to rise in aging populations, imposing substantial clinical and socioeconomic burdens. Rather than representing simple mechanical wear, OA is increasingly recognized as a disease closely associated with aging-related biological processes. Cellular senescence, mitochondrial dysfunction, impaired autophagy, and inflammaging disrupt cartilage homeostasis and accelerate joint degeneration. In this context, non-targeted therapies that mainly suppress pain or inflammation are unlikely to achieve durable disease modification, as they do not precisely intervene in the aging-associated drivers that sustain the OA microenvironment. Systemic anti-aging interventions may also be limited by insufficient joint accumulation, off-target effects, and potential adverse responses. Biomaterial-mediated targeting provides a rational strategy to enrich therapeutic cues in diseased joints, regulate aging-related pathways more precisely, and support long-term restoration of joint homeostasis. Platforms based on nanoparticles, natural polymers, and related biomaterials have shown potential to alleviate aging associated phenotypes, restore autophagy, suppress inflammation, and promote cartilage repair. These advances highlight biomaterials not only as delivery vehicles, but also as multifunctional platforms for mechanism driven OA intervention in the context of aging.","Xuehan Tang, Shibo Liu, Hanghang Liu, Yao Liu, Ze He, Qiheng Yang, En Luo",Nanoscale,2026-08-20,2026 Aug 20,10.1039/d6nr01324d,https://pubmed.ncbi.nlm.nih.gov/42473972/,0,,2,mitochondrial dysfunction,1,cellular senescence,0,,0,,18.0,0.2727272727272727,75,0.4514416,80,0.395276518383619,0.25,0.3081106073534476,89,0,0,0,0,0,0,0,0,Moderate,pubmed_articles.csv,batch_001,canonical_literature_v1,phd_evidence_strength_v1,phd_biological_score_v1,sentence-transformers/all-MiniLM-L6-v2,pubmed_phd_priority_features_v1,,0,0,0,2,0.3081106073534476,0.6666666666666666,0.0,0.0,0.0,0.0,27.450537924037334,234,Peripheral
42562163,Acute lung injury in the context of aging: Pathogenetic mechanisms and therapeutic strategies.,"Acute lung injury (ALI) and its severe form, acute respiratory distress syndrome (ARDS), remain major challenges in critical care medicine, characterized by alveolar-capillary barrier disruption, excessive inflammation, and impaired gas exchange. With the growing aging population, aging has emerged as an important determinant of ALI/ARDS susceptibility, progression, and prognosis. Aging promotes pulmonary vulnerability through multiple interconnected mechanisms, including immune dysregulation, chronic inflammation, cellular senescence, mitochondrial dysfunction, and impaired tissue repair capacity, thereby facilitating inflammatory imbalance and defective lung regeneration. This review summarizes the key mechanisms underlying aging-associated susceptibility to ALI and discusses emerging therapeutic strategies targeting aging-related alterations, with emphasis on their translational challenges and clinical implications. These insights may provide new perspectives for the development of precision prevention and treatment approaches for elderly patients with ALI/ARDS.","Jiawang Huang, Zhiying Feng, Jingmin Fu, Jiacheng He, Qixian Ren, Yunfeng Yu, Ling Li, Rong Yu",Ageing research reviews,2026-08-07,2026 Oct,10.1016/j.arr.2026.103289,https://pubmed.ncbi.nlm.nih.gov/42562163/,0,,2,mitochondrial dysfunction,1,cellular senescence,0,,0,,18.0,0.2727272727272727,75,0.43058133,89,0.3530504470126442,0.25,0.2912201788050577,91,0,0,0,0,0,0,0,0,Moderate,pubmed_articles.csv,batch_001,canonical_literature_v1,phd_evidence_strength_v1,phd_biological_score_v1,sentence-transformers/all-MiniLM-L6-v2,pubmed_phd_priority_features_v1,,0,0,0,2,0.2912201788050577,0.6666666666666666,0.0,0.0,0.0,0.0,26.859372924843683,235,Peripheral
42707763,Repair and regeneration across the lifespan: an ontogenetic perspective.,"The capacity for tissue repair and regeneration undergoes a profound and progressive decline across the human lifespan, representing a fundamental driver of aging and chronic disease. This review establishes a comprehensive ontogenetic framework by mapping the continuous biological transition from the flawless, scarless regenerative plasticity of embryonic development to the irreversible fibrotic scarring and organ failure characteristic of senescence. We synthesize the hierarchical collapse of reparative networks across multiple biological scales. Importantly, this ontogenetic decline should not be interpreted as a purely degenerative trajectory but rather as a dynamic systems-level reprogramming in which evolutionary trade-offs prioritize tumor suppression, immune surveillance, and reproductive fitness over long-term regenerative fidelity. Recognizing this adaptive reallocation of biological resources reframes aging not simply as failure but as a predictable recalibration of repair hierarchies. At the molecular and cellular levels, the accumulation of genomic instability, unresolvable DNA damage, and mitochondrial dysfunction gradually overwhelms intracellular quality-control mechanisms. Concurrently, epigenetic drift and chronic, low-grade systemic inflammation (""inflammaging"") dismantle the stem cell niche, driving adult stem cell exhaustion and shifting wound healing away from functional tissue replacement toward maladaptive fibrosis. Furthermore, we examine divergent, organ-specific repair trajectories. By contrasting the severe regenerative restrictions of the adult central nervous system and myocardium with the persistent, yet exhaustible, resilience of the liver, we elucidate the unique intrinsic and microenvironmental barriers that impede structural and functional recovery. Finally, we evaluate the clinical paradigm shift from passive management of age-related degeneration to active restoration of tissue integrity. By integrating systemic geroscience-which addresses the global hallmarks of aging-with targeted bioengineering and in vivo epigenetic modulation, contemporary regenerative medicine seeks to recreate permissive, youthful microenvironments. Ultimately, mastering these ontogenetic principles holds unprecedented potential to reactivate endogenous repair pathways, mitigate multi-organ collapse, and significantly extend human functional healthspan.","Hugo A Barrera-Saldaña, Luis E Fernández-Garza, Fernando Guillen-Silva, Oscar R Fajardo-Ramirez, Rafael Francisco Iñigo Pavlovich, Fermín Valenzuela Gómez-Gallardo, David E Rodriguez-Fuentes, Alexia Y Avila-Villalobos, Silvia A Barrera-Barrera, Rodrigo A Somoza",Frontiers in aging,2026-08-24,2026,10.3389/fragi.2026.1888854,https://pubmed.ncbi.nlm.nih.gov/42707763/,0,,2,mitochondrial dysfunction,0,,0,,0,,12.0,0.1818181818181818,91,0.51346344,56,0.520823246321425,0.125,0.28332929852857,92,0,0,0,0,0,0,0,0,Moderate,pubmed_articles.csv,batch_001,canonical_literature_v1,phd_evidence_strength_v1,phd_biological_score_v1,sentence-transformers/all-MiniLM-L6-v2,pubmed_phd_priority_features_v1,,0,0,0,2,0.28332929852857,0.6666666666666666,0.0,0.0,0.0,0.0,26.583192115166614,236,Peripheral
42654174,Food-Derived Omega-3 Fatty Acids and Cognitive Aging: Integrating Nutritional Neuroscience and Geroscience.,"Within the emerging field of nutritional neuroscience, omega-3 fatty acids are among the most extensively investigated dietary bioactive compounds with potential relevance to cognitive aging. As populations continue to age worldwide, identifying modifiable nutritional factors that support cognitive health has become an important public health priority. Docosahexaenoic acid (DHA) and eicosapentaenoic acid (EPA), obtained primarily from marine sources, are integral components of neuronal membranes and serve as precursors of specialized pro-resolving lipid mediators. This narrative review integrates concepts from nutritional neuroscience and geroscience to examine how dietary omega-3 fatty acids may influence biological pathways involved in age-related cognitive decline. Current evidence suggests that DHA and EPA affect multiple processes linked to brain aging, including neuroinflammation, synaptic plasticity, mitochondrial function, oxidative stress, cerebrovascular integrity, cellular senescence, and gut-brain axis signaling. These mechanisms overlap with several hallmarks of aging and may contribute to the maintenance of cognitive function during later life. Observational studies generally associate higher dietary intake or circulating omega-3 status with better cognitive performance and a lower risk of cognitive decline and dementia. Findings from randomized controlled trials are less consistent, although benefits appear more likely in individuals with low baseline omega-3 status, mild cognitive impairment, or increased biological vulnerability. Beyond their established anti-inflammatory effects, omega-3 fatty acids may influence multiple aging-related pathways, particularly inflammaging, vascular aging, and mitochondrial dysfunction. Although heterogeneity in study design, dosage, intervention timing, and participant characteristics precludes firm conclusions, viewing omega-3 fatty acids through a geroscience lens offers a useful framework for interpreting existing evidence and informing future research. Overall, omega-3 fatty acids represent a promising nutritional strategy for supporting cognitive health across the lifespan, warranting further investigation in well-characterized populations and precision nutrition approaches.","Noémi Mózes, Ágnes Lipécz, Tamás Csípő, Vince Fazekas-Pongor, Dávid Major, Wei Yi Hung, Virág Zábó, Boglárka Csík, Ágnes Fehér, Bálint Bérczi, Lilla Klesch, Mónika Fekete",Nutrients,2026-08-07,2026 Aug 07,10.3390/nu18162594,https://pubmed.ncbi.nlm.nih.gov/42654174/,0,,2,mitochondrial dysfunction,1,cellular senescence,0,,0,,18.0,0.2727272727272727,75,0.37532234,97,0.2411933111448928,0.25,0.2464773244579571,94,0,0,0,0,0,0,0,0,Low,pubmed_articles.csv,batch_001,canonical_literature_v1,phd_evidence_strength_v1,phd_biological_score_v1,sentence-transformers/all-MiniLM-L6-v2,pubmed_phd_priority_features_v1,,0,0,0,2,0.2464773244579571,0.6666666666666666,0.0,0.0,0.0,0.0,25.293373022695164,237,Peripheral
42650821,Mechanisms of Obesity-Related Kidney Disease: From Adipose Depot Biology to the Chymase-Aldosterone and Ghrelin-Leptin Axes.,"Obesity is an increasingly important and modifiable driver of chronic kidney disease (CKD), with effects that extend well beyond its associations with type 2 diabetes, hypertension, and dyslipidemia. To synthesize the evidence that excess adiposity is a causal and modifiable determinant of kidney disease, and to examine how specific adipose depots injure the glomerulus and the tubulointerstitium, and then map these mechanisms onto established and emerging therapies. Throughout, obesity-related kidney disease (ORKD) denotes the full spectrum of diposity-driven renal injury, whereas obesity-related glomerulopathy (ORG) is reserved for the biopsy-defined glomerular lesion. Central, visceral, perirenal and renal-sinus adiposity act first through structural and haemodynamic mechanisms, promoting glomerular hyperfiltration, mechanical renal compression and activation of the adipose-derived renin-angiotensin-aldosterone system (RAAS). In parallel, these depots drive cellular and metabolic injury through lipotoxicity, adipokine imbalance, sterile inflammation, oxidative stress, gut dysbiosis, mitochondrial dysfunction, epigenetic remodelling and cellular senescence. Ectopic lipid accumulation within the renal parenchyma-fatty kidney-offers a unifying description of these changes and is most marked in type 2 diabetes mellitus. These interacting processes converge on podocyte stress, tubular metabolic failure, endothelial dysfunction and interstitial fibrosis, producing a phenotypic continuum that ranges from early albuminuria to obesity-related glomerulopathy and progressive CKD. Within the RAAS limb we highlight two comparatively underappreciated, adiposity-linked routes to injury: adipocyte-derived leptin directly upregulates adrenal aldosterone synthase (CYP11B2), and mast-cell chymase generates angiotensin II independently of angiotensin-converting enzyme, together reinforcing aldosterone- and angiotensin II-mediated damage that conventional RAAS blockade only partially interrupts. We further consider the counter-regulatory ghrelin-leptin axis, in which the suppression of ghrelin that accompanies obesity may withdraw an antioxidant, anti-inflammatory and podocyte-protective signal precisely as leptin-driven glomerular injury intensifies, positioning ghrelin as a plausible modulator and candidate biomarker of obesity-related kidney injury. We also examine how obesity complicates renal risk assessment, drug dosing, dialysis delivery and transplant access. Emerging, mechanism-matched therapies-SGLT2 inhibitors, GLP-1 receptor agonists, finerenone, structured lifestyle intervention, metabolic-bariatric surgery and, most recently, aldosterone synthase inhibitors that suppress the chymase- and leptin-driven aldosterone escaping receptor blockade-now enable a precision cardiovascular-kidney-metabolic framework that aligns adipose-depot biology, biomarkers, histology and treatment response to guide mechanism-based care in ORKD.","Hsuan-Chu Hsu, Li-Jane Shih, Yi-Chou Hou, Kuo-Cheng Lu",Biomolecules,2026-08-08,2026 Aug 08,10.3390/biom16081155,https://pubmed.ncbi.nlm.nih.gov/42650821/,0,,2,mitochondrial dysfunction,1,cellular senescence,1,kidney;cardiovascular,0,,21.0,0.3181818181818182,67,0.25616947,100,0.0,0.3125,0.1875,96,0,0,0,0,0,0,0,0,Low,pubmed_articles.csv,batch_001,canonical_literature_v1,phd_evidence_strength_v1,phd_biological_score_v1,sentence-transformers/all-MiniLM-L6-v2,pubmed_phd_priority_features_v1,,0,0,0,2,0.1875,0.6666666666666666,0.0,0.0,0.0,0.0,23.229166666666664,238,Peripheral
42133166,Brain senescence drives sarcopenia-like transcriptomic remodeling in skeletal muscle.,"Aging is accompanied by a progressive decline in skeletal muscle mass and function, culminating in sarcopenia, a major contributor to frailty, disability, and mortality in older adults. While skeletal muscle aging has traditionally been attributed to cell-autonomous and local tissue mechanisms, increasing evidence suggests that systemic, cell non-autonomous processes play a central role in coordinating aging across organs. The brain, particularly the hypothalamus, has emerged as a key regulator of organismal aging, yet its contribution to skeletal muscle aging remains poorly defined. Here, we tested the hypothesis that senescence confined to the brain is sufficient to induce aging-like molecular remodeling in skeletal muscle via systemic mechanisms. To model brain senescence, young mice were subjected to fractionated whole-brain irradiation (WBI), a well-established approach that induces widespread cellular senescence and neuroinflammation in the brain while sparing peripheral tissues. Two months after WBI, transcriptomic profiling of quadriceps muscle was performed and compared with that of naturally aged mice. WBI-induced robust gene expression changes in skeletal muscle that closely mirrored those observed during chronological aging. Pathway-level analyses revealed marked downregulation of mitochondrial organization, respiratory chain assembly, and metabolic processes, alongside enrichment of remodeling- and stress-associated pathways. Upstream regulator analysis identified FOXO1, FOXO3, KLF15, and STAT3, which are key drivers of muscle catabolism and atrophy, as central mediators of the observed transcriptional program. Semantic similarity analysis further demonstrated a high concordance between WBI-induced and aging-associated biological processes. Collectively, these findings demonstrate that brain senescence is sufficient to drive sarcopenia-like transcriptomic remodeling in skeletal muscle, implicating central nervous system aging as an upstream regulator of peripheral muscle decline. This brain-muscle aging axis may contribute to frailty in individuals with accelerated brain aging and in cancer survivors exposed to cranial irradiation, highlighting brain senescence as a potential therapeutic target to mitigate systemic aging and skeletal muscle dysfunction.","Shoba Ekambaram, Roland Patai, Rafal Gulej, Tamas Kiss, Siva Sai Chandragiri, Dorina Nagy, Kiana Vali Kordestan, Tamas Lakat, Stefano Tarantini, Peter Mukli, Andriy Yabluchanskiy, Anna Ungvari, Zoltán Benyó, Anna Csiszar, Zoltan Ungvari",GeroScience,2026-05-14,2026 Jun,10.1007/s11357-026-02205-y,https://pubmed.ncbi.nlm.nih.gov/42133166/,0,,0,,3,cellular senescence,1,skeletal muscle,1,transcriptomics,24.0,0.3636363636363636,59,0.5371132,84,0.6264914031585,0.5,0.5505965612634001,75,0,0,0,0,0,0,0,0,High,,batch003,,,,,,Brain senescence drives sarcopenia-like transcriptomic remodeling in skeletal muscle.,1,0,0,0,0.5505965612634001,0.0,0.0,0.0,0.3333333333333333,0.0,22.604212977552336,239,Peripheral
42253366,The cellular choreography of brain aging: a neuroimmune network perspective.,"Brain aging is increasingly recognized as a heterogeneous and systems-level process involving dynamic interactions among neuronal, glial, vascular, and immune-associated cell populations. Recent advances in single-cell and spatial omics technologies have revealed diverse cellular aging trajectories, region-specific vulnerabilities, and extensive remodeling of intercellular communication networks across the aging brain. These findings challenge reductionist views of aging and emphasize the importance of understanding how cellular interactions collectively shape neural function and resilience. In this mini-review, we examine brain aging from a neuroimmune and network-based perspective, focusing on how coordinated interactions among neurons, glial cells, and vascular elements regulate tissue homeostasis during aging. We propose the concept of a cellular choreography as a system-level framework for understanding how dynamic interactions among neurons, glial cells, vascular elements, and neuroimmune signaling pathways shape brain aging. Rather than acting independently, these cellular systems continuously coordinate metabolic support, inflammatory responses, synaptic activity, and vascular regulation across the neurovascular unit. Aging progressively alters these interactions, contributing to synaptic dysfunction, glial reactivity, blood-brain barrier impairment, and chronic low-grade inflammation. We further discuss shared molecular programs-including mitochondrial dysfunction, impaired proteostasis, cellular senescence, DNA damage responses, and epigenetic remodeling-that influence multiple cell populations and propagate dysfunction across interconnected cellular networks. Finally, we highlight emerging longitudinal, multiomic, and stem cell-based approaches that are beginning to map cellular aging trajectories across multiple biological scales. Integrating these approaches within systems-level frameworks may improve the identification of early biomarkers and therapeutic targets aimed at promoting resilient and healthy brain aging.","Ludmila Müller, Svetlana Di Benedetto, Viktor Müller",Frontiers in aging neuroscience,2026-05-22,2026,10.3389/fnagi.2026.1848642,https://pubmed.ncbi.nlm.nih.gov/42253366/,0,,2,mitochondrial dysfunction,1,cellular senescence,0,,0,,18.0,0.2727272727272727,99,0.40234482,143,0.3455705034887597,0.375,0.3632282013955039,140,0,0,0,0,0,0,0,0,Moderate,,batch003,,,,,,The cellular choreography of brain aging: a neuroimmune network perspective.,0,0,0,1,0.3632282013955039,0.3333333333333333,0.0,0.0,0.0,0.0,21.04632038217597,240,Peripheral
41467422,Targeting innovative therapeutic approaches to the hallmarks of aging to combat Alzheimer's disease.,"Aging is the leading risk factor for neurodegenerative diseases, including Alzheimer's disease. Mounting evidence implicates twelve interconnected hallmarks of aging, such as genomic instability, mitochondrial dysfunction, cellular senescence, and altered intercellular communication, as core contributors to cognitive decline. In this review, we will first delineate the hallmarks of aging and their mechanistic roles according to their functions in the aging brain and Alzheimer's disease. These hallmarks can be grouped into four major functional clusters: (i) Genomic and epigenomic instability, (ii) proteostasis and organelle dysfunction, (iii) cellular fate and regenerative decline, and (iv) cellular senescence. Then, we provide an overview of innovative therapeutic approaches aimed at modifying these hallmarks, focusing on the emerging paradigm of supplementation of rejuvenation factors that are derived from young plasma, stem cell secretomes, or their derivatives (e.g., extracellular vesicles). Finally, we discuss key aging-related biological factors that can influence Alzheimer's disease progression and evaluate their potential as therapeutic targets.","Michal Izrael, Orli Miriam Frenkel",Neural regeneration research,2025-12-30,2026 Oct 01,10.4103/NRR.NRR-D-25-00966,https://pubmed.ncbi.nlm.nih.gov/41467422/,0,,2,mitochondrial dysfunction,1,cellular senescence,0,,0,,18.0,0.2727272727272727,75,0.5151699,54,0.524277520966562,0.25,0.3597110083866248,79,0,0,0,0,0,0,0,0,Moderate,pubmed_articles.csv,batch_001,canonical_literature_v1,phd_evidence_strength_v1,phd_biological_score_v1,sentence-transformers/all-MiniLM-L6-v2,pubmed_phd_priority_features_v1,,0,0,0,1,0.3597110083866248,0.3333333333333333,0.0,0.0,0.0,0.0,20.923218626865197,241,Peripheral
42663794,The organellar biology of aging: A mitochondrial vantage.,"Aging is a progressive, multi-scale decline in physiological function driven by the accumulation of cellular and molecular damage. Mitochondrial dysfunction has emerged as an established hallmark of aging owing to its critical involvement in bringing about aging-associated changes. Oxidative damage to the organellar genome impairs its function, causing redox imbalance and energy depletion. Concurrently, defective poly (ADP-ribose) polymerase 1 (PARP1) signaling and reduced cellular NAD+ levels affect molecular regulators such as SIRT1 (sirtuin 1) and peroxisome proliferator-activated receptor gamma coactivator 1-alpha, which are central to mitochondrial dynamics and function. This axis does not operate in isolation but instead communicates with other organelles such as the endoplasmic reticulum, lysosome, and peroxisome to facilitate age-related changes. Most intriguingly, mitochondria also generate several retrograde signals to regulate nuclear gene expression, including the transcriptional regulators vital for mitochondrial function and other master regulators of aging. In essence, aging-associated organellar alterations, mitochondrial dysfunction, and inter-organellar crosstalk work in a loop to promote aging progression. More research in the field may unravel the mechanistic details of the organellar crosstalk that works in concert with classical aging pathways to sustain aging progression, which may help promote healthier aging.","Madhusmita Pala, Abinash Nayak, Bandita Rath",Molecular biology reports,2026-08-28,2026 Aug 28,10.1007/s11033-026-12674-1,https://pubmed.ncbi.nlm.nih.gov/42663794/,0,,1,mitochondrial dynamics;mitochondrial dysfunction,0,,0,,0,,6.0,0.0909090909090909,98,0.64308846,8,0.7832146413505414,0.0,0.3132858565402165,86,0,0,1,0,0,0,0,2,Moderate,pubmed_articles.csv,batch_001,canonical_literature_v1,phd_evidence_strength_v1,phd_biological_score_v1,sentence-transformers/all-MiniLM-L6-v2,pubmed_phd_priority_features_v1,,1,0,1,0,0.3132858565402165,0.0,0.0,0.5,0.3333333333333333,0.0,19.298338312240908,242,Peripheral
41542923,Dihydroorotate dehydrogenase (DHODH) regulates trophoblast syncytialization through organelle stress-induced cellular senescence.,"Trophoblast syncytialization is essential for placental function, and its dysregulation contributes to hypertensive disorders of pregnancy (HDPs), which compromise maternal and fetal health. Reduced expression of mitochondrial dihydroorotate dehydrogenase (DHODH) was observed in early-onset HDP placentas in our previous study. Experiments using human trophoblast stem cells demonstrated that DHODH inhibition impairs syncytialization and induces cellular senescence via mitochondrial and endoplasmic reticulum stress, elevating sFlt1/PlGF levels, a hallmark of placental dysfunction in HDPs. Mitochondrial activators quercetin and riboflavin partially reversed these effects. Our findings suggest that DHODH may be a key regulator of trophoblast differentiation by linking organelle stress to cellular senescence.","Kanoko Yoshida, Kazuya Kusama, Ayaka Horiuchi, Yu Kawaguchi, Atsuya Tsuru, Mikihiro Yoshie, Kazuhiro Tamura",FEBS open bio,2026-01-16,2026 Jun,10.1002/2211-5463.70194,https://pubmed.ncbi.nlm.nih.gov/41542923/,0,,0,,3,cellular senescence,0,,0,,18.0,0.2727272727272727,99,0.53945744,81,0.6313779055401552,0.375,0.477551162216062,104,0,0,0,0,0,0,0,0,Moderate,,batch003,,,,,,Dihydroorotate dehydrogenase (DHODH) regulates trophoblast syncytialization through organelle stress-induced cellular senescence.,0,0,0,0,0.477551162216062,0.0,0.0,0.0,0.0,0.0,16.71429067756217,243,Peripheral
42450045,"Advanced Functional Wound Dressings in Precision Surgery: Immunometabolic Reprogramming, Bioadaptive Biomaterials, and Intelligent Regenerative Interfaces.","Postoperative wound complications remain a major cause of morbidity, prolonged hospitalization, increased healthcare costs, and reduced quality of life. While traditional wound dressings functioned primarily as passive barriers against contamination and exudate, advances in wound biology have transformed surgical wound management. Tissue repair is now recognized as a dynamic immunometabolic process involving coordinated interactions among immune cells, stromal populations, extracellular matrix remodeling, mechanotransduction, mitochondrial function, redox balance, microbial ecology, and bioelectrical signaling. Consequently, modern wound dressings are increasingly designed as bioactive systems capable of actively modulating the wound microenvironment. Recent developments in biomaterials science, immunoengineering, nanotechnology, extracellular vesicle biology, bioelectronics, and artificial intelligence have enabled the creation of advanced wound platforms, including stimuli-responsive hydrogels, immunomodulatory biomaterials, nanozyme-based dressings, conductive scaffolds, oxygen-generating matrices, extracellular vesicle-loaded systems, and biosensor-integrated interfaces. Therapeutic strategies are progressively shifting from antimicrobial-focused approaches toward immune-regenerative modulation targeting chronic inflammation, mitochondrial dysfunction, ferroptosis, cellular senescence, and impaired mechanobiological signaling. This review examines emerging surgical wound dressings from mechanistic, translational, and biomaterial perspectives, highlighting current innovations, translational challenges, and future directions. Collectively, these technologies may enable intelligent therapeutic systems capable of sensing and directing tissue regeneration in real time.","Tomasz Urbanowicz, Alessandro Mattina, Judyta Cielecka-Piontek, Giuseppe Maria Raffa, Calogera Pisano, Ewelina Grywalska, Anna Hymos, Mansur Rahnama, Mariusz Kowalewski, Piotr Suwalski, Marek Jemielity, Zbigniew Krasiński",International journal of molecular sciences,2026-06-26,2026 Jun 26,10.3390/ijms27135772,https://pubmed.ncbi.nlm.nih.gov/42450045/,0,,2,mitochondrial dysfunction,1,cellular senescence,0,,0,,18.0,0.2727272727272727,99,0.23656158,150,0.0,0.375,0.2249999999999999,149,0,0,0,0,0,0,0,0,Low,,batch003,,,,,,"Advanced Functional Wound Dressings in Precision Surgery: Immunometabolic Reprogramming, Bioadaptive Biomaterials, and Intelligent Regenerative Interfaces.",0,0,0,1,0.2249999999999999,0.3333333333333333,0.0,0.0,0.0,0.0,16.20833333333333,244,Peripheral
42343432,"Advances in skin aging: integrating epigenetic, cellular, and immune mechanisms for targeted therapy.","As the largest and most externally exposed organ, the skin is particularly vulnerable to aging, rendering skin aging a widespread clinical and aesthetic concern. Driven by both intrinsic and extrinsic factors, skin aging is characterized by progressive functional decline and structural remodeling that compromise barrier integrity, disrupt dermal homeostasis, and ultimately diminish quality of life. At the upstream regulatory level, skin aging-associated epigenetic modifications drive epigenetic drift that compromises transcriptional fidelity and primes cells toward senescence. At the cellular level, regulatory mechanisms converge on cellular senescence and profound mitochondrial remodeling. At the microenvironmental level, the failure of senescent cell clearance (immunosenescence) and the emergence of a chronic pro-inflammatory milieu (inflammaging) create a self-reinforcing immune-inflammatory axis. This axis exacerbates cytokine production, extracellular matrix remodeling, and progressive tissue degeneration. We further highlight emerging mechanism-targeted interventions, including epigenetic and mitochondrial modulators, senotherapeutics, biologics, immunotherapies, regenerative and device-based therapies. A deeper understanding of these interconnected molecular mechanisms and targeted therapies may offer a roadmap for future therapeutic innovation and translational research in skin aging.","Jinxuan Su, Hongzhong Jin",Immunity & ageing : I & A,2026-06-24,2026 Jun 24,10.1186/s12979-026-00578-4,https://pubmed.ncbi.nlm.nih.gov/42343432/,0,,0,,1,cellular senescence,0,,0,,6.0,0.0909090909090909,147,0.54703444,76,0.6471719490450013,0.125,0.3338687796180005,144,0,0,0,0,0,0,0,0,Moderate,,batch003,,,,,,"Advances in skin aging: integrating epigenetic, cellular, and immune mechanisms for targeted therapy.",0,0,0,0,0.3338687796180005,0.0,0.0,0.0,0.0,0.0,11.685407286630015,245,Peripheral
42623148,An Adiponectin Receptor Agonist Dispersed via Nonencapsulative Exosomes Alleviates Aging-Associated Cardiac Dysfunction.,"Aging-related cardiac dysfunction constitutes a major and growing global health challenge with limited effective treatment options. While adiponectin receptor activation has demonstrated cardioprotective potential, its translation into a viable therapy for the senescent heart remains unrealized. In this study, we developed CardiAdip (CAD), an agonist with improved predicted binding affinity for adiponectin receptors. In d-galactose (d-gal)-induced senescent H9c2 cardiomyocytes, CAD attenuated senescence-associated phenotypes and reduced stress-responsive signaling. In naturally aged mice (24 months), oral administration of CAD significantly improved cardiac function, alleviated myocardial hypertrophy and fibrosis, and suppressed molecular hallmarks of cardiac aging. Transcriptomic and molecular analyses indicated that these benefits were mediated through the restoration of mitochondrial-endoplasmic reticulum homeostasis and the alleviation of oxidative stress in aged myocardium. To enable effective systemic administration, we reformulated CAD into a stable aqueous dispersion (CAD-cluster) via exosome-assisted nonencapsulative dispersion. This approach expanded the administration route to intravenous injection and significantly enhanced systemic exposure. Remarkably, intravenous administration of CAD-cluster achieved therapeutic efficacy comparable to high-dose oral CAD while requiring a markedly reduced cumulative dose. Together, these findings identify CAD as an effective therapeutic candidate for aging-related cardiac dysfunction and support nonencapsulative exosome-assisted dispersion as a practical strategy to improve the translational feasibility of poorly soluble membrane-targeted small molecules.","Yin Zhou, Xue Li, Lilei Wang, Penghui Zeng, Yuxiao Zhang, Qi Zhu, Rui Wang, Cong Wang, Xifei Yang, Qi Zhao, Yushuo Feng, Ming Dong",ACS applied materials & interfaces,,2026 Sep 02,10.1021/acsami.6c08909,https://pubmed.ncbi.nlm.nih.gov/42623148/,0,,0,,0,,1,myocardial,1,transcriptomics,6.0,0.0909090909090909,98,0.44863102,81,0.3895872463045023,0.0,0.1558348985218009,99,0,0,0,0,0,0,0,0,Low,pubmed_articles.csv,batch_001,canonical_literature_v1,phd_evidence_strength_v1,phd_biological_score_v1,sentence-transformers/all-MiniLM-L6-v2,pubmed_phd_priority_features_v1,,1,0,0,0,0.1558348985218009,0.0,0.0,0.0,0.3333333333333333,0.0,8.787554781596366,246,Peripheral
42405213,Regulation of T Cell Senescence in Health and Diseases.,"Aging is accompanied by a progressive decline in immune function, a process termed immunosenescence, which affects both innate and adaptive immune compartments. Among these, the adaptive immune system-and particularly T cells-undergoes the most profound functional and phenotypic alterations, critically impairing host defense against infections, cancer, and vaccination responses. The age-associated decline of adaptive immunity is shaped by the divergent senescence pathways of CD4+ helper and CD8+ cytotoxic T cells. While both lineages enter a state of cell-cycle arrest, their distinct immunological roles dictate fundamentally different molecular triggers, metabolic adaptations, and functional outcomes. This review synthesizes these subset-specific differences, highlighting how DNA damage-dependent mechanisms and DNA damage-independent processes drive distinct senescence phenotypes. Furthermore, we discuss how these differences contribute to immune system remodeling during aging and explore emerging therapeutic strategies targeting metabolic and signaling pathways to mitigate T cell senescence.","Sewon Mun, Seungho Choi, Jaemin Kim, Jihyun Kim, Yeonseok Chung",Immune network,2026-06-10,2026 Jun,10.4110/in.2026.26.e27,https://pubmed.ncbi.nlm.nih.gov/42405213/,0,,0,,0,,0,,0,,0.0,0.0,149,0.50782716,104,0.5654454760310539,0.0,0.2261781904124215,148,0,0,0,0,0,0,0,0,Low,,batch003,,,,,,Regulation of T Cell Senescence in Health and Diseases.,0,0,0,0,0.2261781904124215,0.0,0.0,0.0,0.0,0.0,7.916236664434752,247,Peripheral
42193955,Influence of Donor Obesity on Adipose-Derived Stem Cell Function and Therapeutic Efficacy.,"Adipose-derived stem cells (ADSCs) are widely used in regenerative medicine and are considered key effectors underlying the therapeutic efficacy of autologous fat grafting for scarring and skin fibrosis, yet clinical outcomes remain variable. This review examines how obesity alters the adipose microenvironment through chronic inflammation and metabolic dysfunction, resulting in epigenetic changes, mitochondrial impairment, oxidative stress, and premature cellular senescence in ADSCs. ADSCs from obese individuals exhibit reduced stemness, impaired differentiation, and a pro-inflammatory secretome with diminished regenerative capacity. While weight loss may partially reverse these effects, persistent epigenetic and functional memory limits full recovery. This review argues that donor metabolic status is a determinant of ADSC therapeutic potency and discusses key challenges and opportunities for improving regenerative outcomes.","Marva Khalid, Marvin L Frommer, Jeries Abu-Hanna, Benjamin J Langridge, Clara Calero Pages, Laura Awad, Peter E M Butler",Cells,2026-05-21,2026 May 21,10.3390/cells15100946,https://pubmed.ncbi.nlm.nih.gov/42193955/,0,,0,,1,cellular senescence,0,,0,,6.0,0.0909090909090909,147,0.39672792,144,0.3338622333340323,0.125,0.2085448933336129,150,0,0,0,0,0,0,0,0,Low,,batch003,,,,,,Influence of Donor Obesity on Adipose-Derived Stem Cell Function and Therapeutic Efficacy.,0,0,0,0,0.2085448933336129,0.0,0.0,0.0,0.0,0.0,7.29907126667645,248,Peripheral
42543123,Brain aging clocks: From methodological advances to cellular mechanisms.,"Brain aging represents a critical risk factor for neurodegenerative diseases and cognitive decline, yet the measurement of biological brain age remains challenging. Brain aging clocks, which quantify the discrepancy between predicted brain age and chronological age, have emerged as powerful tools for assessing brain health and predicting disease outcomes. Recent advances have transformed these clocks from simple global metrics to sophisticated, multi-modal approaches that capture regional heterogeneity, measure the pace of aging, and achieve cellular resolution. This review examines the methodological evolution of brain aging clocks, including the development of regional brain age gradients, pace-of-aging measurements, and multi-modal integration strategies. We then explore the cellular and molecular mechanisms underlying accelerated brain aging, with particular emphasis on cellular senescence, cell-type-specific aging patterns, vascular dysfunction and blood-brain barrier breakdown, mitochondrial decline, proteostasis failure, synaptic loss, and the accumulation of senescent cells in neurodegenerative conditions. Epigenetic clocks and emerging plasma biomarkers (neurofilament light, GFAP, phosphorylated tau), particularly DNA methylation-based approaches, are discussed in the context of their relationship with neuroimaging markers and cognitive outcomes. Clinical applications are reviewed, including the prediction of neurodegenerative disease, the impact of socioeconomic and geographic disparities on brain aging, and emerging senotherapeutic interventions. Finally, we address current challenges in biomarker standardization, the need for longitudinal validation, and future directions toward precision aging medicine. Together, these advances position brain aging clocks as essential tools for understanding neural aging mechanisms and developing targeted interventions to promote healthy brain aging. SIGNIFICANCE STATEMENT: As populations age globally, predicting who will develop dementia or cognitive decline before symptoms appear has become a critical medical challenge. Brain aging clocks - tools that measure whether a person's brain appears biologically older or younger than their chronological age - offer a promising solution. This review explains how these tools have advanced from simple brain scans to sophisticated methods that detect aging at the level of individual cell types, and how ""zombie cells"" called senescent cells drive accelerated brain aging. We also show that brain aging may be slowed through lifestyle changes and emerging drugs, though robust human efficacy trials are ongoing. These insights open new paths toward earlier diagnosis and personalized treatments for Alzheimer's disease and other brain disorders.",Kyoungho Suk,Experimental gerontology,2026-08-02,2026 Oct 01,10.1016/j.exger.2026.113260,https://pubmed.ncbi.nlm.nih.gov/42543123/,0,,0,,1,cellular senescence;senescent cells,0,,0,,6.0,0.0909090909090909,98,0.45425916,78,0.4009799196172561,0.0,0.1603919678469024,97,0,0,0,0,0,0,0,0,Low,pubmed_articles.csv,batch_001,canonical_literature_v1,phd_evidence_strength_v1,phd_biological_score_v1,sentence-transformers/all-MiniLM-L6-v2,pubmed_phd_priority_features_v1,,0,0,0,0,0.1603919678469024,0.0,0.0,0.0,0.0,0.0,5.613718874641584,249,Peripheral
42413386,A dual-engineered chondrocyte-targeting tetrahedral DNA-based nanoparticle for improved delivery of metformin and alleviation in osteoarthritis.,"Overcoming short intra-articular retention and poor chondrocyte uptake of drugs remains a major challenge for osteoarthritis (OA) therapy. Thereby, we developed a tetrahedral DNA (TDN)-based nano-delivery system (TLM@CAP) via a two-step engineering strategy, involving the introduction of tunable numbers of specific DNA loops to significantly enhance metformin loading capacity, and conjugation with a chondrocyte-affinity peptide (CAP) to confer chondrocyte-targeting capability. The TLM@CAP complex demonstrated improved chondrocyte uptake, prolonged joint retention exceeding 72 h, and deep cartilage penetration. In vivo, TLM@CAP outperformed free metformin in restoring mitochondrial function, reducing cellular senescence, and rebalancing extracellular matrix metabolism via AMPK/mTOR pathway activation in senescent chondrocytes. In an OA rat model, intra-articular TLM@CAP administration effectively alleviated pain, improved gait, and protected against cartilage and subchondral bone destruction. This work not only presents a potent targeted therapeutic strategy for OA but also advances the rational design of TDN-based nanoplatforms for drug delivery.","Qi Han, Fenglin Jiang, Hao Deng, Alimire Alifu, Jiaqi Li, Zhuo Chen, Linlin Deng, Xiaoxiao Cai, Yu Chen, Yunfeng Lin",Biomaterials,2026-07-06,2027 Jan,10.1016/j.biomaterials.2026.124425,https://pubmed.ncbi.nlm.nih.gov/42413386/,0,,0,,1,cellular senescence,1,chondrocyte,0,,9.0,0.1363636363636363,97,0.28629333,99,0.0609777468042959,0.0625,0.0618910987217183,100,0,0,0,0,0,0,0,0,Low,pubmed_articles.csv,batch_001,canonical_literature_v1,phd_evidence_strength_v1,phd_biological_score_v1,sentence-transformers/all-MiniLM-L6-v2,pubmed_phd_priority_features_v1,,0,0,0,0,0.0618910987217183,0.0,0.0,0.0,0.0,0.0,2.1661884552601407,250,Peripheral
